repository,agent_id,ref,head_sha,root,path,mode,object_type,git_object,bytes,worktree_path,physical_exists,physical_bytes,physical_git_object,physical_matches_git,status
SBS_dataScience,P4-A1-SOURCE,origin/agent/p4-crawl-release-v2,3ad43c39dd01933575529e0c81d9809dc64c4e57,crawl,DSJA/project_4/crawl/.gitignore,100644,blob,9dac6f0f873e67bd37592257a5e5b7207188632a,239,/home/sieg/projects-wsl/worktrees/p4-agent1,true,239,9dac6f0f873e67bd37592257a5e5b7207188632a,true,PASS
SBS_dataScience,P4-A1-SOURCE,origin/agent/p4-crawl-release-v2,3ad43c39dd01933575529e0c81d9809dc64c4e57,crawl,DSJA/project_4/crawl/.md,100644,blob,c7fd6f827803e83c0372224af733be98f4e8d46b,27641,/home/sieg/projects-wsl/worktrees/p4-agent1,true,27641,c7fd6f827803e83c0372224af733be98f4e8d46b,true,PASS
SBS_dataScience,P4-A1-SOURCE,origin/agent/p4-crawl-release-v2,3ad43c39dd01933575529e0c81d9809dc64c4e57,crawl,DSJA/project_4/crawl/P4_CLAUDE_CODE_PROMPT_PACK_v2.0.md,100644,blob,c547a914a555a8a21d88e2ba3047141d167b5e12,25214,/home/sieg/projects-wsl/worktrees/p4-agent1,true,25214,c547a914a555a8a21d88e2ba3047141d167b5e12,true,PASS
SBS_dataScience,P4-A1-SOURCE,origin/agent/p4-crawl-release-v2,3ad43c39dd01933575529e0c81d9809dc64c4e57,crawl,DSJA/project_4/crawl/P4_DATASET_SPEC_v2.0.md,100644,blob,a9a72ef07d16880fd1594503605da61ff8a2991d,15494,/home/sieg/projects-wsl/worktrees/p4-agent1,true,15494,a9a72ef07d16880fd1594503605da61ff8a2991d,true,PASS
SBS_dataScience,P4-A1-SOURCE,origin/agent/p4-crawl-release-v2,3ad43c39dd01933575529e0c81d9809dc64c4e57,crawl,DSJA/project_4/crawl/P4_NOTEBOOK_RESTART_READINESS_AUDIT.md,100644,blob,959225a40cc4494c497ce323989dabd747366887,43504,/home/sieg/projects-wsl/worktrees/p4-agent1,true,43504,959225a40cc4494c497ce323989dabd747366887,true,PASS
SBS_dataScience,P4-A1-SOURCE,origin/agent/p4-crawl-release-v2,3ad43c39dd01933575529e0c81d9809dc64c4e57,crawl,DSJA/project_4/crawl/P4_USER_REVIEW_DECISIONS.md,100644,blob,2867f43344a7954ba55ffb07f53450eb7b5b1cf5,1381,/home/sieg/projects-wsl/worktrees/p4-agent1,true,1381,2867f43344a7954ba55ffb07f53450eb7b5b1cf5,true,PASS
SBS_dataScience,P4-A1-SOURCE,origin/agent/p4-crawl-release-v2,3ad43c39dd01933575529e0c81d9809dc64c4e57,crawl,DSJA/project_4/crawl/P4_WAREHOUSE_DDL_v2.0.sql,100644,blob,648e4513ca5d33b43212a08e3ee30ebe28ece452,36992,/home/sieg/projects-wsl/worktrees/p4-agent1,true,36992,648e4513ca5d33b43212a08e3ee30ebe28ece452,true,PASS
SBS_dataScience,P4-A1-SOURCE,origin/agent/p4-crawl-release-v2,3ad43c39dd01933575529e0c81d9809dc64c4e57,crawl,DSJA/project_4/crawl/configs/queryRegistry.yaml,100644,blob,2c7d91935825cee98584f673718d29159532b0ba,2057,/home/sieg/projects-wsl/worktrees/p4-agent1,true,2057,2c7d91935825cee98584f673718d29159532b0ba,true,PASS
SBS_dataScience,P4-A1-SOURCE,origin/agent/p4-crawl-release-v2,3ad43c39dd01933575529e0c81d9809dc64c4e57,crawl,DSJA/project_4/crawl/data/ncs/raw/ncsUnit_20260806.csv,100644,blob,c323702ef4de964932f3d420c4ded16906f38b90,558146,/home/sieg/projects-wsl/worktrees/p4-agent1,true,558146,c323702ef4de964932f3d420c4ded16906f38b90,true,PASS
SBS_dataScience,P4-A1-SOURCE,origin/agent/p4-crawl-release-v2,3ad43c39dd01933575529e0c81d9809dc64c4e57,crawl,DSJA/project_4/crawl/data/ncs/raw/ncsUnit_20260806.utf8.csv,100644,blob,af34f78cf4a4947a6317ce6300c723700b1f0c1d,656966,/home/sieg/projects-wsl/worktrees/p4-agent1,true,656966,af34f78cf4a4947a6317ce6300c723700b1f0c1d,true,PASS
SBS_dataScience,P4-A1-SOURCE,origin/agent/p4-crawl-release-v2,3ad43c39dd01933575529e0c81d9809dc64c4e57,crawl,DSJA/project_4/crawl/docs/audit/APQ_DATE_SEMANTICS.md,100644,blob,89ba939d839d0034ec340318b40b45ef49b174a1,3978,/home/sieg/projects-wsl/worktrees/p4-agent1,true,3978,89ba939d839d0034ec340318b40b45ef49b174a1,true,PASS
SBS_dataScience,P4-A1-SOURCE,origin/agent/p4-crawl-release-v2,3ad43c39dd01933575529e0c81d9809dc64c4e57,crawl,DSJA/project_4/crawl/docs/audit/APQ_PAGINATION_AUDIT.csv,100644,blob,f28371c0b4391e7e278aaa7c1df767d6b6d00289,2001,/home/sieg/projects-wsl/worktrees/p4-agent1,true,2001,f28371c0b4391e7e278aaa7c1df767d6b6d00289,true,PASS
SBS_dataScience,P4-A1-SOURCE,origin/agent/p4-crawl-release-v2,3ad43c39dd01933575529e0c81d9809dc64c4e57,crawl,DSJA/project_4/crawl/docs/audit/APQ_RANGE_SEMANTICS_FINAL.md,100644,blob,d6b2ada079c7b21300bbcba2d4b06471e927ba0c,2388,/home/sieg/projects-wsl/worktrees/p4-agent1,true,2388,d6b2ada079c7b21300bbcba2d4b06471e927ba0c,true,PASS
SBS_dataScience,P4-A1-SOURCE,origin/agent/p4-crawl-release-v2,3ad43c39dd01933575529e0c81d9809dc64c4e57,crawl,DSJA/project_4/crawl/docs/audit/APQ_RANGE_SEMANTICS_TEST.csv,100644,blob,48f24596366a1beb4c40cabd244f9adc69928d43,693,/home/sieg/projects-wsl/worktrees/p4-agent1,true,693,48f24596366a1beb4c40cabd244f9adc69928d43,true,PASS
SBS_dataScience,P4-A1-SOURCE,origin/agent/p4-crawl-release-v2,3ad43c39dd01933575529e0c81d9809dc64c4e57,crawl,DSJA/project_4/crawl/docs/audit/APQ_STATUS_FILTER_AUDIT.csv,100644,blob,476c851dab11b21f45141d5ba9ccd658e11b55c2,510,/home/sieg/projects-wsl/worktrees/p4-agent1,true,510,476c851dab11b21f45141d5ba9ccd658e11b55c2,true,PASS
SBS_dataScience,P4-A1-SOURCE,origin/agent/p4-crawl-release-v2,3ad43c39dd01933575529e0c81d9809dc64c4e57,crawl,DSJA/project_4/crawl/docs/audit/DETAIL_FIELD_COVERAGE.csv,100644,blob,fdc5d9e4ca6e3c3014d1ba61c90825003436e578,8233,/home/sieg/projects-wsl/worktrees/p4-agent1,true,8233,fdc5d9e4ca6e3c3014d1ba61c90825003436e578,true,PASS
SBS_dataScience,P4-A1-SOURCE,origin/agent/p4-crawl-release-v2,3ad43c39dd01933575529e0c81d9809dc64c4e57,crawl,DSJA/project_4/crawl/docs/audit/EXTERNAL_ATS_COVERAGE.csv,100644,blob,8270d83c31f961fe75c5649435aece23793f7a35,727,/home/sieg/projects-wsl/worktrees/p4-agent1,true,727,8270d83c31f961fe75c5649435aece23793f7a35,true,PASS
SBS_dataScience,P4-A1-SOURCE,origin/agent/p4-crawl-release-v2,3ad43c39dd01933575529e0c81d9809dc64c4e57,crawl,DSJA/project_4/crawl/docs/audit/NCS_SOURCE_AUDIT.md,100644,blob,17f8c34222729c378c1462db0a701b86616a0149,6053,/home/sieg/projects-wsl/worktrees/p4-agent1,true,6053,17f8c34222729c378c1462db0a701b86616a0149,true,PASS
SBS_dataScience,P4-A1-SOURCE,origin/agent/p4-crawl-release-v2,3ad43c39dd01933575529e0c81d9809dc64c4e57,crawl,DSJA/project_4/crawl/docs/audit/P0_RECON_REPORT_FINAL.md,100644,blob,42738c521e65c648146532f2a8a5e1b5ccdab61c,10259,/home/sieg/projects-wsl/worktrees/p4-agent1,true,10259,42738c521e65c648146532f2a8a5e1b5ccdab61c,true,PASS
SBS_dataScience,P4-A1-SOURCE,origin/agent/p4-crawl-release-v2,3ad43c39dd01933575529e0c81d9809dc64c4e57,crawl,DSJA/project_4/crawl/docs/audit/SOURCE_POLICY_DECISION.md,100644,blob,66fc3876d6fe055f664da05a5d8313d62cffa653,3591,/home/sieg/projects-wsl/worktrees/p4-agent1,true,3591,66fc3876d6fe055f664da05a5d8313d62cffa653,true,PASS
SBS_dataScience,P4-A1-SOURCE,origin/agent/p4-crawl-release-v2,3ad43c39dd01933575529e0c81d9809dc64c4e57,crawl,DSJA/project_4/crawl/docs/audit/robots_20260806.txt,100644,blob,69652ab67f540a9989f3c1fcda206289c81a03a7,1071,/home/sieg/projects-wsl/worktrees/p4-agent1,true,1071,69652ab67f540a9989f3c1fcda206289c81a03a7,true,PASS
SBS_dataScience,P4-A1-SOURCE,origin/agent/p4-crawl-release-v2,3ad43c39dd01933575529e0c81d9809dc64c4e57,crawl,DSJA/project_4/crawl/fixtures/apq/CalendarScreen_ActivityCalendarEntries.2026-03.recruit.sample.json,100644,blob,5982c738b13aeb4e36313ee1dd691d0f9e4432c4,313317,/home/sieg/projects-wsl/worktrees/p4-agent1,true,313317,5982c738b13aeb4e36313ee1dd691d0f9e4432c4,true,PASS
SBS_dataScience,P4-A1-SOURCE,origin/agent/p4-crawl-release-v2,3ad43c39dd01933575529e0c81d9809dc64c4e57,crawl,DSJA/project_4/crawl/fixtures/ssr/activity_339673.masked.json,100644,blob,ef2b7d6f06cbb1aedb59b984899136f597da371e,30480,/home/sieg/projects-wsl/worktrees/p4-agent1,true,30480,ef2b7d6f06cbb1aedb59b984899136f597da371e,true,PASS
SBS_dataScience,P4-A1-SOURCE,origin/agent/p4-crawl-release-v2,3ad43c39dd01933575529e0c81d9809dc64c4e57,crawl,DSJA/project_4/crawl/fixtures/ssr/activity_339737.masked.json,100644,blob,2f38ec983b034ec37f0f1995d45b7c16ca8e6344,16741,/home/sieg/projects-wsl/worktrees/p4-agent1,true,16741,2f38ec983b034ec37f0f1995d45b7c16ca8e6344,true,PASS
SBS_dataScience,P4-A1-SOURCE,origin/agent/p4-crawl-release-v2,3ad43c39dd01933575529e0c81d9809dc64c4e57,crawl,DSJA/project_4/crawl/fixtures/ssr/activity_339821.masked.json,100644,blob,3876f82bc9b3bd395b36ada1f9ca3dc72bd55bb7,16053,/home/sieg/projects-wsl/worktrees/p4-agent1,true,16053,3876f82bc9b3bd395b36ada1f9ca3dc72bd55bb7,true,PASS
SBS_dataScience,P4-A1-SOURCE,origin/agent/p4-crawl-release-v2,3ad43c39dd01933575529e0c81d9809dc64c4e57,crawl,DSJA/project_4/crawl/notebooks/00RecoverSourceState.ipynb,100644,blob,e2ac504a343e36a2806b44bf863e56681a4e851c,8337,/home/sieg/projects-wsl/worktrees/p4-agent1,true,3249,d39bb8e8d4551a0119fdb720e78f63a0f1b19f4e,false,PASS_WITH_FINDINGS
SBS_dataScience,P4-A1-SOURCE,origin/agent/p4-crawl-release-v2,3ad43c39dd01933575529e0c81d9809dc64c4e57,crawl,DSJA/project_4/crawl/notebooks/01CollectLinkareerIndex.ipynb,100644,blob,1f2660f46be6d501bd9aadad806e5fe3c1e5e916,7936,/home/sieg/projects-wsl/worktrees/p4-agent1,true,3743,b087a35e69e7ab6066936ddd71d7031b9757fe18,false,PASS_WITH_FINDINGS
SBS_dataScience,P4-A1-SOURCE,origin/agent/p4-crawl-release-v2,3ad43c39dd01933575529e0c81d9809dc64c4e57,crawl,DSJA/project_4/crawl/notebooks/02CollectPostingDetail.ipynb,100644,blob,0c60c23b4c4ced8c221833036c8733b1dae2e2ce,8387,/home/sieg/projects-wsl/worktrees/p4-agent1,true,3757,614b2f75a07b3bf06e2735545ac836fda8e95ce3,false,PASS_WITH_FINDINGS
SBS_dataScience,P4-A1-SOURCE,origin/agent/p4-crawl-release-v2,3ad43c39dd01933575529e0c81d9809dc64c4e57,crawl,DSJA/project_4/crawl/notebooks/03CollectPostingAssets.ipynb,100644,blob,ac434ff81b28fd9a036b198dd4be18f03c0a2e33,8459,/home/sieg/projects-wsl/worktrees/p4-agent1,true,3725,189c3554eeaa0705f89cbe408855056f0deec416,false,PASS_WITH_FINDINGS
SBS_dataScience,P4-A1-SOURCE,origin/agent/p4-crawl-release-v2,3ad43c39dd01933575529e0c81d9809dc64c4e57,crawl,DSJA/project_4/crawl/notebooks/04BuildCrawlRelease.ipynb,100644,blob,3d3264fe6629a69fba0229fdf8f9242900588fab,8914,/home/sieg/projects-wsl/worktrees/p4-agent1,true,3155,0a963e5163ca7b737c07077517fb91db6d8ef2ae,false,PASS_WITH_FINDINGS
SBS_dataScience,P4-A1-SOURCE,origin/agent/p4-crawl-release-v2,3ad43c39dd01933575529e0c81d9809dc64c4e57,crawl,DSJA/project_4/crawl/observed_inputs/OBSERVED_INPUT_20260806_01/CHECKSUMS.sha256,100644,blob,af29f417ba563c72790572688342d17d42ed292b,523,/home/sieg/projects-wsl/worktrees/p4-agent1,true,523,8bdaa1b981d96186bbe85af64dee99da6e8d08c4,false,PASS_WITH_FINDINGS
SBS_dataScience,P4-A1-SOURCE,origin/agent/p4-crawl-release-v2,3ad43c39dd01933575529e0c81d9809dc64c4e57,crawl,DSJA/project_4/crawl/observed_inputs/OBSERVED_INPUT_20260806_01/HANDOFF.json,100644,blob,3089624633bc01da4245d9def3ca9f6fac6f9590,817,/home/sieg/projects-wsl/worktrees/p4-agent1,true,818,26b7d0ff0525ff2b82ed57c1b96bd75904f66964,false,PASS_WITH_FINDINGS
SBS_dataScience,P4-A1-SOURCE,origin/agent/p4-crawl-release-v2,3ad43c39dd01933575529e0c81d9809dc64c4e57,crawl,DSJA/project_4/crawl/observed_inputs/OBSERVED_INPUT_20260806_01/known_gaps.json,100644,blob,3dfadf2633cbfdb168bd9d2a546907e06aa4cf97,1170,/home/sieg/projects-wsl/worktrees/p4-agent1,true,1242,99919789ceee7e9a43eab488136db1a5d016441c,false,PASS_WITH_FINDINGS
SBS_dataScience,P4-A1-SOURCE,origin/agent/p4-crawl-release-v2,3ad43c39dd01933575529e0c81d9809dc64c4e57,crawl,DSJA/project_4/crawl/observed_inputs/OBSERVED_INPUT_20260806_01/ncs_source_manifest.jsonl,100644,blob,3c18593c68f441e12e50af71231a245c406411b1,2454,/home/sieg/projects-wsl/worktrees/p4-agent1,true,2454,3c18593c68f441e12e50af71231a245c406411b1,true,PASS
SBS_dataScience,P4-A1-SOURCE,origin/agent/p4-crawl-release-v2,3ad43c39dd01933575529e0c81d9809dc64c4e57,crawl,DSJA/project_4/crawl/observed_inputs/OBSERVED_INPUT_20260806_01/posting_manifest.csv,100644,blob,c5111800709826b2edce5d2dc0c442badad36d64,14082,/home/sieg/projects-wsl/worktrees/p4-agent1,true,14082,c5111800709826b2edce5d2dc0c442badad36d64,true,PASS
SBS_dataScience,P4-A1-SOURCE,origin/agent/p4-crawl-release-v2,3ad43c39dd01933575529e0c81d9809dc64c4e57,crawl,DSJA/project_4/crawl/observed_inputs/OBSERVED_INPUT_20260806_01/posting_manifest.parquet,100644,blob,b6068b16a13cb35b7675e22205f6917cf6945983,8510,/home/sieg/projects-wsl/worktrees/p4-agent1,true,8510,b6068b16a13cb35b7675e22205f6917cf6945983,true,PASS
SBS_dataScience,P4-A1-SOURCE,origin/agent/p4-crawl-release-v2,3ad43c39dd01933575529e0c81d9809dc64c4e57,crawl,DSJA/project_4/crawl/observed_inputs/OBSERVED_INPUT_20260806_01/raw_detail_manifest.jsonl,100644,blob,59cddbf216528d017a3cc529fe8c4e11e5c38d4d,11774,/home/sieg/projects-wsl/worktrees/p4-agent1,true,11774,59cddbf216528d017a3cc529fe8c4e11e5c38d4d,true,PASS
SBS_dataScience,P4-A1-SOURCE,origin/agent/p4-crawl-release-v2,3ad43c39dd01933575529e0c81d9809dc64c4e57,crawl,DSJA/project_4/crawl/releases/CRAWL_20260806_01/CHECKSUMS.sha256,100644,blob,b86714f7c48ea44d8100ad8b01c43cf29b52b978,1232,/home/sieg/projects-wsl/worktrees/p4-agent1,true,1232,b86714f7c48ea44d8100ad8b01c43cf29b52b978,true,PASS
SBS_dataScience,P4-A1-SOURCE,origin/agent/p4-crawl-release-v2,3ad43c39dd01933575529e0c81d9809dc64c4e57,crawl,DSJA/project_4/crawl/releases/CRAWL_20260806_01/HANDOFF.json,100644,blob,89fc52a43899f1b3e9c24690f56348724289f6e6,3008,/home/sieg/projects-wsl/worktrees/p4-agent1,true,3008,89fc52a43899f1b3e9c24690f56348724289f6e6,true,PASS
SBS_dataScience,P4-A1-SOURCE,origin/agent/p4-crawl-release-v2,3ad43c39dd01933575529e0c81d9809dc64c4e57,crawl,DSJA/project_4/crawl/releases/CRAWL_20260806_01/README.md,100644,blob,5b8a92cbc1bbf853862d8809d75ef8025874a78d,2317,/home/sieg/projects-wsl/worktrees/p4-agent1,true,2317,5b8a92cbc1bbf853862d8809d75ef8025874a78d,true,PASS
SBS_dataScience,P4-A1-SOURCE,origin/agent/p4-crawl-release-v2,3ad43c39dd01933575529e0c81d9809dc64c4e57,crawl,DSJA/project_4/crawl/releases/CRAWL_20260806_01/asset_manifest.jsonl,100644,blob,e69de29bb2d1d6434b8b29ae775ad8c2e48c5391,0,/home/sieg/projects-wsl/worktrees/p4-agent1,true,0,e69de29bb2d1d6434b8b29ae775ad8c2e48c5391,true,PASS
SBS_dataScience,P4-A1-SOURCE,origin/agent/p4-crawl-release-v2,3ad43c39dd01933575529e0c81d9809dc64c4e57,crawl,DSJA/project_4/crawl/releases/CRAWL_20260806_01/crawl_manifest.jsonl,100644,blob,c6a53d3fd2d7c4ebd49e12fadaca2d655c4ba3e7,2314,/home/sieg/projects-wsl/worktrees/p4-agent1,true,2314,c6a53d3fd2d7c4ebd49e12fadaca2d655c4ba3e7,true,PASS
SBS_dataScience,P4-A1-SOURCE,origin/agent/p4-crawl-release-v2,3ad43c39dd01933575529e0c81d9809dc64c4e57,crawl,DSJA/project_4/crawl/releases/CRAWL_20260806_01/fixtures/apq/CalendarScreen_ActivityCalendarEntries.2026-03.recruit.sample.json,100644,blob,5982c738b13aeb4e36313ee1dd691d0f9e4432c4,313317,/home/sieg/projects-wsl/worktrees/p4-agent1,true,313317,5982c738b13aeb4e36313ee1dd691d0f9e4432c4,true,PASS
SBS_dataScience,P4-A1-SOURCE,origin/agent/p4-crawl-release-v2,3ad43c39dd01933575529e0c81d9809dc64c4e57,crawl,DSJA/project_4/crawl/releases/CRAWL_20260806_01/fixtures/ssr/activity_339673.masked.json,100644,blob,ef2b7d6f06cbb1aedb59b984899136f597da371e,30480,/home/sieg/projects-wsl/worktrees/p4-agent1,true,30480,ef2b7d6f06cbb1aedb59b984899136f597da371e,true,PASS
SBS_dataScience,P4-A1-SOURCE,origin/agent/p4-crawl-release-v2,3ad43c39dd01933575529e0c81d9809dc64c4e57,crawl,DSJA/project_4/crawl/releases/CRAWL_20260806_01/fixtures/ssr/activity_339737.masked.json,100644,blob,2f38ec983b034ec37f0f1995d45b7c16ca8e6344,16741,/home/sieg/projects-wsl/worktrees/p4-agent1,true,16741,2f38ec983b034ec37f0f1995d45b7c16ca8e6344,true,PASS
SBS_dataScience,P4-A1-SOURCE,origin/agent/p4-crawl-release-v2,3ad43c39dd01933575529e0c81d9809dc64c4e57,crawl,DSJA/project_4/crawl/releases/CRAWL_20260806_01/fixtures/ssr/activity_339821.masked.json,100644,blob,3876f82bc9b3bd395b36ada1f9ca3dc72bd55bb7,16053,/home/sieg/projects-wsl/worktrees/p4-agent1,true,16053,3876f82bc9b3bd395b36ada1f9ca3dc72bd55bb7,true,PASS
SBS_dataScience,P4-A1-SOURCE,origin/agent/p4-crawl-release-v2,3ad43c39dd01933575529e0c81d9809dc64c4e57,crawl,DSJA/project_4/crawl/releases/CRAWL_20260806_01/monthly_coverage.csv,100644,blob,f5b10179fedb3ca8e907f71fce2c9fdc9df21fac,13578,/home/sieg/projects-wsl/worktrees/p4-agent1,true,13578,f5b10179fedb3ca8e907f71fce2c9fdc9df21fac,true,PASS
SBS_dataScience,P4-A1-SOURCE,origin/agent/p4-crawl-release-v2,3ad43c39dd01933575529e0c81d9809dc64c4e57,crawl,DSJA/project_4/crawl/releases/CRAWL_20260806_01/monthly_coverage.parquet,100644,blob,b2e521e75323521bae5d6386e962c725a8240ead,12196,/home/sieg/projects-wsl/worktrees/p4-agent1,true,12196,b2e521e75323521bae5d6386e962c725a8240ead,true,PASS
SBS_dataScience,P4-A1-SOURCE,origin/agent/p4-crawl-release-v2,3ad43c39dd01933575529e0c81d9809dc64c4e57,crawl,DSJA/project_4/crawl/releases/CRAWL_20260806_01/ncs_manifest.jsonl,100644,blob,e69de29bb2d1d6434b8b29ae775ad8c2e48c5391,0,/home/sieg/projects-wsl/worktrees/p4-agent1,true,0,e69de29bb2d1d6434b8b29ae775ad8c2e48c5391,true,PASS
SBS_dataScience,P4-A1-SOURCE,origin/agent/p4-crawl-release-v2,3ad43c39dd01933575529e0c81d9809dc64c4e57,crawl,DSJA/project_4/crawl/releases/CRAWL_20260806_01/query_registry.yaml,100644,blob,2c7d91935825cee98584f673718d29159532b0ba,2057,/home/sieg/projects-wsl/worktrees/p4-agent1,true,2057,2c7d91935825cee98584f673718d29159532b0ba,true,PASS
SBS_dataScience,P4-A1-SOURCE,origin/agent/p4-crawl-release-v2,3ad43c39dd01933575529e0c81d9809dc64c4e57,crawl,DSJA/project_4/crawl/releases/CRAWL_20260806_01/schema_snapshot.json,100644,blob,bd64500cd0d3940f9db434f2dc1a4b183947b2f1,2891,/home/sieg/projects-wsl/worktrees/p4-agent1,true,2891,bd64500cd0d3940f9db434f2dc1a4b183947b2f1,true,PASS
SBS_dataScience,P4-A1-SOURCE,origin/agent/p4-crawl-release-v2,3ad43c39dd01933575529e0c81d9809dc64c4e57,crawl,DSJA/project_4/crawl/releases/CRAWL_20260806_02/CHECKSUMS.sha256,100644,blob,201e4d6b1ac7837de81b28746c286e542f592577,1256,/home/sieg/projects-wsl/worktrees/p4-agent1,true,1256,201e4d6b1ac7837de81b28746c286e542f592577,true,PASS
SBS_dataScience,P4-A1-SOURCE,origin/agent/p4-crawl-release-v2,3ad43c39dd01933575529e0c81d9809dc64c4e57,crawl,DSJA/project_4/crawl/releases/CRAWL_20260806_02/HANDOFF.json,100644,blob,003d4813f904fec4dfcf44839c005cf9db4154ac,3437,/home/sieg/projects-wsl/worktrees/p4-agent1,true,3437,003d4813f904fec4dfcf44839c005cf9db4154ac,true,PASS
SBS_dataScience,P4-A1-SOURCE,origin/agent/p4-crawl-release-v2,3ad43c39dd01933575529e0c81d9809dc64c4e57,crawl,DSJA/project_4/crawl/releases/CRAWL_20260806_02/README.md,100644,blob,5fc2b3ee4b0db6d33778411b574dc057461d6240,2250,/home/sieg/projects-wsl/worktrees/p4-agent1,true,2250,5fc2b3ee4b0db6d33778411b574dc057461d6240,true,PASS
SBS_dataScience,P4-A1-SOURCE,origin/agent/p4-crawl-release-v2,3ad43c39dd01933575529e0c81d9809dc64c4e57,crawl,DSJA/project_4/crawl/releases/CRAWL_20260806_02/asset_manifest.jsonl,100644,blob,e69de29bb2d1d6434b8b29ae775ad8c2e48c5391,0,/home/sieg/projects-wsl/worktrees/p4-agent1,true,0,e69de29bb2d1d6434b8b29ae775ad8c2e48c5391,true,PASS
SBS_dataScience,P4-A1-SOURCE,origin/agent/p4-crawl-release-v2,3ad43c39dd01933575529e0c81d9809dc64c4e57,crawl,DSJA/project_4/crawl/releases/CRAWL_20260806_02/crawl_manifest.jsonl,100644,blob,38ce3ca88698ba9a2e5239186a08fe37d2cfa6f7,3347,/home/sieg/projects-wsl/worktrees/p4-agent1,true,3347,38ce3ca88698ba9a2e5239186a08fe37d2cfa6f7,true,PASS
SBS_dataScience,P4-A1-SOURCE,origin/agent/p4-crawl-release-v2,3ad43c39dd01933575529e0c81d9809dc64c4e57,crawl,DSJA/project_4/crawl/releases/CRAWL_20260806_02/data/ncs/ncsUnit_20260806.csv,100644,blob,c323702ef4de964932f3d420c4ded16906f38b90,558146,/home/sieg/projects-wsl/worktrees/p4-agent1,true,558146,c323702ef4de964932f3d420c4ded16906f38b90,true,PASS
SBS_dataScience,P4-A1-SOURCE,origin/agent/p4-crawl-release-v2,3ad43c39dd01933575529e0c81d9809dc64c4e57,crawl,DSJA/project_4/crawl/releases/CRAWL_20260806_02/data/ncs/ncsUnit_20260806.utf8.csv,100644,blob,af34f78cf4a4947a6317ce6300c723700b1f0c1d,656966,/home/sieg/projects-wsl/worktrees/p4-agent1,true,656966,af34f78cf4a4947a6317ce6300c723700b1f0c1d,true,PASS
SBS_dataScience,P4-A1-SOURCE,origin/agent/p4-crawl-release-v2,3ad43c39dd01933575529e0c81d9809dc64c4e57,crawl,DSJA/project_4/crawl/releases/CRAWL_20260806_02/monthly_coverage.csv,100644,blob,e140365bf3763be1e880640a49ed1d8a7e7cde7e,14690,/home/sieg/projects-wsl/worktrees/p4-agent1,true,14690,e140365bf3763be1e880640a49ed1d8a7e7cde7e,true,PASS
SBS_dataScience,P4-A1-SOURCE,origin/agent/p4-crawl-release-v2,3ad43c39dd01933575529e0c81d9809dc64c4e57,crawl,DSJA/project_4/crawl/releases/CRAWL_20260806_02/monthly_coverage.parquet,100644,blob,c2dbcdfa17b5d07ba2e60bb97ca1f45ef9e5a117,11854,/home/sieg/projects-wsl/worktrees/p4-agent1,true,11854,c2dbcdfa17b5d07ba2e60bb97ca1f45ef9e5a117,true,PASS
SBS_dataScience,P4-A1-SOURCE,origin/agent/p4-crawl-release-v2,3ad43c39dd01933575529e0c81d9809dc64c4e57,crawl,DSJA/project_4/crawl/releases/CRAWL_20260806_02/ncs_manifest.jsonl,100644,blob,3852534ffe7609ac1949a7070451840a460b9764,1359,/home/sieg/projects-wsl/worktrees/p4-agent1,true,1359,3852534ffe7609ac1949a7070451840a460b9764,true,PASS
SBS_dataScience,P4-A1-SOURCE,origin/agent/p4-crawl-release-v2,3ad43c39dd01933575529e0c81d9809dc64c4e57,crawl,DSJA/project_4/crawl/releases/CRAWL_20260806_02/query_registry.yaml,100644,blob,20f1d9be70d3ea09afc8402cc5a39776493f6e32,2765,/home/sieg/projects-wsl/worktrees/p4-agent1,true,2765,20f1d9be70d3ea09afc8402cc5a39776493f6e32,true,PASS
SBS_dataScience,P4-A1-SOURCE,origin/agent/p4-crawl-release-v2,3ad43c39dd01933575529e0c81d9809dc64c4e57,crawl,DSJA/project_4/crawl/releases/CRAWL_20260806_02/schema_snapshot.json,100644,blob,dd40176f90f6f5973f8a9e26d0f25a5314e98365,3294,/home/sieg/projects-wsl/worktrees/p4-agent1,true,3294,dd40176f90f6f5973f8a9e26d0f25a5314e98365,true,PASS
SBS_dataScience,P4-A1-SOURCE,origin/agent/p4-crawl-release-v2,3ad43c39dd01933575529e0c81d9809dc64c4e57,crawl,DSJA/project_4/crawl/releases/CRAWL_20260806_02/stratified_detail_sample_n126.csv,100644,blob,b9b611b9335ed9d42b01fb732b11b189df46f2db,31282,/home/sieg/projects-wsl/worktrees/p4-agent1,true,31282,b9b611b9335ed9d42b01fb732b11b189df46f2db,true,PASS
SBS_dataScience,P4-A1-SOURCE,origin/agent/p4-crawl-release-v2,3ad43c39dd01933575529e0c81d9809dc64c4e57,crawl,DSJA/project_4/crawl/releases/CRAWL_20260806_02/stratified_detail_sample_n126.json,100644,blob,e6b6eace0f05c2e719ad0915c4f0c0cab7bc1a56,88121,/home/sieg/projects-wsl/worktrees/p4-agent1,true,88121,e6b6eace0f05c2e719ad0915c4f0c0cab7bc1a56,true,PASS
SBS_dataScience,P4-A1-SOURCE,origin/agent/p4-crawl-release-v2,3ad43c39dd01933575529e0c81d9809dc64c4e57,crawl,DSJA/project_4/crawl/releases/CRAWL_20260806_02/wayback_survival_audit.csv,100644,blob,b5ae88da68de145d06a8eacee0be12dd4fbf0b4e,208,/home/sieg/projects-wsl/worktrees/p4-agent1,true,208,b5ae88da68de145d06a8eacee0be12dd4fbf0b4e,true,PASS
SBS_dataScience,P4-A1-SOURCE,origin/agent/p4-crawl-release-v2,3ad43c39dd01933575529e0c81d9809dc64c4e57,crawl,DSJA/project_4/crawl/releases/CRAWL_20260806_03/CHECKSUMS.sha256,100644,blob,9eaaf6a628e345cbb71db2d5b03069cf7e843d5a,1434,/home/sieg/projects-wsl/worktrees/p4-agent1,true,1434,9eaaf6a628e345cbb71db2d5b03069cf7e843d5a,true,PASS
SBS_dataScience,P4-A1-SOURCE,origin/agent/p4-crawl-release-v2,3ad43c39dd01933575529e0c81d9809dc64c4e57,crawl,DSJA/project_4/crawl/releases/CRAWL_20260806_03/HANDOFF.json,100644,blob,4ef0dee358ed9e0ac55f01ee8f414708da00d632,3754,/home/sieg/projects-wsl/worktrees/p4-agent1,true,3754,4ef0dee358ed9e0ac55f01ee8f414708da00d632,true,PASS
SBS_dataScience,P4-A1-SOURCE,origin/agent/p4-crawl-release-v2,3ad43c39dd01933575529e0c81d9809dc64c4e57,crawl,DSJA/project_4/crawl/releases/CRAWL_20260806_03/README.md,100644,blob,f29904c99bf6b4918d21fdcf6f3609ec43f1f84d,2343,/home/sieg/projects-wsl/worktrees/p4-agent1,true,2343,f29904c99bf6b4918d21fdcf6f3609ec43f1f84d,true,PASS
SBS_dataScience,P4-A1-SOURCE,origin/agent/p4-crawl-release-v2,3ad43c39dd01933575529e0c81d9809dc64c4e57,crawl,DSJA/project_4/crawl/releases/CRAWL_20260806_03/asset_manifest.jsonl,100644,blob,e69de29bb2d1d6434b8b29ae775ad8c2e48c5391,0,/home/sieg/projects-wsl/worktrees/p4-agent1,true,0,e69de29bb2d1d6434b8b29ae775ad8c2e48c5391,true,PASS
SBS_dataScience,P4-A1-SOURCE,origin/agent/p4-crawl-release-v2,3ad43c39dd01933575529e0c81d9809dc64c4e57,crawl,DSJA/project_4/crawl/releases/CRAWL_20260806_03/data/ncs/ncsUnit_20260806.csv,100644,blob,c323702ef4de964932f3d420c4ded16906f38b90,558146,/home/sieg/projects-wsl/worktrees/p4-agent1,true,558146,c323702ef4de964932f3d420c4ded16906f38b90,true,PASS
SBS_dataScience,P4-A1-SOURCE,origin/agent/p4-crawl-release-v2,3ad43c39dd01933575529e0c81d9809dc64c4e57,crawl,DSJA/project_4/crawl/releases/CRAWL_20260806_03/data/ncs/ncsUnit_20260806.utf8.csv,100644,blob,af34f78cf4a4947a6317ce6300c723700b1f0c1d,656966,/home/sieg/projects-wsl/worktrees/p4-agent1,true,656966,af34f78cf4a4947a6317ce6300c723700b1f0c1d,true,PASS
SBS_dataScience,P4-A1-SOURCE,origin/agent/p4-crawl-release-v2,3ad43c39dd01933575529e0c81d9809dc64c4e57,crawl,DSJA/project_4/crawl/releases/CRAWL_20260806_03/fetch_manifest.jsonl,100644,blob,1d38e366d15dd52f217c64b479e9132f5b947e40,16608,/home/sieg/projects-wsl/worktrees/p4-agent1,true,16608,1d38e366d15dd52f217c64b479e9132f5b947e40,true,PASS
SBS_dataScience,P4-A1-SOURCE,origin/agent/p4-crawl-release-v2,3ad43c39dd01933575529e0c81d9809dc64c4e57,crawl,DSJA/project_4/crawl/releases/CRAWL_20260806_03/monthly_coverage.csv,100644,blob,16510bd6e5b2c6808b58464a051f22381c439eda,17157,/home/sieg/projects-wsl/worktrees/p4-agent1,true,17157,16510bd6e5b2c6808b58464a051f22381c439eda,true,PASS
SBS_dataScience,P4-A1-SOURCE,origin/agent/p4-crawl-release-v2,3ad43c39dd01933575529e0c81d9809dc64c4e57,crawl,DSJA/project_4/crawl/releases/CRAWL_20260806_03/monthly_coverage.parquet,100644,blob,948d5914c9d045cef10f58452feb93d7a0b3277f,12314,/home/sieg/projects-wsl/worktrees/p4-agent1,true,12314,948d5914c9d045cef10f58452feb93d7a0b3277f,true,PASS
SBS_dataScience,P4-A1-SOURCE,origin/agent/p4-crawl-release-v2,3ad43c39dd01933575529e0c81d9809dc64c4e57,crawl,DSJA/project_4/crawl/releases/CRAWL_20260806_03/ncs_manifest.jsonl,100644,blob,80ddfcf364db774d386eebd6ffdc11cabf161518,2176,/home/sieg/projects-wsl/worktrees/p4-agent1,true,2176,80ddfcf364db774d386eebd6ffdc11cabf161518,true,PASS
SBS_dataScience,P4-A1-SOURCE,origin/agent/p4-crawl-release-v2,3ad43c39dd01933575529e0c81d9809dc64c4e57,crawl,DSJA/project_4/crawl/releases/CRAWL_20260806_03/posting_manifest.csv,100644,blob,c5111800709826b2edce5d2dc0c442badad36d64,14082,/home/sieg/projects-wsl/worktrees/p4-agent1,true,14082,c5111800709826b2edce5d2dc0c442badad36d64,true,PASS
SBS_dataScience,P4-A1-SOURCE,origin/agent/p4-crawl-release-v2,3ad43c39dd01933575529e0c81d9809dc64c4e57,crawl,DSJA/project_4/crawl/releases/CRAWL_20260806_03/posting_manifest.parquet,100644,blob,b6068b16a13cb35b7675e22205f6917cf6945983,8510,/home/sieg/projects-wsl/worktrees/p4-agent1,true,8510,b6068b16a13cb35b7675e22205f6917cf6945983,true,PASS
SBS_dataScience,P4-A1-SOURCE,origin/agent/p4-crawl-release-v2,3ad43c39dd01933575529e0c81d9809dc64c4e57,crawl,DSJA/project_4/crawl/releases/CRAWL_20260806_03/query_registry.yaml,100644,blob,20f1d9be70d3ea09afc8402cc5a39776493f6e32,2765,/home/sieg/projects-wsl/worktrees/p4-agent1,true,2765,20f1d9be70d3ea09afc8402cc5a39776493f6e32,true,PASS
SBS_dataScience,P4-A1-SOURCE,origin/agent/p4-crawl-release-v2,3ad43c39dd01933575529e0c81d9809dc64c4e57,crawl,DSJA/project_4/crawl/releases/CRAWL_20260806_03/schema_snapshot.json,100644,blob,0f00afb8de9423b8c8bd765a3434dece989bb807,2174,/home/sieg/projects-wsl/worktrees/p4-agent1,true,2174,0f00afb8de9423b8c8bd765a3434dece989bb807,true,PASS
SBS_dataScience,P4-A1-SOURCE,origin/agent/p4-crawl-release-v2,3ad43c39dd01933575529e0c81d9809dc64c4e57,crawl,DSJA/project_4/crawl/releases/CRAWL_20260806_03/stratified_detail_sample_n126.csv,100644,blob,b9b611b9335ed9d42b01fb732b11b189df46f2db,31282,/home/sieg/projects-wsl/worktrees/p4-agent1,true,31282,b9b611b9335ed9d42b01fb732b11b189df46f2db,true,PASS
SBS_dataScience,P4-A1-SOURCE,origin/agent/p4-crawl-release-v2,3ad43c39dd01933575529e0c81d9809dc64c4e57,crawl,DSJA/project_4/crawl/releases/CRAWL_20260806_03/stratified_detail_sample_n126.json,100644,blob,e6b6eace0f05c2e719ad0915c4f0c0cab7bc1a56,88121,/home/sieg/projects-wsl/worktrees/p4-agent1,true,88121,e6b6eace0f05c2e719ad0915c4f0c0cab7bc1a56,true,PASS
SBS_dataScience,P4-A1-SOURCE,origin/agent/p4-crawl-release-v2,3ad43c39dd01933575529e0c81d9809dc64c4e57,crawl,DSJA/project_4/crawl/releases/CRAWL_20260806_03/wayback_survival_audit.csv,100644,blob,84bfa9da3973e1b9d534bcf452e74bd47d2f3d53,239,/home/sieg/projects-wsl/worktrees/p4-agent1,true,239,84bfa9da3973e1b9d534bcf452e74bd47d2f3d53,true,PASS
SBS_dataScience,P4-A1-SOURCE,origin/agent/p4-crawl-release-v2,3ad43c39dd01933575529e0c81d9809dc64c4e57,crawl,DSJA/project_4/crawl/releases/RECON_20260806_01/CHECKSUMS.sha256,100644,blob,928b72fcceb0035a6649ce6dbc5db9d03522c1b4,1411,/home/sieg/projects-wsl/worktrees/p4-agent1,true,1411,928b72fcceb0035a6649ce6dbc5db9d03522c1b4,true,PASS
SBS_dataScience,P4-A1-SOURCE,origin/agent/p4-crawl-release-v2,3ad43c39dd01933575529e0c81d9809dc64c4e57,crawl,DSJA/project_4/crawl/releases/RECON_20260806_01/HANDOFF.json,100644,blob,8fa3066d44816a7fbbe7d221022d3d85e972cb8f,5433,/home/sieg/projects-wsl/worktrees/p4-agent1,true,5433,8fa3066d44816a7fbbe7d221022d3d85e972cb8f,true,PASS
SBS_dataScience,P4-A1-SOURCE,origin/agent/p4-crawl-release-v2,3ad43c39dd01933575529e0c81d9809dc64c4e57,crawl,DSJA/project_4/crawl/reports/PII_MASKING_AUDIT.csv,100644,blob,7ceffb7cadae0746f7de7ec3f2b28779e31cae06,1031,/home/sieg/projects-wsl/worktrees/p4-agent1,true,1031,7ceffb7cadae0746f7de7ec3f2b28779e31cae06,true,PASS
SBS_dataScience,P4-A1-SOURCE,origin/agent/p4-crawl-release-v2,3ad43c39dd01933575529e0c81d9809dc64c4e57,crawl,DSJA/project_4/crawl/reports/m1/AGENT1_M1_SOURCE_REPORT.json,100644,blob,4e9af28541bfd22e26693948b459a4c868bf9b50,2051,/home/sieg/projects-wsl/worktrees/p4-agent1,true,2051,4e9af28541bfd22e26693948b459a4c868bf9b50,true,PASS
SBS_dataScience,P4-A1-SOURCE,origin/agent/p4-crawl-release-v2,3ad43c39dd01933575529e0c81d9809dc64c4e57,crawl,DSJA/project_4/crawl/reports/m1/AGENT1_M1_SOURCE_REPORT.md,100644,blob,b9db9093d40cda0079e0a9e87ebe345fc10005c6,5418,/home/sieg/projects-wsl/worktrees/p4-agent1,true,5418,b9db9093d40cda0079e0a9e87ebe345fc10005c6,true,PASS
SBS_dataScience,P4-A1-SOURCE,origin/agent/p4-crawl-release-v2,3ad43c39dd01933575529e0c81d9809dc64c4e57,crawl,DSJA/project_4/crawl/reports/m1/AGENT1_NOTEBOOK_MODULE_CALL_MATRIX.csv,100644,blob,4aea3003b56aedfef84ee5448186567f89c8c73e,1353,/home/sieg/projects-wsl/worktrees/p4-agent1,false,,,,PARTIAL
SBS_dataScience,P4-A1-SOURCE,origin/agent/p4-crawl-release-v2,3ad43c39dd01933575529e0c81d9809dc64c4e57,crawl,DSJA/project_4/crawl/runs/notebooks/observed-dev/AGENT1_20260806_01/A1-00-RECOVER/CHECKSUMS.sha256,100644,blob,becbca4bce9ba70b5cd23970e41a4a91ccc4557b,776,/home/sieg/projects-wsl/worktrees/p4-agent1,false,,,,PARTIAL
SBS_dataScience,P4-A1-SOURCE,origin/agent/p4-crawl-release-v2,3ad43c39dd01933575529e0c81d9809dc64c4e57,crawl,DSJA/project_4/crawl/runs/notebooks/observed-dev/AGENT1_20260806_01/A1-00-RECOVER/asset_frontier.csv,100644,blob,b05b22577fab0e6275b0168503857244c678f942,74,/home/sieg/projects-wsl/worktrees/p4-agent1,false,,,,PARTIAL
SBS_dataScience,P4-A1-SOURCE,origin/agent/p4-crawl-release-v2,3ad43c39dd01933575529e0c81d9809dc64c4e57,crawl,DSJA/project_4/crawl/runs/notebooks/observed-dev/AGENT1_20260806_01/A1-00-RECOVER/asset_frontier.parquet,100644,blob,fc16cdf83061ae23f2588b237a36a9009b15a9f8,3246,/home/sieg/projects-wsl/worktrees/p4-agent1,false,,,,PARTIAL
SBS_dataScience,P4-A1-SOURCE,origin/agent/p4-crawl-release-v2,3ad43c39dd01933575529e0c81d9809dc64c4e57,crawl,DSJA/project_4/crawl/runs/notebooks/observed-dev/AGENT1_20260806_01/A1-00-RECOVER/detail_frontier.csv,100644,blob,424cf65f3b21dc53ae839ea69153646c6c27cc4e,13019,/home/sieg/projects-wsl/worktrees/p4-agent1,false,,,,PARTIAL
SBS_dataScience,P4-A1-SOURCE,origin/agent/p4-crawl-release-v2,3ad43c39dd01933575529e0c81d9809dc64c4e57,crawl,DSJA/project_4/crawl/runs/notebooks/observed-dev/AGENT1_20260806_01/A1-00-RECOVER/detail_frontier.parquet,100644,blob,6612a16146adb36e979b831e3e3374ae33a7f36b,12785,/home/sieg/projects-wsl/worktrees/p4-agent1,false,,,,PARTIAL
SBS_dataScience,P4-A1-SOURCE,origin/agent/p4-crawl-release-v2,3ad43c39dd01933575529e0c81d9809dc64c4e57,crawl,DSJA/project_4/crawl/runs/notebooks/observed-dev/AGENT1_20260806_01/A1-00-RECOVER/remaining_months.csv,100644,blob,f1b6000b9fb45c06a2e0b01062d6b1f08023a13b,158,/home/sieg/projects-wsl/worktrees/p4-agent1,false,,,,PARTIAL
SBS_dataScience,P4-A1-SOURCE,origin/agent/p4-crawl-release-v2,3ad43c39dd01933575529e0c81d9809dc64c4e57,crawl,DSJA/project_4/crawl/runs/notebooks/observed-dev/AGENT1_20260806_01/A1-00-RECOVER/resume_state.json,100644,blob,a6b056a9fecef3725b4f1d5c6796fe90960562cc,283,/home/sieg/projects-wsl/worktrees/p4-agent1,false,,,,PARTIAL
SBS_dataScience,P4-A1-SOURCE,origin/agent/p4-crawl-release-v2,3ad43c39dd01933575529e0c81d9809dc64c4e57,crawl,DSJA/project_4/crawl/runs/notebooks/observed-dev/AGENT1_20260806_01/A1-00-RECOVER/stage_manifest.json,100644,blob,3a62f241eaeb873514fd5b6a94aa37e69e37361e,4595,/home/sieg/projects-wsl/worktrees/p4-agent1,false,,,,PARTIAL
SBS_dataScience,P4-A1-SOURCE,origin/agent/p4-crawl-release-v2,3ad43c39dd01933575529e0c81d9809dc64c4e57,crawl,DSJA/project_4/crawl/runs/notebooks/observed-dev/AGENT1_20260806_01/A1-00-RECOVER/stage_metrics.json,100644,blob,c8f88320c963d496321941d6200adf82958fd588,3048,/home/sieg/projects-wsl/worktrees/p4-agent1,false,,,,PARTIAL
SBS_dataScience,P4-A1-SOURCE,origin/agent/p4-crawl-release-v2,3ad43c39dd01933575529e0c81d9809dc64c4e57,crawl,DSJA/project_4/crawl/runs/notebooks/observed-dev/AGENT1_20260806_01/A1-00-RECOVER/stage_quality.csv,100644,blob,f69320256ad21d88681012baffc3c3fec7fac385,356,/home/sieg/projects-wsl/worktrees/p4-agent1,false,,,,PARTIAL
SBS_dataScience,P4-A1-SOURCE,origin/agent/p4-crawl-release-v2,3ad43c39dd01933575529e0c81d9809dc64c4e57,crawl,DSJA/project_4/crawl/runs/notebooks/observed-dev/AGENT1_20260806_01/A1-01-INDEX/CHECKSUMS.sha256,100644,blob,8dbfae2d04807f389ac05d31ca451ab4a1ae21af,536,/home/sieg/projects-wsl/worktrees/p4-agent1,false,,,,PARTIAL
SBS_dataScience,P4-A1-SOURCE,origin/agent/p4-crawl-release-v2,3ad43c39dd01933575529e0c81d9809dc64c4e57,crawl,DSJA/project_4/crawl/runs/notebooks/observed-dev/AGENT1_20260806_01/A1-01-INDEX/fixture_apq_audit.json,100644,blob,fad3d79a5637826440b7adff828424640dd978bd,299,/home/sieg/projects-wsl/worktrees/p4-agent1,false,,,,PARTIAL
SBS_dataScience,P4-A1-SOURCE,origin/agent/p4-crawl-release-v2,3ad43c39dd01933575529e0c81d9809dc64c4e57,crawl,DSJA/project_4/crawl/runs/notebooks/observed-dev/AGENT1_20260806_01/A1-01-INDEX/posting_discovery_index.csv,100644,blob,c8798a33b447b4a247168a5adfaec37910f7c8af,26326,/home/sieg/projects-wsl/worktrees/p4-agent1,false,,,,PARTIAL
SBS_dataScience,P4-A1-SOURCE,origin/agent/p4-crawl-release-v2,3ad43c39dd01933575529e0c81d9809dc64c4e57,crawl,DSJA/project_4/crawl/runs/notebooks/observed-dev/AGENT1_20260806_01/A1-01-INDEX/posting_discovery_index.parquet,100644,blob,d28c97ad5e3712da180f6bfc49c2c945b5e1de6e,5803,/home/sieg/projects-wsl/worktrees/p4-agent1,false,,,,PARTIAL
SBS_dataScience,P4-A1-SOURCE,origin/agent/p4-crawl-release-v2,3ad43c39dd01933575529e0c81d9809dc64c4e57,crawl,DSJA/project_4/crawl/runs/notebooks/observed-dev/AGENT1_20260806_01/A1-01-INDEX/stage_manifest.json,100644,blob,83a969cbaa1e6392a3b84c9d03eea8cfd5dc0b7f,3180,/home/sieg/projects-wsl/worktrees/p4-agent1,false,,,,PARTIAL
SBS_dataScience,P4-A1-SOURCE,origin/agent/p4-crawl-release-v2,3ad43c39dd01933575529e0c81d9809dc64c4e57,crawl,DSJA/project_4/crawl/runs/notebooks/observed-dev/AGENT1_20260806_01/A1-01-INDEX/stage_metrics.json,100644,blob,38d30a9b35bcbe411c627300bb40d0c16650c9ef,2527,/home/sieg/projects-wsl/worktrees/p4-agent1,false,,,,PARTIAL
SBS_dataScience,P4-A1-SOURCE,origin/agent/p4-crawl-release-v2,3ad43c39dd01933575529e0c81d9809dc64c4e57,crawl,DSJA/project_4/crawl/runs/notebooks/observed-dev/AGENT1_20260806_01/A1-01-INDEX/stage_quality.csv,100644,blob,1c3a4b1c667efed791eb1ccd097fd5fc93738cf2,343,/home/sieg/projects-wsl/worktrees/p4-agent1,false,,,,PARTIAL
SBS_dataScience,P4-A1-SOURCE,origin/agent/p4-crawl-release-v2,3ad43c39dd01933575529e0c81d9809dc64c4e57,crawl,DSJA/project_4/crawl/runs/notebooks/observed-dev/AGENT1_20260806_01/A1-02-DETAIL/CHECKSUMS.sha256,100644,blob,135a13f17f53c26ff511f190d58a904305260478,624,/home/sieg/projects-wsl/worktrees/p4-agent1,false,,,,PARTIAL
SBS_dataScience,P4-A1-SOURCE,origin/agent/p4-crawl-release-v2,3ad43c39dd01933575529e0c81d9809dc64c4e57,crawl,DSJA/project_4/crawl/runs/notebooks/observed-dev/AGENT1_20260806_01/A1-02-DETAIL/posting_detail_replay.csv,100644,blob,36a52223b0358b66a62493cc30511bcdc45a1873,24725,/home/sieg/projects-wsl/worktrees/p4-agent1,false,,,,PARTIAL
SBS_dataScience,P4-A1-SOURCE,origin/agent/p4-crawl-release-v2,3ad43c39dd01933575529e0c81d9809dc64c4e57,crawl,DSJA/project_4/crawl/runs/notebooks/observed-dev/AGENT1_20260806_01/A1-02-DETAIL/posting_detail_replay.parquet,100644,blob,a214426d22f467b8d91f50b59ec4885f8afe7b83,27468,/home/sieg/projects-wsl/worktrees/p4-agent1,false,,,,PARTIAL
SBS_dataScience,P4-A1-SOURCE,origin/agent/p4-crawl-release-v2,3ad43c39dd01933575529e0c81d9809dc64c4e57,crawl,DSJA/project_4/crawl/runs/notebooks/observed-dev/AGENT1_20260806_01/A1-02-DETAIL/raw_replay_failures.json,100644,blob,fe51488c7066f6687ef680d6bfaa4f7768ef205c,3,/home/sieg/projects-wsl/worktrees/p4-agent1,false,,,,PARTIAL
SBS_dataScience,P4-A1-SOURCE,origin/agent/p4-crawl-release-v2,3ad43c39dd01933575529e0c81d9809dc64c4e57,crawl,DSJA/project_4/crawl/runs/notebooks/observed-dev/AGENT1_20260806_01/A1-02-DETAIL/raw_replay_metrics.json,100644,blob,6d73702814220b31c8550616d310043cf6eafd29,197,/home/sieg/projects-wsl/worktrees/p4-agent1,false,,,,PARTIAL
SBS_dataScience,P4-A1-SOURCE,origin/agent/p4-crawl-release-v2,3ad43c39dd01933575529e0c81d9809dc64c4e57,crawl,DSJA/project_4/crawl/runs/notebooks/observed-dev/AGENT1_20260806_01/A1-02-DETAIL/stage_manifest.json,100644,blob,1c8799d26e1d2ba5fdc9558dab58a7728e158ead,3884,/home/sieg/projects-wsl/worktrees/p4-agent1,false,,,,PARTIAL
SBS_dataScience,P4-A1-SOURCE,origin/agent/p4-crawl-release-v2,3ad43c39dd01933575529e0c81d9809dc64c4e57,crawl,DSJA/project_4/crawl/runs/notebooks/observed-dev/AGENT1_20260806_01/A1-02-DETAIL/stage_metrics.json,100644,blob,ce1a1e3fc6c17a03fa0c528c8d57379fa60864ce,2206,/home/sieg/projects-wsl/worktrees/p4-agent1,false,,,,PARTIAL
SBS_dataScience,P4-A1-SOURCE,origin/agent/p4-crawl-release-v2,3ad43c39dd01933575529e0c81d9809dc64c4e57,crawl,DSJA/project_4/crawl/runs/notebooks/observed-dev/AGENT1_20260806_01/A1-02-DETAIL/stage_quality.csv,100644,blob,fb9296dfed0701028d1ef40f4d4222b0ed38f007,515,/home/sieg/projects-wsl/worktrees/p4-agent1,false,,,,PARTIAL
SBS_dataScience,P4-A1-SOURCE,origin/agent/p4-crawl-release-v2,3ad43c39dd01933575529e0c81d9809dc64c4e57,crawl,DSJA/project_4/crawl/runs/notebooks/observed-dev/AGENT1_20260806_01/A1-03-ASSET/CHECKSUMS.sha256,100644,blob,7f36b444af97ad2421a2ad038234d9852b131dc3,799,/home/sieg/projects-wsl/worktrees/p4-agent1,false,,,,PARTIAL
SBS_dataScience,P4-A1-SOURCE,origin/agent/p4-crawl-release-v2,3ad43c39dd01933575529e0c81d9809dc64c4e57,crawl,DSJA/project_4/crawl/runs/notebooks/observed-dev/AGENT1_20260806_01/A1-03-ASSET/asset_frontier.csv,100644,blob,f3d25e884b800eb538a1d50943b6ad619afdd494,5634,/home/sieg/projects-wsl/worktrees/p4-agent1,false,,,,PARTIAL
SBS_dataScience,P4-A1-SOURCE,origin/agent/p4-crawl-release-v2,3ad43c39dd01933575529e0c81d9809dc64c4e57,crawl,DSJA/project_4/crawl/runs/notebooks/observed-dev/AGENT1_20260806_01/A1-03-ASSET/asset_frontier.parquet,100644,blob,058d7cd9b1dc807fbe07e41a9a2fb9390d51ca3d,4678,/home/sieg/projects-wsl/worktrees/p4-agent1,false,,,,PARTIAL
SBS_dataScience,P4-A1-SOURCE,origin/agent/p4-crawl-release-v2,3ad43c39dd01933575529e0c81d9809dc64c4e57,crawl,DSJA/project_4/crawl/runs/notebooks/observed-dev/AGENT1_20260806_01/A1-03-ASSET/asset_manifest.jsonl,100644,blob,e69de29bb2d1d6434b8b29ae775ad8c2e48c5391,0,/home/sieg/projects-wsl/worktrees/p4-agent1,false,,,,PARTIAL
SBS_dataScience,P4-A1-SOURCE,origin/agent/p4-crawl-release-v2,3ad43c39dd01933575529e0c81d9809dc64c4e57,crawl,DSJA/project_4/crawl/runs/notebooks/observed-dev/AGENT1_20260806_01/A1-03-ASSET/asset_routing_metrics.json,100644,blob,18cca34343c2a40b93101592ce4dfeed05193c68,144,/home/sieg/projects-wsl/worktrees/p4-agent1,false,,,,PARTIAL
SBS_dataScience,P4-A1-SOURCE,origin/agent/p4-crawl-release-v2,3ad43c39dd01933575529e0c81d9809dc64c4e57,crawl,DSJA/project_4/crawl/runs/notebooks/observed-dev/AGENT1_20260806_01/A1-03-ASSET/ocr_candidate_manifest.csv,100644,blob,6acd3de8265743b7b4c81262502b476b015f480a,3314,/home/sieg/projects-wsl/worktrees/p4-agent1,false,,,,PARTIAL
SBS_dataScience,P4-A1-SOURCE,origin/agent/p4-crawl-release-v2,3ad43c39dd01933575529e0c81d9809dc64c4e57,crawl,DSJA/project_4/crawl/runs/notebooks/observed-dev/AGENT1_20260806_01/A1-03-ASSET/ocr_candidate_manifest.parquet,100644,blob,6ddf882a990ec9ef7a8fb4dcda161d157186d9dc,4489,/home/sieg/projects-wsl/worktrees/p4-agent1,false,,,,PARTIAL
SBS_dataScience,P4-A1-SOURCE,origin/agent/p4-crawl-release-v2,3ad43c39dd01933575529e0c81d9809dc64c4e57,crawl,DSJA/project_4/crawl/runs/notebooks/observed-dev/AGENT1_20260806_01/A1-03-ASSET/stage_manifest.json,100644,blob,52272e3a104ef82ffbcf06580d09cd93c43372fd,4807,/home/sieg/projects-wsl/worktrees/p4-agent1,false,,,,PARTIAL
SBS_dataScience,P4-A1-SOURCE,origin/agent/p4-crawl-release-v2,3ad43c39dd01933575529e0c81d9809dc64c4e57,crawl,DSJA/project_4/crawl/runs/notebooks/observed-dev/AGENT1_20260806_01/A1-03-ASSET/stage_metrics.json,100644,blob,916af0141a2e49241b51a9b3bc3e0d6164fb1d6c,1694,/home/sieg/projects-wsl/worktrees/p4-agent1,false,,,,PARTIAL
SBS_dataScience,P4-A1-SOURCE,origin/agent/p4-crawl-release-v2,3ad43c39dd01933575529e0c81d9809dc64c4e57,crawl,DSJA/project_4/crawl/runs/notebooks/observed-dev/AGENT1_20260806_01/A1-03-ASSET/stage_quality.csv,100644,blob,84d3c90f4937ae23c63b53b10635bdd66bcd5cbb,529,/home/sieg/projects-wsl/worktrees/p4-agent1,false,,,,PARTIAL
SBS_dataScience,P4-A1-SOURCE,origin/agent/p4-crawl-release-v2,3ad43c39dd01933575529e0c81d9809dc64c4e57,crawl,DSJA/project_4/crawl/runs/notebooks/observed-dev/AGENT1_20260806_01/A1-04-RELEASE/CHECKSUMS.sha256,100644,blob,35443e37b28b48966b9175215456187cc04ac0f4,449,/home/sieg/projects-wsl/worktrees/p4-agent1,false,,,,PARTIAL
SBS_dataScience,P4-A1-SOURCE,origin/agent/p4-crawl-release-v2,3ad43c39dd01933575529e0c81d9809dc64c4e57,crawl,DSJA/project_4/crawl/runs/notebooks/observed-dev/AGENT1_20260806_01/A1-04-RELEASE/agent2_validator_result.json,100644,blob,31463578b667522b196c38f2982b43f6f5451f99,173,/home/sieg/projects-wsl/worktrees/p4-agent1,false,,,,PARTIAL
SBS_dataScience,P4-A1-SOURCE,origin/agent/p4-crawl-release-v2,3ad43c39dd01933575529e0c81d9809dc64c4e57,crawl,DSJA/project_4/crawl/runs/notebooks/observed-dev/AGENT1_20260806_01/A1-04-RELEASE/observed_package_validation.json,100644,blob,93b7fc6cc16d3bb2f43527cec0d0d9505f5d438b,277,/home/sieg/projects-wsl/worktrees/p4-agent1,false,,,,PARTIAL
SBS_dataScience,P4-A1-SOURCE,origin/agent/p4-crawl-release-v2,3ad43c39dd01933575529e0c81d9809dc64c4e57,crawl,DSJA/project_4/crawl/runs/notebooks/observed-dev/AGENT1_20260806_01/A1-04-RELEASE/stage_manifest.json,100644,blob,128e6f1cfc5284d5d93a3051198817e2c58d3c34,2999,/home/sieg/projects-wsl/worktrees/p4-agent1,false,,,,PARTIAL
SBS_dataScience,P4-A1-SOURCE,origin/agent/p4-crawl-release-v2,3ad43c39dd01933575529e0c81d9809dc64c4e57,crawl,DSJA/project_4/crawl/runs/notebooks/observed-dev/AGENT1_20260806_01/A1-04-RELEASE/stage_metrics.json,100644,blob,7bed2e97774a39097eb17226bf531e820f55df5e,3756,/home/sieg/projects-wsl/worktrees/p4-agent1,false,,,,PARTIAL
SBS_dataScience,P4-A1-SOURCE,origin/agent/p4-crawl-release-v2,3ad43c39dd01933575529e0c81d9809dc64c4e57,crawl,DSJA/project_4/crawl/runs/notebooks/observed-dev/AGENT1_20260806_01/A1-04-RELEASE/stage_quality.csv,100644,blob,e58812882a43f990e3fdf0d8c64c4e622b9cc1c1,635,/home/sieg/projects-wsl/worktrees/p4-agent1,false,,,,PARTIAL
SBS_dataScience,P4-A1-SOURCE,origin/agent/p4-crawl-release-v2,3ad43c39dd01933575529e0c81d9809dc64c4e57,crawl,DSJA/project_4/crawl/runs/notebooks/observed-dev/AGENT1_20260806_01/NOTEBOOK_EXECUTION_RESULTS.csv,100644,blob,24a56271f1dde5a62cef075269c747a7a4add624,1551,/home/sieg/projects-wsl/worktrees/p4-agent1,false,,,,PARTIAL
SBS_dataScience,P4-A1-SOURCE,origin/agent/p4-crawl-release-v2,3ad43c39dd01933575529e0c81d9809dc64c4e57,crawl,DSJA/project_4/crawl/runs/notebooks/observed-dev/AGENT1_20260806_01/executed/00RecoverSourceState.ipynb,100644,blob,8547f9bb7b5bfe980bda21a067bcad24ee13c10d,11168,/home/sieg/projects-wsl/worktrees/p4-agent1,false,,,,PARTIAL
SBS_dataScience,P4-A1-SOURCE,origin/agent/p4-crawl-release-v2,3ad43c39dd01933575529e0c81d9809dc64c4e57,crawl,DSJA/project_4/crawl/runs/notebooks/observed-dev/AGENT1_20260806_01/executed/01CollectLinkareerIndex.ipynb,100644,blob,20f05c9afb42433d15f3c9a4944d955094a77387,10696,/home/sieg/projects-wsl/worktrees/p4-agent1,false,,,,PARTIAL
SBS_dataScience,P4-A1-SOURCE,origin/agent/p4-crawl-release-v2,3ad43c39dd01933575529e0c81d9809dc64c4e57,crawl,DSJA/project_4/crawl/runs/notebooks/observed-dev/AGENT1_20260806_01/executed/02CollectPostingDetail.ipynb,100644,blob,4987d5ba1f4705561112ecdea0bdac26f730da00,11034,/home/sieg/projects-wsl/worktrees/p4-agent1,false,,,,PARTIAL
SBS_dataScience,P4-A1-SOURCE,origin/agent/p4-crawl-release-v2,3ad43c39dd01933575529e0c81d9809dc64c4e57,crawl,DSJA/project_4/crawl/runs/notebooks/observed-dev/AGENT1_20260806_01/executed/03CollectPostingAssets.ipynb,100644,blob,50e4601090cf31a4a6a3faaee297e7a762c5fe21,11028,/home/sieg/projects-wsl/worktrees/p4-agent1,false,,,,PARTIAL
SBS_dataScience,P4-A1-SOURCE,origin/agent/p4-crawl-release-v2,3ad43c39dd01933575529e0c81d9809dc64c4e57,crawl,DSJA/project_4/crawl/runs/notebooks/observed-dev/AGENT1_20260806_01/executed/04BuildCrawlRelease.ipynb,100644,blob,54cf2fbbd916f9869a9923997769c8f6a1dc90ab,11805,/home/sieg/projects-wsl/worktrees/p4-agent1,false,,,,PARTIAL
SBS_dataScience,P4-A1-SOURCE,origin/agent/p4-crawl-release-v2,3ad43c39dd01933575529e0c81d9809dc64c4e57,crawl,DSJA/project_4/crawl/schemas/linkareer_calendar_activities.json,100644,blob,4541e27563dc2b3ad6d9414a775e8fa44e3abc3e,3024,/home/sieg/projects-wsl/worktrees/p4-agent1,true,3024,4541e27563dc2b3ad6d9414a775e8fa44e3abc3e,true,PASS
SBS_dataScience,P4-A1-SOURCE,origin/agent/p4-crawl-release-v2,3ad43c39dd01933575529e0c81d9809dc64c4e57,crawl,DSJA/project_4/crawl/scripts/execute_agent1_notebooks.py,100644,blob,a28af26de12ef3770293c943dcc2bea4580ed43b,3232,/home/sieg/projects-wsl/worktrees/p4-agent1,false,,,,PARTIAL
SBS_dataScience,P4-A1-SOURCE,origin/agent/p4-crawl-release-v2,3ad43c39dd01933575529e0c81d9809dc64c4e57,crawl,DSJA/project_4/crawl/scripts/render_agent1_notebooks.py,100644,blob,41b7587373329fa0442e1e0f1ce271f9d964af44,16940,/home/sieg/projects-wsl/worktrees/p4-agent1,true,6844,838f17508e1631d1a922cd298c41483c68b823a3,false,PASS_WITH_FINDINGS
SBS_dataScience,P4-A1-SOURCE,origin/agent/p4-crawl-release-v2,3ad43c39dd01933575529e0c81d9809dc64c4e57,crawl,DSJA/project_4/crawl/src/p4_crawl/__init__.py,100644,blob,b76bdb561cc4a82dfddb7e98bb97abcc587ef3e8,252,/home/sieg/projects-wsl/worktrees/p4-agent1,true,252,b76bdb561cc4a82dfddb7e98bb97abcc587ef3e8,true,PASS
SBS_dataScience,P4-A1-SOURCE,origin/agent/p4-crawl-release-v2,3ad43c39dd01933575529e0c81d9809dc64c4e57,crawl,DSJA/project_4/crawl/src/p4_crawl/__main__.py,100644,blob,eb53e2f31b2f703ad32ef64b8a41faa3e7d18e08,48,/home/sieg/projects-wsl/worktrees/p4-agent1,true,48,eb53e2f31b2f703ad32ef64b8a41faa3e7d18e08,true,PASS
SBS_dataScience,P4-A1-SOURCE,origin/agent/p4-crawl-release-v2,3ad43c39dd01933575529e0c81d9809dc64c4e57,crawl,DSJA/project_4/crawl/src/p4_crawl/apq.py,100644,blob,0e198b85daf22b3108d5ea115bedbb201f1a508b,2199,/home/sieg/projects-wsl/worktrees/p4-agent1,true,2199,0e198b85daf22b3108d5ea115bedbb201f1a508b,true,PASS
SBS_dataScience,P4-A1-SOURCE,origin/agent/p4-crawl-release-v2,3ad43c39dd01933575529e0c81d9809dc64c4e57,crawl,DSJA/project_4/crawl/src/p4_crawl/assets.py,100644,blob,b927ede4285f3a0260cf09c6a18458bb2a292f67,2540,/home/sieg/projects-wsl/worktrees/p4-agent1,true,2540,b927ede4285f3a0260cf09c6a18458bb2a292f67,true,PASS
SBS_dataScience,P4-A1-SOURCE,origin/agent/p4-crawl-release-v2,3ad43c39dd01933575529e0c81d9809dc64c4e57,crawl,DSJA/project_4/crawl/src/p4_crawl/cli.py,100644,blob,dd6f3e5faef836af05f44c4ed6d059220dd76d5d,5058,/home/sieg/projects-wsl/worktrees/p4-agent1,true,5058,dd6f3e5faef836af05f44c4ed6d059220dd76d5d,true,PASS
SBS_dataScience,P4-A1-SOURCE,origin/agent/p4-crawl-release-v2,3ad43c39dd01933575529e0c81d9809dc64c4e57,crawl,DSJA/project_4/crawl/src/p4_crawl/config.py,100644,blob,e7967686c13b5202a505d139cde2eb4eb782efae,3156,/home/sieg/projects-wsl/worktrees/p4-agent1,true,3158,be4db099ddcbd7c174d3320315ea25152977507a,false,PASS_WITH_FINDINGS
SBS_dataScience,P4-A1-SOURCE,origin/agent/p4-crawl-release-v2,3ad43c39dd01933575529e0c81d9809dc64c4e57,crawl,DSJA/project_4/crawl/src/p4_crawl/coverage.py,100644,blob,e0cae3d7816db92af7af1d30a77c7fcbd742fe15,7173,/home/sieg/projects-wsl/worktrees/p4-agent1,true,7173,e0cae3d7816db92af7af1d30a77c7fcbd742fe15,true,PASS
SBS_dataScience,P4-A1-SOURCE,origin/agent/p4-crawl-release-v2,3ad43c39dd01933575529e0c81d9809dc64c4e57,crawl,DSJA/project_4/crawl/src/p4_crawl/detail.py,100644,blob,f030ddc6bdc20eeaab2966a707a45edb689e9924,6801,/home/sieg/projects-wsl/worktrees/p4-agent1,true,6801,f030ddc6bdc20eeaab2966a707a45edb689e9924,true,PASS
SBS_dataScience,P4-A1-SOURCE,origin/agent/p4-crawl-release-v2,3ad43c39dd01933575529e0c81d9809dc64c4e57,crawl,DSJA/project_4/crawl/src/p4_crawl/frontier.py,100644,blob,06515cba9b7aee7cafeb162cf2434f123aa798fe,2234,/home/sieg/projects-wsl/worktrees/p4-agent1,true,2234,06515cba9b7aee7cafeb162cf2434f123aa798fe,true,PASS
SBS_dataScience,P4-A1-SOURCE,origin/agent/p4-crawl-release-v2,3ad43c39dd01933575529e0c81d9809dc64c4e57,crawl,DSJA/project_4/crawl/src/p4_crawl/manifests.py,100644,blob,d487d5cbc7b61742604072e921ff9ff8e5235b79,4341,/home/sieg/projects-wsl/worktrees/p4-agent1,true,4341,d487d5cbc7b61742604072e921ff9ff8e5235b79,true,PASS
SBS_dataScience,P4-A1-SOURCE,origin/agent/p4-crawl-release-v2,3ad43c39dd01933575529e0c81d9809dc64c4e57,crawl,DSJA/project_4/crawl/src/p4_crawl/observed.py,100644,blob,f2b840cd491535fbdac7bb84dd65f3684d14fbc1,13314,/home/sieg/projects-wsl/worktrees/p4-agent1,false,,,,PARTIAL
SBS_dataScience,P4-A1-SOURCE,origin/agent/p4-crawl-release-v2,3ad43c39dd01933575529e0c81d9809dc64c4e57,crawl,DSJA/project_4/crawl/src/p4_crawl/policy.py,100644,blob,0f92bbc0313ce980bd9f1d3cd29ee98677a2a7bc,6258,/home/sieg/projects-wsl/worktrees/p4-agent1,true,6258,0f92bbc0313ce980bd9f1d3cd29ee98677a2a7bc,true,PASS
SBS_dataScience,P4-A1-SOURCE,origin/agent/p4-crawl-release-v2,3ad43c39dd01933575529e0c81d9809dc64c4e57,crawl,DSJA/project_4/crawl/src/p4_crawl/query_registry.py,100644,blob,63adf25c676286987871fc5f673eadfb27f650a3,2182,/home/sieg/projects-wsl/worktrees/p4-agent1,true,2182,63adf25c676286987871fc5f673eadfb27f650a3,true,PASS
SBS_dataScience,P4-A1-SOURCE,origin/agent/p4-crawl-release-v2,3ad43c39dd01933575529e0c81d9809dc64c4e57,crawl,DSJA/project_4/crawl/src/p4_crawl/release.py,100644,blob,3620999ac26f884468dc97238a071dc3eaebb96f,10670,/home/sieg/projects-wsl/worktrees/p4-agent1,true,10583,3d2519d92220bc5d97dc6cffcb1b0c09702226bb,false,PASS_WITH_FINDINGS
SBS_dataScience,P4-A1-SOURCE,origin/agent/p4-crawl-release-v2,3ad43c39dd01933575529e0c81d9809dc64c4e57,crawl,DSJA/project_4/crawl/src/p4_crawl/stage.py,100644,blob,b95258c41253cb3f5cbcbfa81ce76172bdbdfba9,5829,/home/sieg/projects-wsl/worktrees/p4-agent1,true,2409,9cf4e832943d0cbaf596e2835f27d9bd989f060b,false,PASS_WITH_FINDINGS
SBS_dataScience,P4-A1-SOURCE,origin/agent/p4-crawl-release-v2,3ad43c39dd01933575529e0c81d9809dc64c4e57,crawl,DSJA/project_4/crawl/src/p4_crawl/storage.py,100644,blob,bab100e6c53ad8c7be72f8d225161e6b56197249,2056,/home/sieg/projects-wsl/worktrees/p4-agent1,true,2056,bab100e6c53ad8c7be72f8d225161e6b56197249,true,PASS
SBS_dataScience,P4-A1-SOURCE,origin/agent/p4-crawl-release-v2,3ad43c39dd01933575529e0c81d9809dc64c4e57,crawl,DSJA/project_4/crawl/tests/conftest.py,100644,blob,de705b12f76dcdaa0af86f146e8970203050537d,185,/home/sieg/projects-wsl/worktrees/p4-agent1,true,185,de705b12f76dcdaa0af86f146e8970203050537d,true,PASS
SBS_dataScience,P4-A1-SOURCE,origin/agent/p4-crawl-release-v2,3ad43c39dd01933575529e0c81d9809dc64c4e57,crawl,DSJA/project_4/crawl/tests/test_assets.py,100644,blob,85a54d19124d01b78c687404dea5974f249a445c,360,/home/sieg/projects-wsl/worktrees/p4-agent1,true,360,85a54d19124d01b78c687404dea5974f249a445c,true,PASS
SBS_dataScience,P4-A1-SOURCE,origin/agent/p4-crawl-release-v2,3ad43c39dd01933575529e0c81d9809dc64c4e57,crawl,DSJA/project_4/crawl/tests/test_frontier.py,100644,blob,0c5a105e9dc584b97fd5f952857e847c6c1d81d5,706,/home/sieg/projects-wsl/worktrees/p4-agent1,true,706,0c5a105e9dc584b97fd5f952857e847c6c1d81d5,true,PASS
SBS_dataScience,P4-A1-SOURCE,origin/agent/p4-crawl-release-v2,3ad43c39dd01933575529e0c81d9809dc64c4e57,crawl,DSJA/project_4/crawl/tests/test_manifests.py,100644,blob,3542f0b1b791eb09ebbc537d80eaa84a2a2186c6,377,/home/sieg/projects-wsl/worktrees/p4-agent1,true,377,3542f0b1b791eb09ebbc537d80eaa84a2a2186c6,true,PASS
SBS_dataScience,P4-A1-SOURCE,origin/agent/p4-crawl-release-v2,3ad43c39dd01933575529e0c81d9809dc64c4e57,crawl,DSJA/project_4/crawl/tests/test_policy.py,100644,blob,75d11275ca0b9bd9a7845aea2960cac283103109,3549,/home/sieg/projects-wsl/worktrees/p4-agent1,true,3549,75d11275ca0b9bd9a7845aea2960cac283103109,true,PASS
SBS_dataScience,P4-A1-SOURCE,origin/agent/p4-crawl-release-v2,3ad43c39dd01933575529e0c81d9809dc64c4e57,crawl,DSJA/project_4/crawl/tests/test_query_registry.py,100644,blob,6be4ec3890b3019b93897505203e6202fbd3a0c6,562,/home/sieg/projects-wsl/worktrees/p4-agent1,true,562,6be4ec3890b3019b93897505203e6202fbd3a0c6,true,PASS
SBS_dataScience,P4-A1-SOURCE,origin/agent/p4-crawl-release-v2,3ad43c39dd01933575529e0c81d9809dc64c4e57,crawl,DSJA/project_4/crawl/tests/test_release.py,100644,blob,d12a78336ea516e0f59e7385bcf30d5143b92e07,1653,/home/sieg/projects-wsl/worktrees/p4-agent1,true,1311,92b8a6d7e859da61b259bde9be6a2a96b8ffde34,false,PASS_WITH_FINDINGS
SBS_dataScience,P4-A1-SOURCE,origin/agent/p4-crawl-release-v2,3ad43c39dd01933575529e0c81d9809dc64c4e57,reports,DSJA/project_4/reports/agent1/notebook_restart/AGENT1_CODE_ENTRYPOINT_CATALOG.csv,100644,blob,4ffc5d503b1f43a07d68401e93182853055318b5,5357,/home/sieg/projects-wsl/worktrees/p4-agent1,true,35530,f777c04551efdaf8e6035390358c9f39403e8ae5,false,PASS_WITH_FINDINGS
SBS_dataScience,P4-A1-SOURCE,origin/agent/p4-crawl-release-v2,3ad43c39dd01933575529e0c81d9809dc64c4e57,reports,DSJA/project_4/reports/agent1/notebook_restart/AGENT1_NOTEBOOK_CELL_PLAN.md,100644,blob,414e2cff048508069115276a440c91f1624b244e,1775,/home/sieg/projects-wsl/worktrees/p4-agent1,true,2328,12afb749c27028ae0fb08f1170da498cd8b39238,false,PASS_WITH_FINDINGS
SBS_dataScience,P4-A1-SOURCE,origin/agent/p4-crawl-release-v2,3ad43c39dd01933575529e0c81d9809dc64c4e57,reports,DSJA/project_4/reports/agent1/notebook_restart/AGENT1_NOTEBOOK_IO_CATALOG.csv,100644,blob,c073d3d1f07f104f6a320e665e69dd952794580a,3413,/home/sieg/projects-wsl/worktrees/p4-agent1,true,3762,68a8e57c6cdae50d789bbc4481d29fe60d0c3946,false,PASS_WITH_FINDINGS
SBS_dataScience,P4-A1-SOURCE,origin/agent/p4-crawl-release-v2,3ad43c39dd01933575529e0c81d9809dc64c4e57,reports,DSJA/project_4/reports/agent1/notebook_restart/AGENT1_NOTEBOOK_READINESS_REPORT.json,100644,blob,4475b43bd21ad22dede2115ad7e0bd8bc53e2af8,63162,/home/sieg/projects-wsl/worktrees/p4-agent1,true,133638,c071a1888aa312b1b04dc4f8c2a44abb9b686bef,false,PASS_WITH_FINDINGS
SBS_dataScience,P4-A1-SOURCE,origin/agent/p4-crawl-release-v2,3ad43c39dd01933575529e0c81d9809dc64c4e57,reports,DSJA/project_4/reports/agent1/notebook_restart/AGENT1_NOTEBOOK_READINESS_REPORT.md,100644,blob,6a7a18f1994fdede990170a4f5c622a2582801ab,3537,/home/sieg/projects-wsl/worktrees/p4-agent1,true,5218,467ac7751956a63e69d5b438bb30b159d55ffe91,false,PASS_WITH_FINDINGS
SBS_dataScience,P4-A1-SOURCE,origin/agent/p4-crawl-release-v2,3ad43c39dd01933575529e0c81d9809dc64c4e57,reports,DSJA/project_4/reports/agent1/notebook_restart/AGENT1_OBSERVED_DATA_INVENTORY.csv,100644,blob,63d6125984ab58fa8a1e9e986481c5adde117bde,1549,/home/sieg/projects-wsl/worktrees/p4-agent1,true,1549,63d6125984ab58fa8a1e9e986481c5adde117bde,true,PASS
SBS_dataScience,P4-A1-SOURCE,origin/agent/p4-crawl-release-v2,3ad43c39dd01933575529e0c81d9809dc64c4e57,shared,DSJA/project_4/shared/contracts/P4_CONTRACT_v2.1.2/AGENT3_TO_AGENT1_HANDOFF.json,100644,blob,52cd6917cb481967093e8a17e7446a5e4f6d317b,2724,/home/sieg/projects-wsl/worktrees/p4-agent1,true,2724,52cd6917cb481967093e8a17e7446a5e4f6d317b,true,PASS
SBS_dataScience,P4-A1-SOURCE,origin/agent/p4-crawl-release-v2,3ad43c39dd01933575529e0c81d9809dc64c4e57,shared,DSJA/project_4/shared/contracts/P4_CONTRACT_v2.1.2/AGENT3_TO_AGENT2_HANDOFF.json,100644,blob,51abfd3c93b72dbfbe774d5bc63ae9118011bb79,3671,/home/sieg/projects-wsl/worktrees/p4-agent1,true,3671,51abfd3c93b72dbfbe774d5bc63ae9118011bb79,true,PASS
SBS_dataScience,P4-A1-SOURCE,origin/agent/p4-crawl-release-v2,3ad43c39dd01933575529e0c81d9809dc64c4e57,shared,DSJA/project_4/shared/contracts/P4_CONTRACT_v2.1.2/CHECKSUMS.sha256,100644,blob,2a0a4135e043a2e57a2808bd012039b3c8b23e60,951,/home/sieg/projects-wsl/worktrees/p4-agent1,true,951,2a0a4135e043a2e57a2808bd012039b3c8b23e60,true,PASS
SBS_dataScience,P4-A1-SOURCE,origin/agent/p4-crawl-release-v2,3ad43c39dd01933575529e0c81d9809dc64c4e57,shared,DSJA/project_4/shared/contracts/P4_CONTRACT_v2.1.2/CONTRACT_MANIFEST.json,100644,blob,88d362a7b81d56ef623e6f2b0f3105bf29986819,2815,/home/sieg/projects-wsl/worktrees/p4-agent1,true,2815,88d362a7b81d56ef623e6f2b0f3105bf29986819,true,PASS
SBS_dataScience,P4-A1-SOURCE,origin/agent/p4-crawl-release-v2,3ad43c39dd01933575529e0c81d9809dc64c4e57,shared,DSJA/project_4/shared/contracts/P4_CONTRACT_v2.1.2/QUALITY_GATES.md,100644,blob,29efbf97117d11928413090bcb622598da519807,1994,/home/sieg/projects-wsl/worktrees/p4-agent1,true,1994,29efbf97117d11928413090bcb622598da519807,true,PASS
SBS_dataScience,P4-A1-SOURCE,origin/agent/p4-crawl-release-v2,3ad43c39dd01933575529e0c81d9809dc64c4e57,shared,DSJA/project_4/shared/contracts/P4_CONTRACT_v2.1.2/SOURCE_POLICY_GATE.md,100644,blob,21a1b9286290c4c87f577a43630b0ea60d10749b,1801,/home/sieg/projects-wsl/worktrees/p4-agent1,true,1801,21a1b9286290c4c87f577a43630b0ea60d10749b,true,PASS
SBS_dataScience,P4-A1-SOURCE,origin/agent/p4-crawl-release-v2,3ad43c39dd01933575529e0c81d9809dc64c4e57,shared,DSJA/project_4/shared/contracts/P4_CONTRACT_v2.1.2/data_dictionary.csv,100644,blob,de151df6fb5617586f14121756c9a09a621f80e3,152097,/home/sieg/projects-wsl/worktrees/p4-agent1,true,152097,de151df6fb5617586f14121756c9a09a621f80e3,true,PASS
SBS_dataScience,P4-A1-SOURCE,origin/agent/p4-crawl-release-v2,3ad43c39dd01933575529e0c81d9809dc64c4e57,shared,DSJA/project_4/shared/contracts/P4_CONTRACT_v2.1.2/data_dictionary.xlsx,100644,blob,af34fc4c08a5b5c16510f8d46e8fd7980de9a957,46709,/home/sieg/projects-wsl/worktrees/p4-agent1,true,46709,af34fc4c08a5b5c16510f8d46e8fd7980de9a957,true,PASS
SBS_dataScience,P4-A1-SOURCE,origin/agent/p4-crawl-release-v2,3ad43c39dd01933575529e0c81d9809dc64c4e57,shared,DSJA/project_4/shared/contracts/P4_CONTRACT_v2.1.2/erd.mmd,100644,blob,8f4ab7bf8a33f290f311f64b967473b661cea2fd,14535,/home/sieg/projects-wsl/worktrees/p4-agent1,true,14535,8f4ab7bf8a33f290f311f64b967473b661cea2fd,true,PASS
SBS_dataScience,P4-A1-SOURCE,origin/agent/p4-crawl-release-v2,3ad43c39dd01933575529e0c81d9809dc64c4e57,shared,DSJA/project_4/shared/contracts/P4_CONTRACT_v2.1.2/metrics.yaml,100644,blob,e6eaf5b43ef0cae26c96a4485d5b3df7dcd5ace7,15018,/home/sieg/projects-wsl/worktrees/p4-agent1,true,15018,e6eaf5b43ef0cae26c96a4485d5b3df7dcd5ace7,true,PASS
SBS_dataScience,P4-A1-SOURCE,origin/agent/p4-crawl-release-v2,3ad43c39dd01933575529e0c81d9809dc64c4e57,shared,DSJA/project_4/shared/contracts/P4_CONTRACT_v2.1.2/p4_contract.schema.json,100644,blob,8a2767b3f4c600458c9b3859dfac514b3d6e32dc,3898,/home/sieg/projects-wsl/worktrees/p4-agent1,true,3898,8a2767b3f4c600458c9b3859dfac514b3d6e32dc,true,PASS
SBS_dataScience,P4-A1-SOURCE,origin/agent/p4-crawl-release-v2,3ad43c39dd01933575529e0c81d9809dc64c4e57,shared,DSJA/project_4/shared/contracts/P4_CONTRACT_v2.1.2/p4_contract.yaml,100644,blob,760673d7b66d1d13eced6468d4daa264ba078457,146543,/home/sieg/projects-wsl/worktrees/p4-agent1,true,146543,760673d7b66d1d13eced6468d4daa264ba078457,true,PASS
SBS_dataScience,P4-A1-SOURCE,origin/agent/p4-crawl-release-v2,3ad43c39dd01933575529e0c81d9809dc64c4e57,shared,DSJA/project_4/shared/contracts/P4_CONTRACT_v2.1.2/warehouse_duckdb.sql,100644,blob,8b58de213b78807995aae59a3d5392223a183462,101209,/home/sieg/projects-wsl/worktrees/p4-agent1,true,101209,8b58de213b78807995aae59a3d5392223a183462,true,PASS
SBS_dataScience,P4-A1-SOURCE,origin/agent/p4-crawl-release-v2,3ad43c39dd01933575529e0c81d9809dc64c4e57,shared,DSJA/project_4/shared/handoffs/AGENT3_TO_AGENT1_HANDOFF.json,100644,blob,52cd6917cb481967093e8a17e7446a5e4f6d317b,2724,/home/sieg/projects-wsl/worktrees/p4-agent1,true,2724,52cd6917cb481967093e8a17e7446a5e4f6d317b,true,PASS
SBS_dataScience,P4-A1-SOURCE,origin/agent/p4-crawl-release-v2,3ad43c39dd01933575529e0c81d9809dc64c4e57,shared,DSJA/project_4/shared/handoffs/AGENT3_TO_AGENT2_HANDOFF.json,100644,blob,51abfd3c93b72dbfbe774d5bc63ae9118011bb79,3671,/home/sieg/projects-wsl/worktrees/p4-agent1,true,3671,51abfd3c93b72dbfbe774d5bc63ae9118011bb79,true,PASS
SBS_dataScience,P4-A2-PIPELINE,origin/agent/p4-pipeline-v2,9a0571dbcc0183960bda153baedcd0a2c9dc8248,README.md,DSJA/project_4/README.md,100644,blob,0144594de0184d94a8285b3674acc75d8c3e97b0,574,,false,,,,NOT_EVALUATED
SBS_dataScience,P4-A2-PIPELINE,origin/agent/p4-pipeline-v2,9a0571dbcc0183960bda153baedcd0a2c9dc8248,pipeline,DSJA/project_4/pipeline/.gitignore,100644,blob,6990a8dded79a1f853e419fd4c31f7b21eb10287,192,,false,,,,NOT_EVALUATED
SBS_dataScience,P4-A2-PIPELINE,origin/agent/p4-pipeline-v2,9a0571dbcc0183960bda153baedcd0a2c9dc8248,pipeline,DSJA/project_4/pipeline/README.md,100644,blob,ce3a548a5ca91d34b534aafb3611dd1f6d144032,2243,,false,,,,NOT_EVALUATED
SBS_dataScience,P4-A2-PIPELINE,origin/agent/p4-pipeline-v2,9a0571dbcc0183960bda153baedcd0a2c9dc8248,pipeline,DSJA/project_4/pipeline/configs/analysis.yaml,100644,blob,7c3d3cb9106fbb4faf87afc922429bbd0ca1a1ec,312,,false,,,,NOT_EVALUATED
SBS_dataScience,P4-A2-PIPELINE,origin/agent/p4-pipeline-v2,9a0571dbcc0183960bda153baedcd0a2c9dc8248,pipeline,DSJA/project_4/pipeline/configs/dedup.yaml,100644,blob,cc4b8f521439b0f07273adf593d139a86835d755,73,,false,,,,NOT_EVALUATED
SBS_dataScience,P4-A2-PIPELINE,origin/agent/p4-pipeline-v2,9a0571dbcc0183960bda153baedcd0a2c9dc8248,pipeline,DSJA/project_4/pipeline/configs/labels.yaml,100644,blob,67e1c27d6133d64a1889d8ea9a070d33e7f21555,152,,false,,,,NOT_EVALUATED
SBS_dataScience,P4-A2-PIPELINE,origin/agent/p4-pipeline-v2,9a0571dbcc0183960bda153baedcd0a2c9dc8248,pipeline,DSJA/project_4/pipeline/configs/ncsBands.yaml,100644,blob,c712fab0e7b4a4e9ce14254a97997749f8638a1e,88,,false,,,,NOT_EVALUATED
SBS_dataScience,P4-A2-PIPELINE,origin/agent/p4-pipeline-v2,9a0571dbcc0183960bda153baedcd0a2c9dc8248,pipeline,DSJA/project_4/pipeline/configs/paths.local.example.yaml,100644,blob,7d8db904e0e08a37f275d0ccd15175131a2694fd,209,,false,,,,NOT_EVALUATED
SBS_dataScience,P4-A2-PIPELINE,origin/agent/p4-pipeline-v2,9a0571dbcc0183960bda153baedcd0a2c9dc8248,pipeline,DSJA/project_4/pipeline/configs/project.yaml,100644,blob,99a3be5cb0cb74491a25fec68c48a5106f4c7eaa,333,,false,,,,NOT_EVALUATED
SBS_dataScience,P4-A2-PIPELINE,origin/agent/p4-pipeline-v2,9a0571dbcc0183960bda153baedcd0a2c9dc8248,pipeline,DSJA/project_4/pipeline/data/exports/observed-dev/OBSERVED_DEV_20260806_01/CHECKSUMS.sha256,100644,blob,b6b78d17deac860529c9bdfa771cf73c54fed182,1820,,false,,,,NOT_EVALUATED
SBS_dataScience,P4-A2-PIPELINE,origin/agent/p4-pipeline-v2,9a0571dbcc0183960bda153baedcd0a2c9dc8248,pipeline,DSJA/project_4/pipeline/data/exports/observed-dev/OBSERVED_DEV_20260806_01/career_access_labels.csv,100644,blob,5debdaf60031201f26ae02984bbe50eec3e77fbd,30564,,false,,,,NOT_EVALUATED
SBS_dataScience,P4-A2-PIPELINE,origin/agent/p4-pipeline-v2,9a0571dbcc0183960bda153baedcd0a2c9dc8248,pipeline,DSJA/project_4/pipeline/data/exports/observed-dev/OBSERVED_DEV_20260806_01/career_access_labels.parquet,100644,blob,481c8cdd30ef88047d4f2ba60c1cc792168666e1,17942,,false,,,,NOT_EVALUATED
SBS_dataScience,P4-A2-PIPELINE,origin/agent/p4-pipeline-v2,9a0571dbcc0183960bda153baedcd0a2c9dc8248,pipeline,DSJA/project_4/pipeline/data/exports/observed-dev/OBSERVED_DEV_20260806_01/data_quality_summary.csv,100644,blob,bdc0fdcaaa198ad237576c53e543d9e86e9c7cd6,136,,false,,,,NOT_EVALUATED
SBS_dataScience,P4-A2-PIPELINE,origin/agent/p4-pipeline-v2,9a0571dbcc0183960bda153baedcd0a2c9dc8248,pipeline,DSJA/project_4/pipeline/data/exports/observed-dev/OBSERVED_DEV_20260806_01/posting_ncs_candidates.csv,100644,blob,6588bdef5883983cf2fe18d3c9691009ec7dd085,55897,,false,,,,NOT_EVALUATED
SBS_dataScience,P4-A2-PIPELINE,origin/agent/p4-pipeline-v2,9a0571dbcc0183960bda153baedcd0a2c9dc8248,pipeline,DSJA/project_4/pipeline/data/exports/observed-dev/OBSERVED_DEV_20260806_01/posting_ncs_candidates.parquet,100644,blob,e1e70786a0c93a5bda1a54d88e04793e71a1e160,24236,,false,,,,NOT_EVALUATED
SBS_dataScience,P4-A2-PIPELINE,origin/agent/p4-pipeline-v2,9a0571dbcc0183960bda153baedcd0a2c9dc8248,pipeline,DSJA/project_4/pipeline/data/exports/observed-dev/OBSERVED_DEV_20260806_01/posting_ncs_matches.csv,100644,blob,4185f1b8e1e55fdcfce4f97c01d4b25a52da29a8,12480,,false,,,,NOT_EVALUATED
SBS_dataScience,P4-A2-PIPELINE,origin/agent/p4-pipeline-v2,9a0571dbcc0183960bda153baedcd0a2c9dc8248,pipeline,DSJA/project_4/pipeline/data/exports/observed-dev/OBSERVED_DEV_20260806_01/posting_ncs_matches.parquet,100644,blob,d728c9fc3264b52861310dee71ec02dbdf54b118,21215,,false,,,,NOT_EVALUATED
SBS_dataScience,P4-A2-PIPELINE,origin/agent/p4-pipeline-v2,9a0571dbcc0183960bda153baedcd0a2c9dc8248,pipeline,DSJA/project_4/pipeline/data/exports/observed-dev/OBSERVED_DEV_20260806_01/posting_normalized.csv,100644,blob,04e744d58e41ef8ca6ffa72cdcdda928fb4af8fb,65423,,false,,,,NOT_EVALUATED
SBS_dataScience,P4-A2-PIPELINE,origin/agent/p4-pipeline-v2,9a0571dbcc0183960bda153baedcd0a2c9dc8248,pipeline,DSJA/project_4/pipeline/data/exports/observed-dev/OBSERVED_DEV_20260806_01/posting_normalized.parquet,100644,blob,742c04dc12971bfbed322e28814456bcaf46225f,43083,,false,,,,NOT_EVALUATED
SBS_dataScience,P4-A2-PIPELINE,origin/agent/p4-pipeline-v2,9a0571dbcc0183960bda153baedcd0a2c9dc8248,pipeline,DSJA/project_4/pipeline/data/exports/observed-dev/OBSERVED_DEV_20260806_01/posting_sections.csv,100644,blob,74ec517ace5845a1ab41a7b3b1bbb3256feb0fab,24142,,false,,,,NOT_EVALUATED
SBS_dataScience,P4-A2-PIPELINE,origin/agent/p4-pipeline-v2,9a0571dbcc0183960bda153baedcd0a2c9dc8248,pipeline,DSJA/project_4/pipeline/data/exports/observed-dev/OBSERVED_DEV_20260806_01/posting_sections.parquet,100644,blob,d260c7e8bb2acf4cac085bf3f831279e69d90dc7,17056,,false,,,,NOT_EVALUATED
SBS_dataScience,P4-A2-PIPELINE,origin/agent/p4-pipeline-v2,9a0571dbcc0183960bda153baedcd0a2c9dc8248,pipeline,DSJA/project_4/pipeline/data/exports/observed-dev/OBSERVED_DEV_20260806_01/posting_tracks.csv,100644,blob,24deb94eb4304f68917b1b3301d9c0ce593fafe6,42744,,false,,,,NOT_EVALUATED
SBS_dataScience,P4-A2-PIPELINE,origin/agent/p4-pipeline-v2,9a0571dbcc0183960bda153baedcd0a2c9dc8248,pipeline,DSJA/project_4/pipeline/data/exports/observed-dev/OBSERVED_DEV_20260806_01/posting_tracks.parquet,100644,blob,3cd7d0fb77f227b07f36906b863991b72a3b3ebe,33680,,false,,,,NOT_EVALUATED
SBS_dataScience,P4-A2-PIPELINE,origin/agent/p4-pipeline-v2,9a0571dbcc0183960bda153baedcd0a2c9dc8248,pipeline,DSJA/project_4/pipeline/data/exports/observed-dev/OBSERVED_DEV_20260806_01/preprocessed_posting_tracks.csv,100644,blob,a99bbb210fb26cec3c0bfdf9eb4f8533fd5940f8,80891,,false,,,,NOT_EVALUATED
SBS_dataScience,P4-A2-PIPELINE,origin/agent/p4-pipeline-v2,9a0571dbcc0183960bda153baedcd0a2c9dc8248,pipeline,DSJA/project_4/pipeline/data/exports/observed-dev/OBSERVED_DEV_20260806_01/preprocessed_posting_tracks.parquet,100644,blob,78aa1dcf29264fc988d91fbdf809a69d7b7580a6,57374,,false,,,,NOT_EVALUATED
SBS_dataScience,P4-A2-PIPELINE,origin/agent/p4-pipeline-v2,9a0571dbcc0183960bda153baedcd0a2c9dc8248,pipeline,DSJA/project_4/pipeline/data/exports/observed-dev/OBSERVED_DEV_20260806_01/requirement_facts.csv,100644,blob,0dbdc7aacca227f76c0694308e8dbb755e76073c,6949,,false,,,,NOT_EVALUATED
SBS_dataScience,P4-A2-PIPELINE,origin/agent/p4-pipeline-v2,9a0571dbcc0183960bda153baedcd0a2c9dc8248,pipeline,DSJA/project_4/pipeline/data/exports/observed-dev/OBSERVED_DEV_20260806_01/requirement_facts.parquet,100644,blob,107937b2ecd4fbfa64b45430390a448ba79d1cb9,10928,,false,,,,NOT_EVALUATED
SBS_dataScience,P4-A2-PIPELINE,origin/agent/p4-pipeline-v2,9a0571dbcc0183960bda153baedcd0a2c9dc8248,pipeline,DSJA/project_4/pipeline/data/exports/observed-dev/OBSERVED_DEV_20260806_01/stage_manifest.json,100644,blob,4f238fca6a352ddf0bc0196a0ed8848539b51c82,8947,,false,,,,NOT_EVALUATED
SBS_dataScience,P4-A2-PIPELINE,origin/agent/p4-pipeline-v2,9a0571dbcc0183960bda153baedcd0a2c9dc8248,pipeline,DSJA/project_4/pipeline/data/exports/observed-dev/OBSERVED_DEV_20260806_01/stage_metrics.json,100644,blob,c232df2722397966860c9177efcc59e341b84f5c,4744,,false,,,,NOT_EVALUATED
SBS_dataScience,P4-A2-PIPELINE,origin/agent/p4-pipeline-v2,9a0571dbcc0183960bda153baedcd0a2c9dc8248,pipeline,DSJA/project_4/pipeline/data/exports/observed-dev/OBSERVED_DEV_20260806_01/stage_quality.csv,100644,blob,a7fbb6252f6a2611d2914fa3f684d1aab10ed9d5,3343,,false,,,,NOT_EVALUATED
SBS_dataScience,P4-A2-PIPELINE,origin/agent/p4-pipeline-v2,9a0571dbcc0183960bda153baedcd0a2c9dc8248,pipeline,DSJA/project_4/pipeline/data/gold/.gitkeep,100644,blob,8b137891791fe96927ad78e64b0aad7bded08bdc,1,,false,,,,NOT_EVALUATED
SBS_dataScience,P4-A2-PIPELINE,origin/agent/p4-pipeline-v2,9a0571dbcc0183960bda153baedcd0a2c9dc8248,pipeline,DSJA/project_4/pipeline/data/interim/.gitkeep,100644,blob,8b137891791fe96927ad78e64b0aad7bded08bdc,1,,false,,,,NOT_EVALUATED
SBS_dataScience,P4-A2-PIPELINE,origin/agent/p4-pipeline-v2,9a0571dbcc0183960bda153baedcd0a2c9dc8248,pipeline,DSJA/project_4/pipeline/data/marts/.gitkeep,100644,blob,8b137891791fe96927ad78e64b0aad7bded08bdc,1,,false,,,,NOT_EVALUATED
SBS_dataScience,P4-A2-PIPELINE,origin/agent/p4-pipeline-v2,9a0571dbcc0183960bda153baedcd0a2c9dc8248,pipeline,DSJA/project_4/pipeline/data/processed/.gitkeep,100644,blob,8b137891791fe96927ad78e64b0aad7bded08bdc,1,,false,,,,NOT_EVALUATED
SBS_dataScience,P4-A2-PIPELINE,origin/agent/p4-pipeline-v2,9a0571dbcc0183960bda153baedcd0a2c9dc8248,pipeline,DSJA/project_4/pipeline/data/warehouse/.gitkeep,100644,blob,8b137891791fe96927ad78e64b0aad7bded08bdc,1,,false,,,,NOT_EVALUATED
SBS_dataScience,P4-A2-PIPELINE,origin/agent/p4-pipeline-v2,9a0571dbcc0183960bda153baedcd0a2c9dc8248,pipeline,DSJA/project_4/pipeline/notebook_specs/observed_dev.yaml,100644,blob,1782765fd52985fd3e61e420bba8c6df8871919e,7733,,false,,,,NOT_EVALUATED
SBS_dataScience,P4-A2-PIPELINE,origin/agent/p4-pipeline-v2,9a0571dbcc0183960bda153baedcd0a2c9dc8248,pipeline,DSJA/project_4/pipeline/notebook_templates/__init__.py,100644,blob,fe088a36e668054016680f793555e0315f9722b7,47,,false,,,,NOT_EVALUATED
SBS_dataScience,P4-A2-PIPELINE,origin/agent/p4-pipeline-v2,9a0571dbcc0183960bda153baedcd0a2c9dc8248,pipeline,DSJA/project_4/pipeline/notebook_templates/observed.py,100644,blob,832f73de8f5881bfaaa9d7a851b8847d4b75d06a,9432,,false,,,,NOT_EVALUATED
SBS_dataScience,P4-A2-PIPELINE,origin/agent/p4-pipeline-v2,9a0571dbcc0183960bda153baedcd0a2c9dc8248,pipeline,DSJA/project_4/pipeline/notebooks/00ContractAndInputAudit.ipynb,100644,blob,97e94520fe8740f19fd72e1a398512931421f5c9,10291,,false,,,,NOT_EVALUATED
SBS_dataScience,P4-A2-PIPELINE,origin/agent/p4-pipeline-v2,9a0571dbcc0183960bda153baedcd0a2c9dc8248,pipeline,DSJA/project_4/pipeline/notebooks/01LoadCrawlRelease.ipynb,100644,blob,d71f923524a37dfd67ea39fd8e5e4de8b6e8faba,10113,,false,,,,NOT_EVALUATED
SBS_dataScience,P4-A2-PIPELINE,origin/agent/p4-pipeline-v2,9a0571dbcc0183960bda153baedcd0a2c9dc8248,pipeline,DSJA/project_4/pipeline/notebooks/02ParseAndNormalize.ipynb,100644,blob,d3182a873b428c2a1c00559e155c5331603bfb9e,10301,,false,,,,NOT_EVALUATED
SBS_dataScience,P4-A2-PIPELINE,origin/agent/p4-pipeline-v2,9a0571dbcc0183960bda153baedcd0a2c9dc8248,pipeline,DSJA/project_4/pipeline/notebooks/03OcrAndSectionRecovery.ipynb,100644,blob,ea9a0ab576ab9977a584f81df968c0d3d84ddeb8,10273,,false,,,,NOT_EVALUATED
SBS_dataScience,P4-A2-PIPELINE,origin/agent/p4-pipeline-v2,9a0571dbcc0183960bda153baedcd0a2c9dc8248,pipeline,DSJA/project_4/pipeline/notebooks/04SplitTracks.ipynb,100644,blob,4c4d2ae7dcc28ad1f2d767852f6877472136c5fc,10092,,false,,,,NOT_EVALUATED
SBS_dataScience,P4-A2-PIPELINE,origin/agent/p4-pipeline-v2,9a0571dbcc0183960bda153baedcd0a2c9dc8248,pipeline,DSJA/project_4/pipeline/notebooks/05ExtractRequirements.ipynb,100644,blob,d7369d00bca42eb276d7f7d5116d45f7b7f86c56,10201,,false,,,,NOT_EVALUATED
SBS_dataScience,P4-A2-PIPELINE,origin/agent/p4-pipeline-v2,9a0571dbcc0183960bda153baedcd0a2c9dc8248,pipeline,DSJA/project_4/pipeline/notebooks/06Deduplicate90Days.ipynb,100644,blob,deccff0a05c5f951ae0d1fc36044ac455ec1683f,10140,,false,,,,NOT_EVALUATED
SBS_dataScience,P4-A2-PIPELINE,origin/agent/p4-pipeline-v2,9a0571dbcc0183960bda153baedcd0a2c9dc8248,pipeline,DSJA/project_4/pipeline/notebooks/07LabelCareerAccess.ipynb,100644,blob,b5ee4829b2e41b14335d6f7a74be899d292e783c,10193,,false,,,,NOT_EVALUATED
SBS_dataScience,P4-A2-PIPELINE,origin/agent/p4-pipeline-v2,9a0571dbcc0183960bda153baedcd0a2c9dc8248,pipeline,DSJA/project_4/pipeline/notebooks/08LoadAndPrepareNcs.ipynb,100644,blob,2e0fdb7fffd38c4c3659396bd22993877451c242,10241,,false,,,,NOT_EVALUATED
SBS_dataScience,P4-A2-PIPELINE,origin/agent/p4-pipeline-v2,9a0571dbcc0183960bda153baedcd0a2c9dc8248,pipeline,DSJA/project_4/pipeline/notebooks/09MapPostingToNcs.ipynb,100644,blob,f2df470d89fd4a429df5bde5cee0a9daa3b93315,10299,,false,,,,NOT_EVALUATED
SBS_dataScience,P4-A2-PIPELINE,origin/agent/p4-pipeline-v2,9a0571dbcc0183960bda153baedcd0a2c9dc8248,pipeline,DSJA/project_4/pipeline/notebooks/10ExportPreprocessedCsv.ipynb,100644,blob,3440287882b2ce715ef4c2531b83cb575c16641b,10414,,false,,,,NOT_EVALUATED
SBS_dataScience,P4-A2-PIPELINE,origin/agent/p4-pipeline-v2,9a0571dbcc0183960bda153baedcd0a2c9dc8248,pipeline,DSJA/project_4/pipeline/notebooks/11PreprocessedDataQa.ipynb,100644,blob,92b5c8e6f4dc42ad9f31f325f738c41454690e07,10237,,false,,,,NOT_EVALUATED
SBS_dataScience,P4-A2-PIPELINE,origin/agent/p4-pipeline-v2,9a0571dbcc0183960bda153baedcd0a2c9dc8248,pipeline,DSJA/project_4/pipeline/notebooks/12AnalyzeRq1Rq2.ipynb,100644,blob,63260609850d86afd7cf338f88f948e2e10737eb,3065,,false,,,,NOT_EVALUATED
SBS_dataScience,P4-A2-PIPELINE,origin/agent/p4-pipeline-v2,9a0571dbcc0183960bda153baedcd0a2c9dc8248,pipeline,DSJA/project_4/pipeline/notebooks/13BuildArticleFigures.ipynb,100644,blob,a3b817507f472a4353c7f0f1f9c3264f57600ae6,3058,,false,,,,NOT_EVALUATED
SBS_dataScience,P4-A2-PIPELINE,origin/agent/p4-pipeline-v2,9a0571dbcc0183960bda153baedcd0a2c9dc8248,pipeline,DSJA/project_4/pipeline/notebooks/90AuxSimilarity.ipynb,100644,blob,8d7a18494b257835f7f3ac76a32243d4b327cfe4,3065,,false,,,,NOT_EVALUATED
SBS_dataScience,P4-A2-PIPELINE,origin/agent/p4-pipeline-v2,9a0571dbcc0183960bda153baedcd0a2c9dc8248,pipeline,DSJA/project_4/pipeline/notebooks/fixture/00ContractAndInputAudit.ipynb,100644,blob,06ad30eff045211835e1795affccebf2f0993f2f,6904,,false,,,,NOT_EVALUATED
SBS_dataScience,P4-A2-PIPELINE,origin/agent/p4-pipeline-v2,9a0571dbcc0183960bda153baedcd0a2c9dc8248,pipeline,DSJA/project_4/pipeline/notebooks/fixture/01LoadCrawlRelease.ipynb,100644,blob,2463ca214870e9f5ad42016776e1699f49fc769c,6872,,false,,,,NOT_EVALUATED
SBS_dataScience,P4-A2-PIPELINE,origin/agent/p4-pipeline-v2,9a0571dbcc0183960bda153baedcd0a2c9dc8248,pipeline,DSJA/project_4/pipeline/notebooks/fixture/02ParseAndNormalize.ipynb,100644,blob,4283f605ed607d7868a34fee25a4fb4851e28578,6873,,false,,,,NOT_EVALUATED
SBS_dataScience,P4-A2-PIPELINE,origin/agent/p4-pipeline-v2,9a0571dbcc0183960bda153baedcd0a2c9dc8248,pipeline,DSJA/project_4/pipeline/notebooks/fixture/03OcrAndSectionRecovery.ipynb,100644,blob,5bf289ff6ddd72de5ffdad9a9382fafa7da07559,6888,,false,,,,NOT_EVALUATED
SBS_dataScience,P4-A2-PIPELINE,origin/agent/p4-pipeline-v2,9a0571dbcc0183960bda153baedcd0a2c9dc8248,pipeline,DSJA/project_4/pipeline/notebooks/fixture/04SplitTracks.ipynb,100644,blob,5e99e6e943de0e0a80f0edfe111d96036cb9a7aa,6876,,false,,,,NOT_EVALUATED
SBS_dataScience,P4-A2-PIPELINE,origin/agent/p4-pipeline-v2,9a0571dbcc0183960bda153baedcd0a2c9dc8248,pipeline,DSJA/project_4/pipeline/notebooks/fixture/05ExtractRequirements.ipynb,100644,blob,ca52c103677ae57828c8bda20bfad525143c8f66,6890,,false,,,,NOT_EVALUATED
SBS_dataScience,P4-A2-PIPELINE,origin/agent/p4-pipeline-v2,9a0571dbcc0183960bda153baedcd0a2c9dc8248,pipeline,DSJA/project_4/pipeline/notebooks/fixture/06Deduplicate90Days.ipynb,100644,blob,0cf2198755e7d1ab37b51c1ee44804815aa45d26,6899,,false,,,,NOT_EVALUATED
SBS_dataScience,P4-A2-PIPELINE,origin/agent/p4-pipeline-v2,9a0571dbcc0183960bda153baedcd0a2c9dc8248,pipeline,DSJA/project_4/pipeline/notebooks/fixture/07LabelCareerAccess.ipynb,100644,blob,61857ca8f70adba40b3bbdee0f92d9b3874533b1,6859,,false,,,,NOT_EVALUATED
SBS_dataScience,P4-A2-PIPELINE,origin/agent/p4-pipeline-v2,9a0571dbcc0183960bda153baedcd0a2c9dc8248,pipeline,DSJA/project_4/pipeline/notebooks/fixture/08LoadAndPrepareNcs.ipynb,100644,blob,614d8b975f21f0967b6ea669c3722d1d763c4da5,6880,,false,,,,NOT_EVALUATED
SBS_dataScience,P4-A2-PIPELINE,origin/agent/p4-pipeline-v2,9a0571dbcc0183960bda153baedcd0a2c9dc8248,pipeline,DSJA/project_4/pipeline/notebooks/fixture/09MapPostingToNcs.ipynb,100644,blob,e17d4868ece1b9a4667f64fd4566d8730e40628a,6867,,false,,,,NOT_EVALUATED
SBS_dataScience,P4-A2-PIPELINE,origin/agent/p4-pipeline-v2,9a0571dbcc0183960bda153baedcd0a2c9dc8248,pipeline,DSJA/project_4/pipeline/notebooks/fixture/10BuildPostingMart.ipynb,100644,blob,25263532e9d8b9a9052f266fa8da627844ef831b,6868,,false,,,,NOT_EVALUATED
SBS_dataScience,P4-A2-PIPELINE,origin/agent/p4-pipeline-v2,9a0571dbcc0183960bda153baedcd0a2c9dc8248,pipeline,DSJA/project_4/pipeline/notebooks/fixture/11BuildTimeSeriesMart.ipynb,100644,blob,33517e1209a69a80f5153fe753a5bfb76c7f1ea3,6886,,false,,,,NOT_EVALUATED
SBS_dataScience,P4-A2-PIPELINE,origin/agent/p4-pipeline-v2,9a0571dbcc0183960bda153baedcd0a2c9dc8248,pipeline,DSJA/project_4/pipeline/notebooks/fixture/12AnalyzeRq1Rq2.ipynb,100644,blob,a0b423706664754489ac224279a089d39dc13868,6881,,false,,,,NOT_EVALUATED
SBS_dataScience,P4-A2-PIPELINE,origin/agent/p4-pipeline-v2,9a0571dbcc0183960bda153baedcd0a2c9dc8248,pipeline,DSJA/project_4/pipeline/notebooks/fixture/13BuildArticleFigures.ipynb,100644,blob,3a8d22ca5c5532eaa01c9a5a10e73a3a5a769cdc,6865,,false,,,,NOT_EVALUATED
SBS_dataScience,P4-A2-PIPELINE,origin/agent/p4-pipeline-v2,9a0571dbcc0183960bda153baedcd0a2c9dc8248,pipeline,DSJA/project_4/pipeline/notebooks/fixture/90AuxSimilarity.ipynb,100644,blob,4319c8e8b2a075b7b345ab1db3f8e9dabf0ef2c4,6880,,false,,,,NOT_EVALUATED
SBS_dataScience,P4-A2-PIPELINE,origin/agent/p4-pipeline-v2,9a0571dbcc0183960bda153baedcd0a2c9dc8248,pipeline,DSJA/project_4/pipeline/pyproject.toml,100644,blob,023d16970ec28f3edac946b2ed5158016fd125be,646,,false,,,,NOT_EVALUATED
SBS_dataScience,P4-A2-PIPELINE,origin/agent/p4-pipeline-v2,9a0571dbcc0183960bda153baedcd0a2c9dc8248,pipeline,DSJA/project_4/pipeline/reports/agent2/AGENT2_FINAL_REPORT.json,100644,blob,d9ed5efaef2b6ec8d1dfbe24ffc7208a44a10a25,25419,,false,,,,NOT_EVALUATED
SBS_dataScience,P4-A2-PIPELINE,origin/agent/p4-pipeline-v2,9a0571dbcc0183960bda153baedcd0a2c9dc8248,pipeline,DSJA/project_4/pipeline/reports/agent2/AGENT2_FINAL_REPORT.md,100644,blob,ce631c6ab692c022d31495e02e69fa1a39b05c63,1795,,false,,,,NOT_EVALUATED
SBS_dataScience,P4-A2-PIPELINE,origin/agent/p4-pipeline-v2,9a0571dbcc0183960bda153baedcd0a2c9dc8248,pipeline,DSJA/project_4/pipeline/reports/agent2/ARTIFACT_MANIFEST.json,100644,blob,ba1830c48b3c0b94f044e4e8f7d4cc33291f16e4,8377,,false,,,,NOT_EVALUATED
SBS_dataScience,P4-A2-PIPELINE,origin/agent/p4-pipeline-v2,9a0571dbcc0183960bda153baedcd0a2c9dc8248,pipeline,DSJA/project_4/pipeline/reports/agent2/PARTIAL_CRAWL_CONFORMANCE.json,100644,blob,b10b57963d92ea329ae1f2808541b4381dacf050,4070,,false,,,,NOT_EVALUATED
SBS_dataScience,P4-A2-PIPELINE,origin/agent/p4-pipeline-v2,9a0571dbcc0183960bda153baedcd0a2c9dc8248,pipeline,DSJA/project_4/pipeline/reports/agent2/SYNTHETIC_DB_QUARANTINE.json,100644,blob,697ac788ee5623ae9f46ccf1847c977eee741dae,2651,,false,,,,NOT_EVALUATED
SBS_dataScience,P4-A2-PIPELINE,origin/agent/p4-pipeline-v2,9a0571dbcc0183960bda153baedcd0a2c9dc8248,pipeline,DSJA/project_4/pipeline/reports/agent2/notebook_restart/AGENT2_CODE_ENTRYPOINT_CATALOG.csv,100644,blob,782737288c4e60f37ac7d591b1a83a3b8f19ec2f,80786,,false,,,,NOT_EVALUATED
SBS_dataScience,P4-A2-PIPELINE,origin/agent/p4-pipeline-v2,9a0571dbcc0183960bda153baedcd0a2c9dc8248,pipeline,DSJA/project_4/pipeline/reports/agent2/notebook_restart/AGENT2_NOTEBOOK_CELL_PLAN.md,100644,blob,727daa99a6bfd4ac57ee8f29ef36d09fa5894d33,15315,,false,,,,NOT_EVALUATED
SBS_dataScience,P4-A2-PIPELINE,origin/agent/p4-pipeline-v2,9a0571dbcc0183960bda153baedcd0a2c9dc8248,pipeline,DSJA/project_4/pipeline/reports/agent2/notebook_restart/AGENT2_NOTEBOOK_IO_CATALOG.csv,100644,blob,84bb02f78e3b913b6dbc029d7ffc3ae5cfa6eb74,2293,,false,,,,NOT_EVALUATED
SBS_dataScience,P4-A2-PIPELINE,origin/agent/p4-pipeline-v2,9a0571dbcc0183960bda153baedcd0a2c9dc8248,pipeline,DSJA/project_4/pipeline/reports/agent2/notebook_restart/AGENT2_NOTEBOOK_READINESS_REPORT.json,100644,blob,381e167cf9d2af8c45deea66041cde5f845d4bd4,213902,,false,,,,NOT_EVALUATED
SBS_dataScience,P4-A2-PIPELINE,origin/agent/p4-pipeline-v2,9a0571dbcc0183960bda153baedcd0a2c9dc8248,pipeline,DSJA/project_4/pipeline/reports/agent2/notebook_restart/AGENT2_NOTEBOOK_READINESS_REPORT.md,100644,blob,b5fdd4626b7715728860d88dea4229b31d3813d8,2024,,false,,,,NOT_EVALUATED
SBS_dataScience,P4-A2-PIPELINE,origin/agent/p4-pipeline-v2,9a0571dbcc0183960bda153baedcd0a2c9dc8248,pipeline,DSJA/project_4/pipeline/reports/agent2/notebook_restart/AGENT2_PREPROCESSED_CSV_SCHEMA.csv,100644,blob,000e37738a74fd7a19d237ef12265b25a5412da7,8139,,false,,,,NOT_EVALUATED
SBS_dataScience,P4-A2-PIPELINE,origin/agent/p4-pipeline-v2,9a0571dbcc0183960bda153baedcd0a2c9dc8248,pipeline,DSJA/project_4/pipeline/reports/agent2/notebook_restart/AGENT2_TEST_COVERAGE_MATRIX.csv,100644,blob,3b04eb914d6fc8cfc50a6eeac20bfcdb4b439e65,1182,,false,,,,NOT_EVALUATED
SBS_dataScience,P4-A2-PIPELINE,origin/agent/p4-pipeline-v2,9a0571dbcc0183960bda153baedcd0a2c9dc8248,pipeline,DSJA/project_4/pipeline/reports/figures/.gitkeep,100644,blob,8b137891791fe96927ad78e64b0aad7bded08bdc,1,,false,,,,NOT_EVALUATED
SBS_dataScience,P4-A2-PIPELINE,origin/agent/p4-pipeline-v2,9a0571dbcc0183960bda153baedcd0a2c9dc8248,pipeline,DSJA/project_4/pipeline/reports/m1/AGENT2_M1_PIPELINE_REPORT.json,100644,blob,4099b32ff8c3364020fdb3faf9cdf347956a5735,8291,,false,,,,NOT_EVALUATED
SBS_dataScience,P4-A2-PIPELINE,origin/agent/p4-pipeline-v2,9a0571dbcc0183960bda153baedcd0a2c9dc8248,pipeline,DSJA/project_4/pipeline/reports/m1/AGENT2_M1_PIPELINE_REPORT.md,100644,blob,403dc954eae176912aed86daf208d20c42601322,988,,false,,,,NOT_EVALUATED
SBS_dataScience,P4-A2-PIPELINE,origin/agent/p4-pipeline-v2,9a0571dbcc0183960bda153baedcd0a2c9dc8248,pipeline,DSJA/project_4/pipeline/reports/tables/.gitkeep,100644,blob,8b137891791fe96927ad78e64b0aad7bded08bdc,1,,false,,,,NOT_EVALUATED
SBS_dataScience,P4-A2-PIPELINE,origin/agent/p4-pipeline-v2,9a0571dbcc0183960bda153baedcd0a2c9dc8248,pipeline,DSJA/project_4/pipeline/runs/.gitkeep,100644,blob,8b137891791fe96927ad78e64b0aad7bded08bdc,1,,false,,,,NOT_EVALUATED
SBS_dataScience,P4-A2-PIPELINE,origin/agent/p4-pipeline-v2,9a0571dbcc0183960bda153baedcd0a2c9dc8248,pipeline,DSJA/project_4/pipeline/runs/notebooks/observed-dev/AGENT2_20260806_01/CHECKSUMS.sha256,100644,blob,6e13e39b0c861e2f70754bca9466a3eb26a24154,5583,,false,,,,NOT_EVALUATED
SBS_dataScience,P4-A2-PIPELINE,origin/agent/p4-pipeline-v2,9a0571dbcc0183960bda153baedcd0a2c9dc8248,pipeline,DSJA/project_4/pipeline/runs/notebooks/observed-dev/AGENT2_20260806_01/artifacts/00ContractAndInputAudit/CHECKSUMS.sha256,100644,blob,56f3b2d7cea90b55131288597f2f92d234f37312,255,,false,,,,NOT_EVALUATED
SBS_dataScience,P4-A2-PIPELINE,origin/agent/p4-pipeline-v2,9a0571dbcc0183960bda153baedcd0a2c9dc8248,pipeline,DSJA/project_4/pipeline/runs/notebooks/observed-dev/AGENT2_20260806_01/artifacts/00ContractAndInputAudit/stage_manifest.json,100644,blob,478fbba2c30d7aacccf2930662efd1a299a3b59b,1548,,false,,,,NOT_EVALUATED
SBS_dataScience,P4-A2-PIPELINE,origin/agent/p4-pipeline-v2,9a0571dbcc0183960bda153baedcd0a2c9dc8248,pipeline,DSJA/project_4/pipeline/runs/notebooks/observed-dev/AGENT2_20260806_01/artifacts/00ContractAndInputAudit/stage_metrics.json,100644,blob,217f44813436205ea935844b603b27b286a42617,5144,,false,,,,NOT_EVALUATED
SBS_dataScience,P4-A2-PIPELINE,origin/agent/p4-pipeline-v2,9a0571dbcc0183960bda153baedcd0a2c9dc8248,pipeline,DSJA/project_4/pipeline/runs/notebooks/observed-dev/AGENT2_20260806_01/artifacts/00ContractAndInputAudit/stage_quality.csv,100644,blob,24ae1cb618cb80daaec42fde4efd6ae2a181782c,309,,false,,,,NOT_EVALUATED
SBS_dataScience,P4-A2-PIPELINE,origin/agent/p4-pipeline-v2,9a0571dbcc0183960bda153baedcd0a2c9dc8248,pipeline,DSJA/project_4/pipeline/runs/notebooks/observed-dev/AGENT2_20260806_01/artifacts/01LoadCrawlRelease/CHECKSUMS.sha256,100644,blob,d23a22b9f652b958f092ae7d9ec8fb29ccb97864,255,,false,,,,NOT_EVALUATED
SBS_dataScience,P4-A2-PIPELINE,origin/agent/p4-pipeline-v2,9a0571dbcc0183960bda153baedcd0a2c9dc8248,pipeline,DSJA/project_4/pipeline/runs/notebooks/observed-dev/AGENT2_20260806_01/artifacts/01LoadCrawlRelease/stage_manifest.json,100644,blob,0056d76d62e4001ec787f822431fbbd43fe6aeed,1575,,false,,,,NOT_EVALUATED
SBS_dataScience,P4-A2-PIPELINE,origin/agent/p4-pipeline-v2,9a0571dbcc0183960bda153baedcd0a2c9dc8248,pipeline,DSJA/project_4/pipeline/runs/notebooks/observed-dev/AGENT2_20260806_01/artifacts/01LoadCrawlRelease/stage_metrics.json,100644,blob,943539d8bb8fac4788000aaf9cc0b03d27778edc,2730,,false,,,,NOT_EVALUATED
SBS_dataScience,P4-A2-PIPELINE,origin/agent/p4-pipeline-v2,9a0571dbcc0183960bda153baedcd0a2c9dc8248,pipeline,DSJA/project_4/pipeline/runs/notebooks/observed-dev/AGENT2_20260806_01/artifacts/01LoadCrawlRelease/stage_quality.csv,100644,blob,0c0cc0009018907c88b1a7ed1003df30d8d4bd3b,236,,false,,,,NOT_EVALUATED
SBS_dataScience,P4-A2-PIPELINE,origin/agent/p4-pipeline-v2,9a0571dbcc0183960bda153baedcd0a2c9dc8248,pipeline,DSJA/project_4/pipeline/runs/notebooks/observed-dev/AGENT2_20260806_01/artifacts/02ParseAndNormalize/CHECKSUMS.sha256,100644,blob,44efcf699dd73ae0f9605adb35ed22f8a88bd2f7,255,,false,,,,NOT_EVALUATED
SBS_dataScience,P4-A2-PIPELINE,origin/agent/p4-pipeline-v2,9a0571dbcc0183960bda153baedcd0a2c9dc8248,pipeline,DSJA/project_4/pipeline/runs/notebooks/observed-dev/AGENT2_20260806_01/artifacts/02ParseAndNormalize/stage_manifest.json,100644,blob,e8b53b888bc9bc32ad3b395f57505c11ec95a988,2086,,false,,,,NOT_EVALUATED
SBS_dataScience,P4-A2-PIPELINE,origin/agent/p4-pipeline-v2,9a0571dbcc0183960bda153baedcd0a2c9dc8248,pipeline,DSJA/project_4/pipeline/runs/notebooks/observed-dev/AGENT2_20260806_01/artifacts/02ParseAndNormalize/stage_metrics.json,100644,blob,4b26f1c8aa9589caba28bb99a5ce0fb9efb58c36,9270,,false,,,,NOT_EVALUATED
SBS_dataScience,P4-A2-PIPELINE,origin/agent/p4-pipeline-v2,9a0571dbcc0183960bda153baedcd0a2c9dc8248,pipeline,DSJA/project_4/pipeline/runs/notebooks/observed-dev/AGENT2_20260806_01/artifacts/02ParseAndNormalize/stage_quality.csv,100644,blob,680be5fdfc157ebaebc86c621027fc65e90a6029,194,,false,,,,NOT_EVALUATED
SBS_dataScience,P4-A2-PIPELINE,origin/agent/p4-pipeline-v2,9a0571dbcc0183960bda153baedcd0a2c9dc8248,pipeline,DSJA/project_4/pipeline/runs/notebooks/observed-dev/AGENT2_20260806_01/artifacts/03OcrAndSectionRecovery/CHECKSUMS.sha256,100644,blob,95b1b75cc61fffe6caefbb7f9989abe06d807581,255,,false,,,,NOT_EVALUATED
SBS_dataScience,P4-A2-PIPELINE,origin/agent/p4-pipeline-v2,9a0571dbcc0183960bda153baedcd0a2c9dc8248,pipeline,DSJA/project_4/pipeline/runs/notebooks/observed-dev/AGENT2_20260806_01/artifacts/03OcrAndSectionRecovery/stage_manifest.json,100644,blob,09eee13572f15ff6934aa9620cc9ffaab9cf8a49,1533,,false,,,,NOT_EVALUATED
SBS_dataScience,P4-A2-PIPELINE,origin/agent/p4-pipeline-v2,9a0571dbcc0183960bda153baedcd0a2c9dc8248,pipeline,DSJA/project_4/pipeline/runs/notebooks/observed-dev/AGENT2_20260806_01/artifacts/03OcrAndSectionRecovery/stage_metrics.json,100644,blob,3557c2f1dfefc918384c15487246a1db0bd11779,3911,,false,,,,NOT_EVALUATED
SBS_dataScience,P4-A2-PIPELINE,origin/agent/p4-pipeline-v2,9a0571dbcc0183960bda153baedcd0a2c9dc8248,pipeline,DSJA/project_4/pipeline/runs/notebooks/observed-dev/AGENT2_20260806_01/artifacts/03OcrAndSectionRecovery/stage_quality.csv,100644,blob,81668c99ff8303221d6a2138391285bc0962170b,210,,false,,,,NOT_EVALUATED
SBS_dataScience,P4-A2-PIPELINE,origin/agent/p4-pipeline-v2,9a0571dbcc0183960bda153baedcd0a2c9dc8248,pipeline,DSJA/project_4/pipeline/runs/notebooks/observed-dev/AGENT2_20260806_01/artifacts/04SplitTracks/CHECKSUMS.sha256,100644,blob,ac3bd7faad0e840c8311c59a60e1c2d0e7123881,255,,false,,,,NOT_EVALUATED
SBS_dataScience,P4-A2-PIPELINE,origin/agent/p4-pipeline-v2,9a0571dbcc0183960bda153baedcd0a2c9dc8248,pipeline,DSJA/project_4/pipeline/runs/notebooks/observed-dev/AGENT2_20260806_01/artifacts/04SplitTracks/stage_manifest.json,100644,blob,e76a9b845a71368e7d93f04fcd03540ead99ecb0,1487,,false,,,,NOT_EVALUATED
SBS_dataScience,P4-A2-PIPELINE,origin/agent/p4-pipeline-v2,9a0571dbcc0183960bda153baedcd0a2c9dc8248,pipeline,DSJA/project_4/pipeline/runs/notebooks/observed-dev/AGENT2_20260806_01/artifacts/04SplitTracks/stage_metrics.json,100644,blob,5f4c29942b79dd7c6df49903b74fdc79b2ee260e,4777,,false,,,,NOT_EVALUATED
SBS_dataScience,P4-A2-PIPELINE,origin/agent/p4-pipeline-v2,9a0571dbcc0183960bda153baedcd0a2c9dc8248,pipeline,DSJA/project_4/pipeline/runs/notebooks/observed-dev/AGENT2_20260806_01/artifacts/04SplitTracks/stage_quality.csv,100644,blob,986b803ec93ea327496bb1ddd1399f9c7d15a742,126,,false,,,,NOT_EVALUATED
SBS_dataScience,P4-A2-PIPELINE,origin/agent/p4-pipeline-v2,9a0571dbcc0183960bda153baedcd0a2c9dc8248,pipeline,DSJA/project_4/pipeline/runs/notebooks/observed-dev/AGENT2_20260806_01/artifacts/05ExtractRequirements/CHECKSUMS.sha256,100644,blob,ba20429ed084f0e0769999accf73bf8389d11cc3,255,,false,,,,NOT_EVALUATED
SBS_dataScience,P4-A2-PIPELINE,origin/agent/p4-pipeline-v2,9a0571dbcc0183960bda153baedcd0a2c9dc8248,pipeline,DSJA/project_4/pipeline/runs/notebooks/observed-dev/AGENT2_20260806_01/artifacts/05ExtractRequirements/stage_manifest.json,100644,blob,da39b67dd946bc63ce1865277b27a9fe81b09d95,2007,,false,,,,NOT_EVALUATED
SBS_dataScience,P4-A2-PIPELINE,origin/agent/p4-pipeline-v2,9a0571dbcc0183960bda153baedcd0a2c9dc8248,pipeline,DSJA/project_4/pipeline/runs/notebooks/observed-dev/AGENT2_20260806_01/artifacts/05ExtractRequirements/stage_metrics.json,100644,blob,3b8e71f39bc333e4adf79c579cf3110724080a68,4300,,false,,,,NOT_EVALUATED
SBS_dataScience,P4-A2-PIPELINE,origin/agent/p4-pipeline-v2,9a0571dbcc0183960bda153baedcd0a2c9dc8248,pipeline,DSJA/project_4/pipeline/runs/notebooks/observed-dev/AGENT2_20260806_01/artifacts/05ExtractRequirements/stage_quality.csv,100644,blob,eff01c447ae8659aee54fc97a5a1347b05acfb55,212,,false,,,,NOT_EVALUATED
SBS_dataScience,P4-A2-PIPELINE,origin/agent/p4-pipeline-v2,9a0571dbcc0183960bda153baedcd0a2c9dc8248,pipeline,DSJA/project_4/pipeline/runs/notebooks/observed-dev/AGENT2_20260806_01/artifacts/06Deduplicate90Days/CHECKSUMS.sha256,100644,blob,949534eacfc8cca45ad74c3c27ae03f6348c0202,255,,false,,,,NOT_EVALUATED
SBS_dataScience,P4-A2-PIPELINE,origin/agent/p4-pipeline-v2,9a0571dbcc0183960bda153baedcd0a2c9dc8248,pipeline,DSJA/project_4/pipeline/runs/notebooks/observed-dev/AGENT2_20260806_01/artifacts/06Deduplicate90Days/stage_manifest.json,100644,blob,628f881386a53d21d71939a1dd65e20750cf9b22,1545,,false,,,,NOT_EVALUATED
SBS_dataScience,P4-A2-PIPELINE,origin/agent/p4-pipeline-v2,9a0571dbcc0183960bda153baedcd0a2c9dc8248,pipeline,DSJA/project_4/pipeline/runs/notebooks/observed-dev/AGENT2_20260806_01/artifacts/06Deduplicate90Days/stage_metrics.json,100644,blob,1ba31d20ffad4919f491a2e8d73c3c3c8a807c7a,4835,,false,,,,NOT_EVALUATED
SBS_dataScience,P4-A2-PIPELINE,origin/agent/p4-pipeline-v2,9a0571dbcc0183960bda153baedcd0a2c9dc8248,pipeline,DSJA/project_4/pipeline/runs/notebooks/observed-dev/AGENT2_20260806_01/artifacts/06Deduplicate90Days/stage_quality.csv,100644,blob,57d0f235f081859aca332aae8120fbf81c5b0b26,148,,false,,,,NOT_EVALUATED
SBS_dataScience,P4-A2-PIPELINE,origin/agent/p4-pipeline-v2,9a0571dbcc0183960bda153baedcd0a2c9dc8248,pipeline,DSJA/project_4/pipeline/runs/notebooks/observed-dev/AGENT2_20260806_01/artifacts/07LabelCareerAccess/CHECKSUMS.sha256,100644,blob,6fe4805ff8c1cec6870aab24899e138f1473ec74,255,,false,,,,NOT_EVALUATED
SBS_dataScience,P4-A2-PIPELINE,origin/agent/p4-pipeline-v2,9a0571dbcc0183960bda153baedcd0a2c9dc8248,pipeline,DSJA/project_4/pipeline/runs/notebooks/observed-dev/AGENT2_20260806_01/artifacts/07LabelCareerAccess/stage_manifest.json,100644,blob,a7c2c9e9cb8f794d6ca9146b851c6cc4ec1204fa,1491,,false,,,,NOT_EVALUATED
SBS_dataScience,P4-A2-PIPELINE,origin/agent/p4-pipeline-v2,9a0571dbcc0183960bda153baedcd0a2c9dc8248,pipeline,DSJA/project_4/pipeline/runs/notebooks/observed-dev/AGENT2_20260806_01/artifacts/07LabelCareerAccess/stage_metrics.json,100644,blob,ae4d2e6914ee7bce0914fd12091b7033b6cee6ca,5118,,false,,,,NOT_EVALUATED
SBS_dataScience,P4-A2-PIPELINE,origin/agent/p4-pipeline-v2,9a0571dbcc0183960bda153baedcd0a2c9dc8248,pipeline,DSJA/project_4/pipeline/runs/notebooks/observed-dev/AGENT2_20260806_01/artifacts/07LabelCareerAccess/stage_quality.csv,100644,blob,a0cc8a84ea249edcba15d2e6f6b5d8692535b6a7,144,,false,,,,NOT_EVALUATED
SBS_dataScience,P4-A2-PIPELINE,origin/agent/p4-pipeline-v2,9a0571dbcc0183960bda153baedcd0a2c9dc8248,pipeline,DSJA/project_4/pipeline/runs/notebooks/observed-dev/AGENT2_20260806_01/artifacts/08LoadAndPrepareNcs/CHECKSUMS.sha256,100644,blob,b4fb827eb66446734f731d35364ac0eca52602b3,255,,false,,,,NOT_EVALUATED
SBS_dataScience,P4-A2-PIPELINE,origin/agent/p4-pipeline-v2,9a0571dbcc0183960bda153baedcd0a2c9dc8248,pipeline,DSJA/project_4/pipeline/runs/notebooks/observed-dev/AGENT2_20260806_01/artifacts/08LoadAndPrepareNcs/stage_manifest.json,100644,blob,cacffdd0cf2164d57eaf6f0d4a01ff32322ee7f2,1630,,false,,,,NOT_EVALUATED
SBS_dataScience,P4-A2-PIPELINE,origin/agent/p4-pipeline-v2,9a0571dbcc0183960bda153baedcd0a2c9dc8248,pipeline,DSJA/project_4/pipeline/runs/notebooks/observed-dev/AGENT2_20260806_01/artifacts/08LoadAndPrepareNcs/stage_metrics.json,100644,blob,671c718d531deb71a56b6a8a646e35b461a3379b,2740,,false,,,,NOT_EVALUATED
SBS_dataScience,P4-A2-PIPELINE,origin/agent/p4-pipeline-v2,9a0571dbcc0183960bda153baedcd0a2c9dc8248,pipeline,DSJA/project_4/pipeline/runs/notebooks/observed-dev/AGENT2_20260806_01/artifacts/08LoadAndPrepareNcs/stage_quality.csv,100644,blob,41237c33df6c3d2396ca2e535ccee470d753b287,485,,false,,,,NOT_EVALUATED
SBS_dataScience,P4-A2-PIPELINE,origin/agent/p4-pipeline-v2,9a0571dbcc0183960bda153baedcd0a2c9dc8248,pipeline,DSJA/project_4/pipeline/runs/notebooks/observed-dev/AGENT2_20260806_01/artifacts/09MapPostingToNcs/CHECKSUMS.sha256,100644,blob,ce518fea3fe44d710c66d27617f96179c90e248b,255,,false,,,,NOT_EVALUATED
SBS_dataScience,P4-A2-PIPELINE,origin/agent/p4-pipeline-v2,9a0571dbcc0183960bda153baedcd0a2c9dc8248,pipeline,DSJA/project_4/pipeline/runs/notebooks/observed-dev/AGENT2_20260806_01/artifacts/09MapPostingToNcs/stage_manifest.json,100644,blob,45c3c74feb3ed3b9a1eb104c3139dc66ad381707,2110,,false,,,,NOT_EVALUATED
SBS_dataScience,P4-A2-PIPELINE,origin/agent/p4-pipeline-v2,9a0571dbcc0183960bda153baedcd0a2c9dc8248,pipeline,DSJA/project_4/pipeline/runs/notebooks/observed-dev/AGENT2_20260806_01/artifacts/09MapPostingToNcs/stage_metrics.json,100644,blob,8380cb3dad761ff0ec728fddf1708d9c10a6290e,6603,,false,,,,NOT_EVALUATED
SBS_dataScience,P4-A2-PIPELINE,origin/agent/p4-pipeline-v2,9a0571dbcc0183960bda153baedcd0a2c9dc8248,pipeline,DSJA/project_4/pipeline/runs/notebooks/observed-dev/AGENT2_20260806_01/artifacts/09MapPostingToNcs/stage_quality.csv,100644,blob,2a81e18000d39cb3e92741147b8c2541349de433,634,,false,,,,NOT_EVALUATED
SBS_dataScience,P4-A2-PIPELINE,origin/agent/p4-pipeline-v2,9a0571dbcc0183960bda153baedcd0a2c9dc8248,pipeline,DSJA/project_4/pipeline/runs/notebooks/observed-dev/AGENT2_20260806_01/artifacts/10ExportPreprocessedCsv/CHECKSUMS.sha256,100644,blob,05d5bc2a9817501d57a7f75b6fcdd397aca2e028,255,,false,,,,NOT_EVALUATED
SBS_dataScience,P4-A2-PIPELINE,origin/agent/p4-pipeline-v2,9a0571dbcc0183960bda153baedcd0a2c9dc8248,pipeline,DSJA/project_4/pipeline/runs/notebooks/observed-dev/AGENT2_20260806_01/artifacts/10ExportPreprocessedCsv/stage_manifest.json,100644,blob,5329a0e61058f7909c683982752c4c9186ec575f,10399,,false,,,,NOT_EVALUATED
SBS_dataScience,P4-A2-PIPELINE,origin/agent/p4-pipeline-v2,9a0571dbcc0183960bda153baedcd0a2c9dc8248,pipeline,DSJA/project_4/pipeline/runs/notebooks/observed-dev/AGENT2_20260806_01/artifacts/10ExportPreprocessedCsv/stage_metrics.json,100644,blob,fe8a5d0cbb178bd05cd713c0e7573b1217c93afc,3826,,false,,,,NOT_EVALUATED
SBS_dataScience,P4-A2-PIPELINE,origin/agent/p4-pipeline-v2,9a0571dbcc0183960bda153baedcd0a2c9dc8248,pipeline,DSJA/project_4/pipeline/runs/notebooks/observed-dev/AGENT2_20260806_01/artifacts/10ExportPreprocessedCsv/stage_quality.csv,100644,blob,19077f386b8cf0b0e7c37cda96b9a0221b5b4749,153,,false,,,,NOT_EVALUATED
SBS_dataScience,P4-A2-PIPELINE,origin/agent/p4-pipeline-v2,9a0571dbcc0183960bda153baedcd0a2c9dc8248,pipeline,DSJA/project_4/pipeline/runs/notebooks/observed-dev/AGENT2_20260806_01/artifacts/11PreprocessedDataQa/CHECKSUMS.sha256,100644,blob,45d139b1c0527ae424c0c8673607022dfa9b140c,255,,false,,,,NOT_EVALUATED
SBS_dataScience,P4-A2-PIPELINE,origin/agent/p4-pipeline-v2,9a0571dbcc0183960bda153baedcd0a2c9dc8248,pipeline,DSJA/project_4/pipeline/runs/notebooks/observed-dev/AGENT2_20260806_01/artifacts/11PreprocessedDataQa/stage_manifest.json,100644,blob,cf73ba75f4d6c753f0f7fe00ce5aba4950316cbb,3967,,false,,,,NOT_EVALUATED
SBS_dataScience,P4-A2-PIPELINE,origin/agent/p4-pipeline-v2,9a0571dbcc0183960bda153baedcd0a2c9dc8248,pipeline,DSJA/project_4/pipeline/runs/notebooks/observed-dev/AGENT2_20260806_01/artifacts/11PreprocessedDataQa/stage_metrics.json,100644,blob,77f86c536cfc3f4bcd2d3fe99453818310d75aaa,2690,,false,,,,NOT_EVALUATED
SBS_dataScience,P4-A2-PIPELINE,origin/agent/p4-pipeline-v2,9a0571dbcc0183960bda153baedcd0a2c9dc8248,pipeline,DSJA/project_4/pipeline/runs/notebooks/observed-dev/AGENT2_20260806_01/artifacts/11PreprocessedDataQa/stage_quality.csv,100644,blob,a7fbb6252f6a2611d2914fa3f684d1aab10ed9d5,3343,,false,,,,NOT_EVALUATED
SBS_dataScience,P4-A2-PIPELINE,origin/agent/p4-pipeline-v2,9a0571dbcc0183960bda153baedcd0a2c9dc8248,pipeline,DSJA/project_4/pipeline/runs/notebooks/observed-dev/AGENT2_20260806_01/executed/00ContractAndInputAudit.executed.ipynb,100644,blob,6d7f6dc7c5ef6f20fb185be91334390cf0bf79f4,18246,,false,,,,NOT_EVALUATED
SBS_dataScience,P4-A2-PIPELINE,origin/agent/p4-pipeline-v2,9a0571dbcc0183960bda153baedcd0a2c9dc8248,pipeline,DSJA/project_4/pipeline/runs/notebooks/observed-dev/AGENT2_20260806_01/executed/01LoadCrawlRelease.executed.ipynb,100644,blob,b3939d86d672f2e287ce189b30e5850144baeb8c,18028,,false,,,,NOT_EVALUATED
SBS_dataScience,P4-A2-PIPELINE,origin/agent/p4-pipeline-v2,9a0571dbcc0183960bda153baedcd0a2c9dc8248,pipeline,DSJA/project_4/pipeline/runs/notebooks/observed-dev/AGENT2_20260806_01/executed/02ParseAndNormalize.executed.ipynb,100644,blob,f9283991e0ad5ac87acdad663324a52e6ad3f7dc,18224,,false,,,,NOT_EVALUATED
SBS_dataScience,P4-A2-PIPELINE,origin/agent/p4-pipeline-v2,9a0571dbcc0183960bda153baedcd0a2c9dc8248,pipeline,DSJA/project_4/pipeline/runs/notebooks/observed-dev/AGENT2_20260806_01/executed/03OcrAndSectionRecovery.executed.ipynb,100644,blob,aa13ab08ff77d221dab40ab47af4d64c2586d51f,18272,,false,,,,NOT_EVALUATED
SBS_dataScience,P4-A2-PIPELINE,origin/agent/p4-pipeline-v2,9a0571dbcc0183960bda153baedcd0a2c9dc8248,pipeline,DSJA/project_4/pipeline/runs/notebooks/observed-dev/AGENT2_20260806_01/executed/04SplitTracks.executed.ipynb,100644,blob,bd41b08580c4198255ba4153693afc697f2b5894,18015,,false,,,,NOT_EVALUATED
SBS_dataScience,P4-A2-PIPELINE,origin/agent/p4-pipeline-v2,9a0571dbcc0183960bda153baedcd0a2c9dc8248,pipeline,DSJA/project_4/pipeline/runs/notebooks/observed-dev/AGENT2_20260806_01/executed/05ExtractRequirements.executed.ipynb,100644,blob,5c69515695d1b01bb9fe7d01ebdad1b6e9ec2103,18178,,false,,,,NOT_EVALUATED
SBS_dataScience,P4-A2-PIPELINE,origin/agent/p4-pipeline-v2,9a0571dbcc0183960bda153baedcd0a2c9dc8248,pipeline,DSJA/project_4/pipeline/runs/notebooks/observed-dev/AGENT2_20260806_01/executed/06Deduplicate90Days.executed.ipynb,100644,blob,3069313f5bba937f7ff96724e097f047daa8f028,18107,,false,,,,NOT_EVALUATED
SBS_dataScience,P4-A2-PIPELINE,origin/agent/p4-pipeline-v2,9a0571dbcc0183960bda153baedcd0a2c9dc8248,pipeline,DSJA/project_4/pipeline/runs/notebooks/observed-dev/AGENT2_20260806_01/executed/07LabelCareerAccess.executed.ipynb,100644,blob,eef6983146c9c65b1ba072cb82b51f576e40d0d0,18162,,false,,,,NOT_EVALUATED
SBS_dataScience,P4-A2-PIPELINE,origin/agent/p4-pipeline-v2,9a0571dbcc0183960bda153baedcd0a2c9dc8248,pipeline,DSJA/project_4/pipeline/runs/notebooks/observed-dev/AGENT2_20260806_01/executed/08LoadAndPrepareNcs.executed.ipynb,100644,blob,9eb86610fe2afd60352487ca50ca654003dc0c76,18232,,false,,,,NOT_EVALUATED
SBS_dataScience,P4-A2-PIPELINE,origin/agent/p4-pipeline-v2,9a0571dbcc0183960bda153baedcd0a2c9dc8248,pipeline,DSJA/project_4/pipeline/runs/notebooks/observed-dev/AGENT2_20260806_01/executed/09MapPostingToNcs.executed.ipynb,100644,blob,595eeec023deb85a80b53c145327063ffef7a6cc,18274,,false,,,,NOT_EVALUATED
SBS_dataScience,P4-A2-PIPELINE,origin/agent/p4-pipeline-v2,9a0571dbcc0183960bda153baedcd0a2c9dc8248,pipeline,DSJA/project_4/pipeline/runs/notebooks/observed-dev/AGENT2_20260806_01/executed/10ExportPreprocessedCsv.executed.ipynb,100644,blob,0779c1fa8997a5293c408c69ac9c5f5f37152eb1,18411,,false,,,,NOT_EVALUATED
SBS_dataScience,P4-A2-PIPELINE,origin/agent/p4-pipeline-v2,9a0571dbcc0183960bda153baedcd0a2c9dc8248,pipeline,DSJA/project_4/pipeline/runs/notebooks/observed-dev/AGENT2_20260806_01/executed/11PreprocessedDataQa.executed.ipynb,100644,blob,0600f8860a731954b78c8bb390007699c6b77735,18186,,false,,,,NOT_EVALUATED
SBS_dataScience,P4-A2-PIPELINE,origin/agent/p4-pipeline-v2,9a0571dbcc0183960bda153baedcd0a2c9dc8248,pipeline,DSJA/project_4/pipeline/runs/notebooks/observed-dev/AGENT2_20260806_01/executed_notebooks_manifest.json,100644,blob,1190651a19dcd50fbc1abb9961d58c57da571f9a,2942,,false,,,,NOT_EVALUATED
SBS_dataScience,P4-A2-PIPELINE,origin/agent/p4-pipeline-v2,9a0571dbcc0183960bda153baedcd0a2c9dc8248,pipeline,DSJA/project_4/pipeline/scripts/bootstrap_canonical_warehouse.py,100644,blob,c32dfab143324a9e1aaa9daef145cc5c9736bc96,1509,,false,,,,NOT_EVALUATED
SBS_dataScience,P4-A2-PIPELINE,origin/agent/p4-pipeline-v2,9a0571dbcc0183960bda153baedcd0a2c9dc8248,pipeline,DSJA/project_4/pipeline/scripts/build_notebooks.py,100644,blob,5fb36531462d213eed4cb9a65a80d044135e9a9a,152,,false,,,,NOT_EVALUATED
SBS_dataScience,P4-A2-PIPELINE,origin/agent/p4-pipeline-v2,9a0571dbcc0183960bda153baedcd0a2c9dc8248,pipeline,DSJA/project_4/pipeline/scripts/build_reports.py,100644,blob,80c96318b36fe23a764288549459e92b635e6ffe,20668,,false,,,,NOT_EVALUATED
SBS_dataScience,P4-A2-PIPELINE,origin/agent/p4-pipeline-v2,9a0571dbcc0183960bda153baedcd0a2c9dc8248,pipeline,DSJA/project_4/pipeline/scripts/execute_notebooks.py,100644,blob,3c5fc91ca3159a9ee27bbc5771783918d92b98d6,5944,,false,,,,NOT_EVALUATED
SBS_dataScience,P4-A2-PIPELINE,origin/agent/p4-pipeline-v2,9a0571dbcc0183960bda153baedcd0a2c9dc8248,pipeline,DSJA/project_4/pipeline/scripts/render_notebooks.py,100644,blob,b21a12a0383d45d56d96f0b234765090cbee5854,2655,,false,,,,NOT_EVALUATED
SBS_dataScience,P4-A2-PIPELINE,origin/agent/p4-pipeline-v2,9a0571dbcc0183960bda153baedcd0a2c9dc8248,pipeline,DSJA/project_4/pipeline/scripts/run_fixture_pipeline.py,100644,blob,4d5de90573f5c1902babcee4667981cfda72a318,8288,,false,,,,NOT_EVALUATED
SBS_dataScience,P4-A2-PIPELINE,origin/agent/p4-pipeline-v2,9a0571dbcc0183960bda153baedcd0a2c9dc8248,pipeline,DSJA/project_4/pipeline/scripts/run_observed_development.py,100644,blob,9da64ce026777c94732d112f186fd61f5afd32d6,8739,,false,,,,NOT_EVALUATED
SBS_dataScience,P4-A2-PIPELINE,origin/agent/p4-pipeline-v2,9a0571dbcc0183960bda153baedcd0a2c9dc8248,pipeline,DSJA/project_4/pipeline/scripts/validate_full_release.py,100644,blob,0e0aded4257d235a944ccfa1ef25ea49836eb0c3,1577,,false,,,,NOT_EVALUATED
SBS_dataScience,P4-A2-PIPELINE,origin/agent/p4-pipeline-v2,9a0571dbcc0183960bda153baedcd0a2c9dc8248,pipeline,DSJA/project_4/pipeline/scripts/validate_partial_crawl.py,100644,blob,75cd9ec4a10bf5dae5e8be72c7f5b4233c605f1e,8128,,false,,,,NOT_EVALUATED
SBS_dataScience,P4-A2-PIPELINE,origin/agent/p4-pipeline-v2,9a0571dbcc0183960bda153baedcd0a2c9dc8248,pipeline,DSJA/project_4/pipeline/src/p4/__init__.py,100644,blob,adf3a29822fc8ae3854a0acc30f024bea1e6baa6,55,,false,,,,NOT_EVALUATED
SBS_dataScience,P4-A2-PIPELINE,origin/agent/p4-pipeline-v2,9a0571dbcc0183960bda153baedcd0a2c9dc8248,pipeline,DSJA/project_4/pipeline/src/p4/analysis/__init__.py,100644,blob,ae505b1d49f62eab929679d12f1374532b34e18b,43,,false,,,,NOT_EVALUATED
SBS_dataScience,P4-A2-PIPELINE,origin/agent/p4-pipeline-v2,9a0571dbcc0183960bda153baedcd0a2c9dc8248,pipeline,DSJA/project_4/pipeline/src/p4/analysis/segmented.py,100644,blob,520d029a6efc98af144f269e058b2299a4b473dd,3718,,false,,,,NOT_EVALUATED
SBS_dataScience,P4-A2-PIPELINE,origin/agent/p4-pipeline-v2,9a0571dbcc0183960bda153baedcd0a2c9dc8248,pipeline,DSJA/project_4/pipeline/src/p4/common/__init__.py,100644,blob,45092fd5a00285903afa8cbf71fdee2f7c8011fb,39,,false,,,,NOT_EVALUATED
SBS_dataScience,P4-A2-PIPELINE,origin/agent/p4-pipeline-v2,9a0571dbcc0183960bda153baedcd0a2c9dc8248,pipeline,DSJA/project_4/pipeline/src/p4/common/hashing.py,100644,blob,9318e0b8c0a4df69df12e40b3bcd4f07871cca2d,808,,false,,,,NOT_EVALUATED
SBS_dataScience,P4-A2-PIPELINE,origin/agent/p4-pipeline-v2,9a0571dbcc0183960bda153baedcd0a2c9dc8248,pipeline,DSJA/project_4/pipeline/src/p4/common/key_strategies.py,100644,blob,09d01568207f47df8f3f250c7c5ea420d52cbb63,5719,,false,,,,NOT_EVALUATED
SBS_dataScience,P4-A2-PIPELINE,origin/agent/p4-pipeline-v2,9a0571dbcc0183960bda153baedcd0a2c9dc8248,pipeline,DSJA/project_4/pipeline/src/p4/common/keys.py,100644,blob,1b3ec852b1f9e1e4c70c74f5d8a5e7e157959fbd,3426,,false,,,,NOT_EVALUATED
SBS_dataScience,P4-A2-PIPELINE,origin/agent/p4-pipeline-v2,9a0571dbcc0183960bda153baedcd0a2c9dc8248,pipeline,DSJA/project_4/pipeline/src/p4/common/manifest_cursor.py,100644,blob,f4d84df46330b93bdfd48cd5b20370cefdb42698,1909,,false,,,,NOT_EVALUATED
SBS_dataScience,P4-A2-PIPELINE,origin/agent/p4-pipeline-v2,9a0571dbcc0183960bda153baedcd0a2c9dc8248,pipeline,DSJA/project_4/pipeline/src/p4/common/time.py,100644,blob,4059fb4e00c56ae9f7672cfcb210d0c455046b81,1131,,false,,,,NOT_EVALUATED
SBS_dataScience,P4-A2-PIPELINE,origin/agent/p4-pipeline-v2,9a0571dbcc0183960bda153baedcd0a2c9dc8248,pipeline,DSJA/project_4/pipeline/src/p4/common/versions.py,100644,blob,024fb20f194079a80c4a4bddc53d88e3dcd99afc,395,,false,,,,NOT_EVALUATED
SBS_dataScience,P4-A2-PIPELINE,origin/agent/p4-pipeline-v2,9a0571dbcc0183960bda153baedcd0a2c9dc8248,pipeline,DSJA/project_4/pipeline/src/p4/contracts/__init__.py,100644,blob,775f27f97a146590b27e46800fc85df2fb6a212a,63,,false,,,,NOT_EVALUATED
SBS_dataScience,P4-A2-PIPELINE,origin/agent/p4-pipeline-v2,9a0571dbcc0183960bda153baedcd0a2c9dc8248,pipeline,DSJA/project_4/pipeline/src/p4/contracts/duty_input.py,100644,blob,db63e751b6d5ed2a838d83922c021daf41b13101,3525,,false,,,,NOT_EVALUATED
SBS_dataScience,P4-A2-PIPELINE,origin/agent/p4-pipeline-v2,9a0571dbcc0183960bda153baedcd0a2c9dc8248,pipeline,DSJA/project_4/pipeline/src/p4/contracts/loader.py,100644,blob,34a8104416d5c7b96f1db25f21ee005fa34f0386,13541,,false,,,,NOT_EVALUATED
SBS_dataScience,P4-A2-PIPELINE,origin/agent/p4-pipeline-v2,9a0571dbcc0183960bda153baedcd0a2c9dc8248,pipeline,DSJA/project_4/pipeline/src/p4/contracts/ncs_handoff.py,100644,blob,4d72809e06c64caadd5f576313a3274b12f98275,5540,,false,,,,NOT_EVALUATED
SBS_dataScience,P4-A2-PIPELINE,origin/agent/p4-pipeline-v2,9a0571dbcc0183960bda153baedcd0a2c9dc8248,pipeline,DSJA/project_4/pipeline/src/p4/contracts/release_validation.py,100644,blob,497e0a4537767e1ecd689b51844963afa0ee0df7,10847,,false,,,,NOT_EVALUATED
SBS_dataScience,P4-A2-PIPELINE,origin/agent/p4-pipeline-v2,9a0571dbcc0183960bda153baedcd0a2c9dc8248,pipeline,DSJA/project_4/pipeline/src/p4/contracts/validators.py,100644,blob,c93590882b549c79e1c6d5d5cbbb208e9f9b651f,12108,,false,,,,NOT_EVALUATED
SBS_dataScience,P4-A2-PIPELINE,origin/agent/p4-pipeline-v2,9a0571dbcc0183960bda153baedcd0a2c9dc8248,pipeline,DSJA/project_4/pipeline/src/p4/dedup/__init__.py,100644,blob,58d54bc9bf108d032338dff62358846316970a22,36,,false,,,,NOT_EVALUATED
SBS_dataScience,P4-A2-PIPELINE,origin/agent/p4-pipeline-v2,9a0571dbcc0183960bda153baedcd0a2c9dc8248,pipeline,DSJA/project_4/pipeline/src/p4/dedup/reposts.py,100644,blob,40fada168272bfe5d758f736edf5c2293f47135b,3884,,false,,,,NOT_EVALUATED
SBS_dataScience,P4-A2-PIPELINE,origin/agent/p4-pipeline-v2,9a0571dbcc0183960bda153baedcd0a2c9dc8248,pipeline,DSJA/project_4/pipeline/src/p4/export/__init__.py,100644,blob,59abee484cea94cb50e0c139de3186d4c739a474,264,,false,,,,NOT_EVALUATED
SBS_dataScience,P4-A2-PIPELINE,origin/agent/p4-pipeline-v2,9a0571dbcc0183960bda153baedcd0a2c9dc8248,pipeline,DSJA/project_4/pipeline/src/p4/export/observed.py,100644,blob,c427587d330ef98af4bd333fa20c743beebfad52,17982,,false,,,,NOT_EVALUATED
SBS_dataScience,P4-A2-PIPELINE,origin/agent/p4-pipeline-v2,9a0571dbcc0183960bda153baedcd0a2c9dc8248,pipeline,DSJA/project_4/pipeline/src/p4/label/__init__.py,100644,blob,3e5241fa7e622e9f0a046eeaec21ca6f7856b8b4,44,,false,,,,NOT_EVALUATED
SBS_dataScience,P4-A2-PIPELINE,origin/agent/p4-pipeline-v2,9a0571dbcc0183960bda153baedcd0a2c9dc8248,pipeline,DSJA/project_4/pipeline/src/p4/label/career.py,100644,blob,72c13bf2f1ffab9dff07fa2cbbc40c4792aa0026,1904,,false,,,,NOT_EVALUATED
SBS_dataScience,P4-A2-PIPELINE,origin/agent/p4-pipeline-v2,9a0571dbcc0183960bda153baedcd0a2c9dc8248,pipeline,DSJA/project_4/pipeline/src/p4/marts/__init__.py,100644,blob,b1441826e899aeca49608131b38347c30711842e,48,,false,,,,NOT_EVALUATED
SBS_dataScience,P4-A2-PIPELINE,origin/agent/p4-pipeline-v2,9a0571dbcc0183960bda153baedcd0a2c9dc8248,pipeline,DSJA/project_4/pipeline/src/p4/marts/posting.py,100644,blob,56fb5ff87c54c926263bccf9d44e4acf2b74343b,4749,,false,,,,NOT_EVALUATED
SBS_dataScience,P4-A2-PIPELINE,origin/agent/p4-pipeline-v2,9a0571dbcc0183960bda153baedcd0a2c9dc8248,pipeline,DSJA/project_4/pipeline/src/p4/marts/time_series.py,100644,blob,244a947b9a80e6305563fb27aecc39c7b02c9758,6711,,false,,,,NOT_EVALUATED
SBS_dataScience,P4-A2-PIPELINE,origin/agent/p4-pipeline-v2,9a0571dbcc0183960bda153baedcd0a2c9dc8248,pipeline,DSJA/project_4/pipeline/src/p4/ncs/__init__.py,100644,blob,48485c3db02c26787017025aad14365478d03803,56,,false,,,,NOT_EVALUATED
SBS_dataScience,P4-A2-PIPELINE,origin/agent/p4-pipeline-v2,9a0571dbcc0183960bda153baedcd0a2c9dc8248,pipeline,DSJA/project_4/pipeline/src/p4/ncs/bands.py,100644,blob,22207d7ab63c961fa8b70db29f0755bcae668fca,391,,false,,,,NOT_EVALUATED
SBS_dataScience,P4-A2-PIPELINE,origin/agent/p4-pipeline-v2,9a0571dbcc0183960bda153baedcd0a2c9dc8248,pipeline,DSJA/project_4/pipeline/src/p4/ncs/mapping.py,100644,blob,0119632cb144b4bf7e7aeab262cb2b960d619d30,3680,,false,,,,NOT_EVALUATED
SBS_dataScience,P4-A2-PIPELINE,origin/agent/p4-pipeline-v2,9a0571dbcc0183960bda153baedcd0a2c9dc8248,pipeline,DSJA/project_4/pipeline/src/p4/normalize/__init__.py,100644,blob,859215013be8bee085fe38592659d4b6835e2afb,30,,false,,,,NOT_EVALUATED
SBS_dataScience,P4-A2-PIPELINE,origin/agent/p4-pipeline-v2,9a0571dbcc0183960bda153baedcd0a2c9dc8248,pipeline,DSJA/project_4/pipeline/src/p4/normalize/eligibility.py,100644,blob,77edbd908444d4e27a182d14f5debf82c3130e2c,4109,,false,,,,NOT_EVALUATED
SBS_dataScience,P4-A2-PIPELINE,origin/agent/p4-pipeline-v2,9a0571dbcc0183960bda153baedcd0a2c9dc8248,pipeline,DSJA/project_4/pipeline/src/p4/normalize/linkareer.py,100644,blob,e407521caf9c732b622622d47060ebbdbd58fe7a,3949,,false,,,,NOT_EVALUATED
SBS_dataScience,P4-A2-PIPELINE,origin/agent/p4-pipeline-v2,9a0571dbcc0183960bda153baedcd0a2c9dc8248,pipeline,DSJA/project_4/pipeline/src/p4/normalize/observed_batch.py,100644,blob,7db8d42a424ea59d1aff7923f7ee3b7fe7605edf,15765,,false,,,,NOT_EVALUATED
SBS_dataScience,P4-A2-PIPELINE,origin/agent/p4-pipeline-v2,9a0571dbcc0183960bda153baedcd0a2c9dc8248,pipeline,DSJA/project_4/pipeline/src/p4/normalize/postings.py,100644,blob,44be6cfc04d33ef4165ca0145bdc71c0d856b473,5037,,false,,,,NOT_EVALUATED
SBS_dataScience,P4-A2-PIPELINE,origin/agent/p4-pipeline-v2,9a0571dbcc0183960bda153baedcd0a2c9dc8248,pipeline,DSJA/project_4/pipeline/src/p4/normalize/tracks.py,100644,blob,cf5fec5660c92f7c6438867483c59c96ccc7cef8,2679,,false,,,,NOT_EVALUATED
SBS_dataScience,P4-A2-PIPELINE,origin/agent/p4-pipeline-v2,9a0571dbcc0183960bda153baedcd0a2c9dc8248,pipeline,DSJA/project_4/pipeline/src/p4/notebooks/__init__.py,100644,blob,a7c368a6f60b116ac4f63ee086ce2780dfc0572a,142,,false,,,,NOT_EVALUATED
SBS_dataScience,P4-A2-PIPELINE,origin/agent/p4-pipeline-v2,9a0571dbcc0183960bda153baedcd0a2c9dc8248,pipeline,DSJA/project_4/pipeline/src/p4/notebooks/observed_stages.py,100644,blob,f7b3fd2f5a9d20eb3450739230a9d1304dd5abe5,34177,,false,,,,NOT_EVALUATED
SBS_dataScience,P4-A2-PIPELINE,origin/agent/p4-pipeline-v2,9a0571dbcc0183960bda153baedcd0a2c9dc8248,pipeline,DSJA/project_4/pipeline/src/p4/ocr/__init__.py,100644,blob,527b37314137c20277d79a96801ff553819ad6b8,76,,false,,,,NOT_EVALUATED
SBS_dataScience,P4-A2-PIPELINE,origin/agent/p4-pipeline-v2,9a0571dbcc0183960bda153baedcd0a2c9dc8248,pipeline,DSJA/project_4/pipeline/src/p4/parse/__init__.py,100644,blob,5894d740bd07b3a61503639d7ab843cd6358dda0,24,,false,,,,NOT_EVALUATED
SBS_dataScience,P4-A2-PIPELINE,origin/agent/p4-pipeline-v2,9a0571dbcc0183960bda153baedcd0a2c9dc8248,pipeline,DSJA/project_4/pipeline/src/p4/parse/linkareer_activity_text.py,100644,blob,5e921c501f290239d59bb0ef1e8ec5bc0157daa4,3715,,false,,,,NOT_EVALUATED
SBS_dataScience,P4-A2-PIPELINE,origin/agent/p4-pipeline-v2,9a0571dbcc0183960bda153baedcd0a2c9dc8248,pipeline,DSJA/project_4/pipeline/src/p4/parse/linkareer_apollo_cache.py,100644,blob,093ae5adca46775ee8c3053680f05456fc9f181e,6300,,false,,,,NOT_EVALUATED
SBS_dataScience,P4-A2-PIPELINE,origin/agent/p4-pipeline-v2,9a0571dbcc0183960bda153baedcd0a2c9dc8248,pipeline,DSJA/project_4/pipeline/src/p4/parse/linkareer_apq.py,100644,blob,e62078e0704be40f40b880db6649e0133a6dc96a,2357,,false,,,,NOT_EVALUATED
SBS_dataScience,P4-A2-PIPELINE,origin/agent/p4-pipeline-v2,9a0571dbcc0183960bda153baedcd0a2c9dc8248,pipeline,DSJA/project_4/pipeline/src/p4/parse/linkareer_next_data.py,100644,blob,1def304db87387517a9c103238af30e3d85391ef,1388,,false,,,,NOT_EVALUATED
SBS_dataScience,P4-A2-PIPELINE,origin/agent/p4-pipeline-v2,9a0571dbcc0183960bda153baedcd0a2c9dc8248,pipeline,DSJA/project_4/pipeline/src/p4/parse/requirements.py,100644,blob,c5272ae3d4d9b5c24009a7ad812798faa87397bf,1821,,false,,,,NOT_EVALUATED
SBS_dataScience,P4-A2-PIPELINE,origin/agent/p4-pipeline-v2,9a0571dbcc0183960bda153baedcd0a2c9dc8248,pipeline,DSJA/project_4/pipeline/src/p4/parse/sections.py,100644,blob,112db56a93f21700a162db90401ec59991f73f3f,1712,,false,,,,NOT_EVALUATED
SBS_dataScience,P4-A2-PIPELINE,origin/agent/p4-pipeline-v2,9a0571dbcc0183960bda153baedcd0a2c9dc8248,pipeline,DSJA/project_4/pipeline/src/p4/quality/__init__.py,100644,blob,7a36f42d61e391f112426ee0c814aeb7350ed508,36,,false,,,,NOT_EVALUATED
SBS_dataScience,P4-A2-PIPELINE,origin/agent/p4-pipeline-v2,9a0571dbcc0183960bda153baedcd0a2c9dc8248,pipeline,DSJA/project_4/pipeline/src/p4/quality/manifest.py,100644,blob,d1df33645ad2d6781e17f8c3f8cf16c8babebd00,572,,false,,,,NOT_EVALUATED
SBS_dataScience,P4-A2-PIPELINE,origin/agent/p4-pipeline-v2,9a0571dbcc0183960bda153baedcd0a2c9dc8248,pipeline,DSJA/project_4/pipeline/src/p4/quality/provenance.py,100644,blob,6376dd6758169f8c3823ca630615cb8eca828cdf,2860,,false,,,,NOT_EVALUATED
SBS_dataScience,P4-A2-PIPELINE,origin/agent/p4-pipeline-v2,9a0571dbcc0183960bda153baedcd0a2c9dc8248,pipeline,DSJA/project_4/pipeline/src/p4/viz/__init__.py,100644,blob,8fb5b5d6720b45088d294ae003770b3cbacc8db3,32,,false,,,,NOT_EVALUATED
SBS_dataScience,P4-A2-PIPELINE,origin/agent/p4-pipeline-v2,9a0571dbcc0183960bda153baedcd0a2c9dc8248,pipeline,DSJA/project_4/pipeline/src/p4/viz/article.py,100644,blob,00704f3632cabaa82b2f4453d9887ce5da2e0f44,1147,,false,,,,NOT_EVALUATED
SBS_dataScience,P4-A2-PIPELINE,origin/agent/p4-pipeline-v2,9a0571dbcc0183960bda153baedcd0a2c9dc8248,pipeline,DSJA/project_4/pipeline/src/p4/warehouse/__init__.py,100644,blob,cf335dd2fe8e81ad832e659b4ea59265f0ca5d45,33,,false,,,,NOT_EVALUATED
SBS_dataScience,P4-A2-PIPELINE,origin/agent/p4-pipeline-v2,9a0571dbcc0183960bda153baedcd0a2c9dc8248,pipeline,DSJA/project_4/pipeline/src/p4/warehouse/bootstrap.py,100644,blob,3c257e8debc5f16fd9d7856a170e35c250130ce9,15974,,false,,,,NOT_EVALUATED
SBS_dataScience,P4-A2-PIPELINE,origin/agent/p4-pipeline-v2,9a0571dbcc0183960bda153baedcd0a2c9dc8248,pipeline,DSJA/project_4/pipeline/src/p4/warehouse/connection.py,100644,blob,79752358bf069d650131865bcedb436763c11ed0,557,,false,,,,NOT_EVALUATED
SBS_dataScience,P4-A2-PIPELINE,origin/agent/p4-pipeline-v2,9a0571dbcc0183960bda153baedcd0a2c9dc8248,pipeline,DSJA/project_4/pipeline/src/p4/warehouse/integrity.py,100644,blob,61c894a788d8b4e59adc2fc55dfb57497f6f1834,1981,,false,,,,NOT_EVALUATED
SBS_dataScience,P4-A2-PIPELINE,origin/agent/p4-pipeline-v2,9a0571dbcc0183960bda153baedcd0a2c9dc8248,pipeline,DSJA/project_4/pipeline/src/p4/warehouse/loaders.py,100644,blob,6d100a00ec4c63d47e72e7520aae685fe40fb150,2423,,false,,,,NOT_EVALUATED
SBS_dataScience,P4-A2-PIPELINE,origin/agent/p4-pipeline-v2,9a0571dbcc0183960bda153baedcd0a2c9dc8248,pipeline,DSJA/project_4/pipeline/src/p4/warehouse/observed.py,100644,blob,9535fca06864376510a2b6f17feea59a0115de26,3853,,false,,,,NOT_EVALUATED
SBS_dataScience,P4-A2-PIPELINE,origin/agent/p4-pipeline-v2,9a0571dbcc0183960bda153baedcd0a2c9dc8248,pipeline,DSJA/project_4/pipeline/tests/fixtures/.gitkeep,100644,blob,8b137891791fe96927ad78e64b0aad7bded08bdc,1,,false,,,,NOT_EVALUATED
SBS_dataScience,P4-A2-PIPELINE,origin/agent/p4-pipeline-v2,9a0571dbcc0183960bda153baedcd0a2c9dc8248,pipeline,DSJA/project_4/pipeline/tests/fixtures/generated_structural_fixture.json,100644,blob,a5b716f0327fa04f272cdc1b2b2a016991635918,8597,,false,,,,NOT_EVALUATED
SBS_dataScience,P4-A2-PIPELINE,origin/agent/p4-pipeline-v2,9a0571dbcc0183960bda153baedcd0a2c9dc8248,pipeline,DSJA/project_4/pipeline/tests/integration/test_fixture_pipeline.py,100644,blob,767d58e05e2d0519315454d90ef3bb9ad32c6d4b,1513,,false,,,,NOT_EVALUATED
SBS_dataScience,P4-A2-PIPELINE,origin/agent/p4-pipeline-v2,9a0571dbcc0183960bda153baedcd0a2c9dc8248,pipeline,DSJA/project_4/pipeline/tests/integration/test_warehouse.py,100644,blob,f0ceb57a8a5d570a6e2f79d0677066eefb6aeaec,4005,,false,,,,NOT_EVALUATED
SBS_dataScience,P4-A2-PIPELINE,origin/agent/p4-pipeline-v2,9a0571dbcc0183960bda153baedcd0a2c9dc8248,pipeline,DSJA/project_4/pipeline/tests/unit/test_analysis.py,100644,blob,0855c332c7b21f9a8d25f83bc4cf0abae1e9b825,1436,,false,,,,NOT_EVALUATED
SBS_dataScience,P4-A2-PIPELINE,origin/agent/p4-pipeline-v2,9a0571dbcc0183960bda153baedcd0a2c9dc8248,pipeline,DSJA/project_4/pipeline/tests/unit/test_common.py,100644,blob,ff34e0f43b4101058829561f85113d11cb8ee954,2679,,false,,,,NOT_EVALUATED
SBS_dataScience,P4-A2-PIPELINE,origin/agent/p4-pipeline-v2,9a0571dbcc0183960bda153baedcd0a2c9dc8248,pipeline,DSJA/project_4/pipeline/tests/unit/test_contracts.py,100644,blob,6b9f6cbc67c488bef6a830f975ed0ee9aba1610b,7683,,false,,,,NOT_EVALUATED
SBS_dataScience,P4-A2-PIPELINE,origin/agent/p4-pipeline-v2,9a0571dbcc0183960bda153baedcd0a2c9dc8248,pipeline,DSJA/project_4/pipeline/tests/unit/test_dedup.py,100644,blob,1e79197a431ac12f3b63bb6080a82b4ca5fb3429,1906,,false,,,,NOT_EVALUATED
SBS_dataScience,P4-A2-PIPELINE,origin/agent/p4-pipeline-v2,9a0571dbcc0183960bda153baedcd0a2c9dc8248,pipeline,DSJA/project_4/pipeline/tests/unit/test_duty_input_handoff.py,100644,blob,07e7668437787adb86a285522c3eae8870740067,1037,,false,,,,NOT_EVALUATED
SBS_dataScience,P4-A2-PIPELINE,origin/agent/p4-pipeline-v2,9a0571dbcc0183960bda153baedcd0a2c9dc8248,pipeline,DSJA/project_4/pipeline/tests/unit/test_key_strategies.py,100644,blob,d560c6f369a9b0861b7c08d098d8b7eeeadca17f,3746,,false,,,,NOT_EVALUATED
SBS_dataScience,P4-A2-PIPELINE,origin/agent/p4-pipeline-v2,9a0571dbcc0183960bda153baedcd0a2c9dc8248,pipeline,DSJA/project_4/pipeline/tests/unit/test_linkareer_adapters.py,100644,blob,53a0788e0e74a8ba453dc312652b3dce0efedb08,9412,,false,,,,NOT_EVALUATED
SBS_dataScience,P4-A2-PIPELINE,origin/agent/p4-pipeline-v2,9a0571dbcc0183960bda153baedcd0a2c9dc8248,pipeline,DSJA/project_4/pipeline/tests/unit/test_marts.py,100644,blob,4cc4233e6c5c1497621d9f3d999b4e1625ffb1a7,4410,,false,,,,NOT_EVALUATED
SBS_dataScience,P4-A2-PIPELINE,origin/agent/p4-pipeline-v2,9a0571dbcc0183960bda153baedcd0a2c9dc8248,pipeline,DSJA/project_4/pipeline/tests/unit/test_ncs.py,100644,blob,412b0293930a03b3c4760e802f85ea5bffa2e692,2399,,false,,,,NOT_EVALUATED
SBS_dataScience,P4-A2-PIPELINE,origin/agent/p4-pipeline-v2,9a0571dbcc0183960bda153baedcd0a2c9dc8248,pipeline,DSJA/project_4/pipeline/tests/unit/test_notebook_renderer.py,100644,blob,7abb3c661a4bf4197cbe9ba504df238426358e89,3932,,false,,,,NOT_EVALUATED
SBS_dataScience,P4-A2-PIPELINE,origin/agent/p4-pipeline-v2,9a0571dbcc0183960bda153baedcd0a2c9dc8248,pipeline,DSJA/project_4/pipeline/tests/unit/test_observed_development.py,100644,blob,0ab25a282a57ac8058386c49695fa076e6f4dfba,10269,,false,,,,NOT_EVALUATED
SBS_dataScience,P4-A2-PIPELINE,origin/agent/p4-pipeline-v2,9a0571dbcc0183960bda153baedcd0a2c9dc8248,pipeline,DSJA/project_4/pipeline/tests/unit/test_observed_exports.py,100644,blob,497a62f474ccc4e1bac23bdb8df5617cf2abf31a,4402,,false,,,,NOT_EVALUATED
SBS_dataScience,P4-A2-PIPELINE,origin/agent/p4-pipeline-v2,9a0571dbcc0183960bda153baedcd0a2c9dc8248,pipeline,DSJA/project_4/pipeline/tests/unit/test_parse_normalize.py,100644,blob,c0a2c21976bbca9f22d6e6e3b70eadf259ffd323,2698,,false,,,,NOT_EVALUATED
SBS_dataScience,P4-A2-PIPELINE,origin/agent/p4-pipeline-v2,9a0571dbcc0183960bda153baedcd0a2c9dc8248,pipeline,DSJA/project_4/pipeline/tests/unit/test_provenance.py,100644,blob,b894bb40524d99c9109cc170dc65a0b3310d07fc,2331,,false,,,,NOT_EVALUATED
SBS_dataScience,P4-A2-PIPELINE,origin/agent/p4-pipeline-v2,9a0571dbcc0183960bda153baedcd0a2c9dc8248,pipeline,DSJA/project_4/pipeline/tests/unit/test_requirements_labels.py,100644,blob,94386044b7bcb1d50a64e438f0e79b79e1e73a0c,2865,,false,,,,NOT_EVALUATED
SBS_dataScience,P4-A2-PIPELINE,origin/agent/p4-pipeline-v2,9a0571dbcc0183960bda153baedcd0a2c9dc8248,reports,DSJA/project_4/reports/agent2/AGENT2_STATUS.json,100644,blob,d9ed5efaef2b6ec8d1dfbe24ffc7208a44a10a25,25419,,false,,,,NOT_EVALUATED
SBS_dataScience,P4-A2-PIPELINE,origin/agent/p4-pipeline-v2,9a0571dbcc0183960bda153baedcd0a2c9dc8248,reports,DSJA/project_4/reports/agent2/AGENT2_STATUS.md,100644,blob,ce631c6ab692c022d31495e02e69fa1a39b05c63,1795,,false,,,,NOT_EVALUATED
SBS_dataScience,P4-A2-PIPELINE,origin/agent/p4-pipeline-v2,9a0571dbcc0183960bda153baedcd0a2c9dc8248,shared,DSJA/project_4/shared/contracts/P4_CONTRACT_v2.1.2/AGENT3_TO_AGENT1_HANDOFF.json,100644,blob,52cd6917cb481967093e8a17e7446a5e4f6d317b,2724,,false,,,,NOT_EVALUATED
SBS_dataScience,P4-A2-PIPELINE,origin/agent/p4-pipeline-v2,9a0571dbcc0183960bda153baedcd0a2c9dc8248,shared,DSJA/project_4/shared/contracts/P4_CONTRACT_v2.1.2/AGENT3_TO_AGENT2_HANDOFF.json,100644,blob,51abfd3c93b72dbfbe774d5bc63ae9118011bb79,3671,,false,,,,NOT_EVALUATED
SBS_dataScience,P4-A2-PIPELINE,origin/agent/p4-pipeline-v2,9a0571dbcc0183960bda153baedcd0a2c9dc8248,shared,DSJA/project_4/shared/contracts/P4_CONTRACT_v2.1.2/CHECKSUMS.sha256,100644,blob,2a0a4135e043a2e57a2808bd012039b3c8b23e60,951,,false,,,,NOT_EVALUATED
SBS_dataScience,P4-A2-PIPELINE,origin/agent/p4-pipeline-v2,9a0571dbcc0183960bda153baedcd0a2c9dc8248,shared,DSJA/project_4/shared/contracts/P4_CONTRACT_v2.1.2/CONTRACT_MANIFEST.json,100644,blob,88d362a7b81d56ef623e6f2b0f3105bf29986819,2815,,false,,,,NOT_EVALUATED
SBS_dataScience,P4-A2-PIPELINE,origin/agent/p4-pipeline-v2,9a0571dbcc0183960bda153baedcd0a2c9dc8248,shared,DSJA/project_4/shared/contracts/P4_CONTRACT_v2.1.2/QUALITY_GATES.md,100644,blob,29efbf97117d11928413090bcb622598da519807,1994,,false,,,,NOT_EVALUATED
SBS_dataScience,P4-A2-PIPELINE,origin/agent/p4-pipeline-v2,9a0571dbcc0183960bda153baedcd0a2c9dc8248,shared,DSJA/project_4/shared/contracts/P4_CONTRACT_v2.1.2/SOURCE_POLICY_GATE.md,100644,blob,21a1b9286290c4c87f577a43630b0ea60d10749b,1801,,false,,,,NOT_EVALUATED
SBS_dataScience,P4-A2-PIPELINE,origin/agent/p4-pipeline-v2,9a0571dbcc0183960bda153baedcd0a2c9dc8248,shared,DSJA/project_4/shared/contracts/P4_CONTRACT_v2.1.2/data_dictionary.csv,100644,blob,de151df6fb5617586f14121756c9a09a621f80e3,152097,,false,,,,NOT_EVALUATED
SBS_dataScience,P4-A2-PIPELINE,origin/agent/p4-pipeline-v2,9a0571dbcc0183960bda153baedcd0a2c9dc8248,shared,DSJA/project_4/shared/contracts/P4_CONTRACT_v2.1.2/data_dictionary.xlsx,100644,blob,af34fc4c08a5b5c16510f8d46e8fd7980de9a957,46709,,false,,,,NOT_EVALUATED
SBS_dataScience,P4-A2-PIPELINE,origin/agent/p4-pipeline-v2,9a0571dbcc0183960bda153baedcd0a2c9dc8248,shared,DSJA/project_4/shared/contracts/P4_CONTRACT_v2.1.2/erd.mmd,100644,blob,8f4ab7bf8a33f290f311f64b967473b661cea2fd,14535,,false,,,,NOT_EVALUATED
SBS_dataScience,P4-A2-PIPELINE,origin/agent/p4-pipeline-v2,9a0571dbcc0183960bda153baedcd0a2c9dc8248,shared,DSJA/project_4/shared/contracts/P4_CONTRACT_v2.1.2/metrics.yaml,100644,blob,e6eaf5b43ef0cae26c96a4485d5b3df7dcd5ace7,15018,,false,,,,NOT_EVALUATED
SBS_dataScience,P4-A2-PIPELINE,origin/agent/p4-pipeline-v2,9a0571dbcc0183960bda153baedcd0a2c9dc8248,shared,DSJA/project_4/shared/contracts/P4_CONTRACT_v2.1.2/p4_contract.schema.json,100644,blob,8a2767b3f4c600458c9b3859dfac514b3d6e32dc,3898,,false,,,,NOT_EVALUATED
SBS_dataScience,P4-A2-PIPELINE,origin/agent/p4-pipeline-v2,9a0571dbcc0183960bda153baedcd0a2c9dc8248,shared,DSJA/project_4/shared/contracts/P4_CONTRACT_v2.1.2/p4_contract.yaml,100644,blob,760673d7b66d1d13eced6468d4daa264ba078457,146543,,false,,,,NOT_EVALUATED
SBS_dataScience,P4-A2-PIPELINE,origin/agent/p4-pipeline-v2,9a0571dbcc0183960bda153baedcd0a2c9dc8248,shared,DSJA/project_4/shared/contracts/P4_CONTRACT_v2.1.2/warehouse_duckdb.sql,100644,blob,8b58de213b78807995aae59a3d5392223a183462,101209,,false,,,,NOT_EVALUATED
SBS_dataScience,P4-A2-PIPELINE,origin/agent/p4-pipeline-v2,9a0571dbcc0183960bda153baedcd0a2c9dc8248,shared,DSJA/project_4/shared/handoffs/AGENT2_HANDOFF.json,100644,blob,73a2acc2ec206a18afcf7280e16f0820b3b4ad69,3337,,false,,,,NOT_EVALUATED
SBS_dataScience,P4-A2-PIPELINE,origin/agent/p4-pipeline-v2,9a0571dbcc0183960bda153baedcd0a2c9dc8248,shared,DSJA/project_4/shared/handoffs/AGENT2_NCS_MAPPING_ACCEPTANCE_OBSERVED_DEV.json,100644,blob,9ebdcaee10d1247f329becfe18825b6632627eda,710,,false,,,,NOT_EVALUATED
SBS_dataScience,P4-A2-PIPELINE,origin/agent/p4-pipeline-v2,9a0571dbcc0183960bda153baedcd0a2c9dc8248,shared,DSJA/project_4/shared/handoffs/AGENT2_TO_AGENT1_REQUESTS.json,100644,blob,64bc60f8e3ea5366eeb584cf1661c66f1599b2e1,3280,,false,,,,NOT_EVALUATED
SBS_dataScience,P4-A2-PIPELINE,origin/agent/p4-pipeline-v2,9a0571dbcc0183960bda153baedcd0a2c9dc8248,shared,DSJA/project_4/shared/handoffs/AGENT2_TO_AGENT3_ISSUES.json,100644,blob,ef5c1820f8da35be63e9720bcd469a75a9ca91d4,531,,false,,,,NOT_EVALUATED
SBS_dataScience,P4-A2-PIPELINE,origin/agent/p4-pipeline-v2,9a0571dbcc0183960bda153baedcd0a2c9dc8248,shared,DSJA/project_4/shared/handoffs/AGENT2_TO_AGENT4_DUTY_INPUT.json,100644,blob,ba91f4194e7fd1030216af7452bf0a7de9bc56d4,4878,,false,,,,NOT_EVALUATED
SBS_dataScience,P4-A2-PIPELINE,origin/agent/p4-pipeline-v2,9a0571dbcc0183960bda153baedcd0a2c9dc8248,shared,DSJA/project_4/shared/handoffs/AGENT2_TO_AGENT4_DUTY_INPUT_OBSERVED_DEV.json,100644,blob,f4af7b0ecc1c50d556ac73424b395600e14f5bc5,15800,,false,,,,NOT_EVALUATED
SBS_dataScience,P4-A2-PIPELINE,origin/agent/p4-pipeline-v2,9a0571dbcc0183960bda153baedcd0a2c9dc8248,shared,DSJA/project_4/shared/handoffs/AGENT3_TO_AGENT1_HANDOFF.json,100644,blob,52cd6917cb481967093e8a17e7446a5e4f6d317b,2724,,false,,,,NOT_EVALUATED
SBS_dataScience,P4-A2-PIPELINE,origin/agent/p4-pipeline-v2,9a0571dbcc0183960bda153baedcd0a2c9dc8248,shared,DSJA/project_4/shared/handoffs/AGENT3_TO_AGENT2_HANDOFF.json,100644,blob,51abfd3c93b72dbfbe774d5bc63ae9118011bb79,3671,,false,,,,NOT_EVALUATED
SBS_dataScience,P4-A3-CONTROL,origin/agent/p4-integration-cleanup-v2,b64270bd4ab839ec750a4ceceb08d57957c88782,.env.example,DSJA/project_4/.env.example,100644,blob,77ae217a467184be23f4b933decc760569b52c1c,814,/home/sieg/projects-wsl/worktrees/p4-orchestrator,true,814,77ae217a467184be23f4b933decc760569b52c1c,true,PASS
SBS_dataScience,P4-A3-CONTROL,origin/agent/p4-integration-cleanup-v2,b64270bd4ab839ec750a4ceceb08d57957c88782,.gitignore,DSJA/project_4/.gitignore,100644,blob,6ece173948c1742dc3ad69a41eff11203a47df99,464,/home/sieg/projects-wsl/worktrees/p4-orchestrator,true,464,6ece173948c1742dc3ad69a41eff11203a47df99,true,PASS
SBS_dataScience,P4-A3-CONTROL,origin/agent/p4-integration-cleanup-v2,b64270bd4ab839ec750a4ceceb08d57957c88782,README.md,DSJA/project_4/README.md,100644,blob,0144594de0184d94a8285b3674acc75d8c3e97b0,574,/home/sieg/projects-wsl/worktrees/p4-orchestrator,true,574,0144594de0184d94a8285b3674acc75d8c3e97b0,true,PASS
SBS_dataScience,P4-A3-CONTROL,origin/agent/p4-integration-cleanup-v2,b64270bd4ab839ec750a4ceceb08d57957c88782,crawl,DSJA/project_4/crawl/archive/invalid_notebooks/INVALID_NOTEBOOK_AUDIT.json,100644,blob,4fe2eb5c5ee953bdb1e4cb4f890557523c164ba0,385,/home/sieg/projects-wsl/worktrees/p4-orchestrator,true,385,4fe2eb5c5ee953bdb1e4cb4f890557523c164ba0,true,PASS
SBS_dataScience,P4-A3-CONTROL,origin/agent/p4-integration-cleanup-v2,b64270bd4ab839ec750a4ceceb08d57957c88782,crawl,DSJA/project_4/crawl/archive/invalid_notebooks/P4 Notebook-First.ipynb.zero-byte.invalid,100644,blob,e69de29bb2d1d6434b8b29ae775ad8c2e48c5391,0,/home/sieg/projects-wsl/worktrees/p4-orchestrator,true,0,e69de29bb2d1d6434b8b29ae775ad8c2e48c5391,true,PASS
SBS_dataScience,P4-A3-CONTROL,origin/agent/p4-integration-cleanup-v2,b64270bd4ab839ec750a4ceceb08d57957c88782,crawl,DSJA/project_4/crawl/control/NOTEBOOK_EXECUTION_CONTRACT.md,100644,blob,17682cdeb83595743fce6cbdcbdb0256419950f1,6031,/home/sieg/projects-wsl/worktrees/p4-orchestrator,true,6031,17682cdeb83595743fce6cbdcbdb0256419950f1,true,PASS
SBS_dataScience,P4-A3-CONTROL,origin/agent/p4-integration-cleanup-v2,b64270bd4ab839ec750a4ceceb08d57957c88782,crawl,DSJA/project_4/crawl/control/NOTEBOOK_EXECUTION_CONTRACT.schema.json,100644,blob,f5f7e536743e97970479f64554055661cffdab89,3807,/home/sieg/projects-wsl/worktrees/p4-orchestrator,true,3807,f5f7e536743e97970479f64554055661cffdab89,true,PASS
SBS_dataScience,P4-A3-CONTROL,origin/agent/p4-integration-cleanup-v2,b64270bd4ab839ec750a4ceceb08d57957c88782,crawl,DSJA/project_4/crawl/control/NOTEBOOK_GATE_MATRIX.csv,100644,blob,7fbb18dc6945bfca7d5c476eeb0541ed4db5a9c1,2737,/home/sieg/projects-wsl/worktrees/p4-orchestrator,true,2737,7fbb18dc6945bfca7d5c476eeb0541ed4db5a9c1,true,PASS
SBS_dataScience,P4-A3-CONTROL,origin/agent/p4-integration-cleanup-v2,b64270bd4ab839ec750a4ceceb08d57957c88782,crawl,DSJA/project_4/crawl/control/NOTEBOOK_STAGE_REGISTRY.yaml,100644,blob,1c8186d9948f68aad96b6f6bda7873ccf3a1f626,13463,/home/sieg/projects-wsl/worktrees/p4-orchestrator,true,13463,1c8186d9948f68aad96b6f6bda7873ccf3a1f626,true,PASS
SBS_dataScience,P4-A3-CONTROL,origin/agent/p4-integration-cleanup-v2,b64270bd4ab839ec750a4ceceb08d57957c88782,crawl,DSJA/project_4/crawl/control/STAGE_MANIFEST.schema.json,100644,blob,0d1c8ace817f44f4b8db5bf08d9c02104e684f36,5174,/home/sieg/projects-wsl/worktrees/p4-orchestrator,true,5174,0d1c8ace817f44f4b8db5bf08d9c02104e684f36,true,PASS
SBS_dataScience,P4-A3-CONTROL,origin/agent/p4-integration-cleanup-v2,b64270bd4ab839ec750a4ceceb08d57957c88782,crawl,DSJA/project_4/crawl/control/STAGE_METRICS.schema.json,100644,blob,b08cd7df5608c900441293d9afdb76707641091b,2804,/home/sieg/projects-wsl/worktrees/p4-orchestrator,true,2804,b08cd7df5608c900441293d9afdb76707641091b,true,PASS
SBS_dataScience,P4-A3-CONTROL,origin/agent/p4-integration-cleanup-v2,b64270bd4ab839ec750a4ceceb08d57957c88782,crawl,DSJA/project_4/crawl/control/__init__.py,100644,blob,d88a5edc6910453c77aaafa75f4561771bb8b28e,56,/home/sieg/projects-wsl/worktrees/p4-orchestrator,true,56,d88a5edc6910453c77aaafa75f4561771bb8b28e,true,PASS
SBS_dataScience,P4-A3-CONTROL,origin/agent/p4-integration-cleanup-v2,b64270bd4ab839ec750a4ceceb08d57957c88782,crawl,DSJA/project_4/crawl/control/notebook_bundle.py,100644,blob,d6d46dc61a4e1fa5b624e7f5b40d7d952e0bf133,24078,/home/sieg/projects-wsl/worktrees/p4-orchestrator,true,24078,d6d46dc61a4e1fa5b624e7f5b40d7d952e0bf133,true,PASS
SBS_dataScience,P4-A3-CONTROL,origin/agent/p4-integration-cleanup-v2,b64270bd4ab839ec750a4ceceb08d57957c88782,crawl,DSJA/project_4/crawl/control/tests/test_control.py,100644,blob,4cf72316daafe0d51e5e3d264ae2707222e0c101,3991,/home/sieg/projects-wsl/worktrees/p4-orchestrator,true,3991,4cf72316daafe0d51e5e3d264ae2707222e0c101,true,PASS
SBS_dataScience,P4-A3-CONTROL,origin/agent/p4-integration-cleanup-v2,b64270bd4ab839ec750a4ceceb08d57957c88782,crawl,DSJA/project_4/crawl/control/validate_control.py,100644,blob,c1002a18ed79ee481b8ea9d06c4748644808a957,13595,/home/sieg/projects-wsl/worktrees/p4-orchestrator,true,13595,c1002a18ed79ee481b8ea9d06c4748644808a957,true,PASS
SBS_dataScience,P4-A3-CONTROL,origin/agent/p4-integration-cleanup-v2,b64270bd4ab839ec750a4ceceb08d57957c88782,crawl,DSJA/project_4/crawl/notebooks/P4_Notebook_First_Master.ipynb,100644,blob,8b50cbdebdff834f2a0cd68c21a0ce0e2a91eadb,10005,/home/sieg/projects-wsl/worktrees/p4-orchestrator,true,10005,8b50cbdebdff834f2a0cd68c21a0ce0e2a91eadb,true,PASS
SBS_dataScience,P4-A3-CONTROL,origin/agent/p4-integration-cleanup-v2,b64270bd4ab839ec750a4ceceb08d57957c88782,crawl,DSJA/project_4/crawl/reports/m1_notebook_build/CHECKSUMS.sha256,100644,blob,37e354fe87557a57c198f6c9de87c5182c701705,767,/home/sieg/projects-wsl/worktrees/p4-orchestrator,true,767,37e354fe87557a57c198f6c9de87c5182c701705,true,PASS
SBS_dataScience,P4-A3-CONTROL,origin/agent/p4-integration-cleanup-v2,b64270bd4ab839ec750a4ceceb08d57957c88782,crawl,DSJA/project_4/crawl/reports/m1_notebook_build/NOTEBOOK_BUILD_FINAL_REPORT.json,100644,blob,ee644d42db2664918237f0acc7eafa7071070d28,807,/home/sieg/projects-wsl/worktrees/p4-orchestrator,true,807,ee644d42db2664918237f0acc7eafa7071070d28,true,PASS
SBS_dataScience,P4-A3-CONTROL,origin/agent/p4-integration-cleanup-v2,b64270bd4ab839ec750a4ceceb08d57957c88782,crawl,DSJA/project_4/crawl/reports/m1_notebook_build/NOTEBOOK_BUILD_FINAL_REPORT.md,100644,blob,cadf11e8c6c16608d98b4880bf1bc43891cae77f,2977,/home/sieg/projects-wsl/worktrees/p4-orchestrator,true,2977,cadf11e8c6c16608d98b4880bf1bc43891cae77f,true,PASS
SBS_dataScience,P4-A3-CONTROL,origin/agent/p4-integration-cleanup-v2,b64270bd4ab839ec750a4ceceb08d57957c88782,crawl,DSJA/project_4/crawl/reports/m1_notebook_build/NOTEBOOK_CELL_INVENTORY.csv,100644,blob,5c2737ee8a2b91d929194053c5e9503913e47804,28561,/home/sieg/projects-wsl/worktrees/p4-orchestrator,true,28561,5c2737ee8a2b91d929194053c5e9503913e47804,true,PASS
SBS_dataScience,P4-A3-CONTROL,origin/agent/p4-integration-cleanup-v2,b64270bd4ab839ec750a4ceceb08d57957c88782,crawl,DSJA/project_4/crawl/reports/m1_notebook_build/NOTEBOOK_EXECUTION_RESULTS.csv,100644,blob,4a22117f90c4937f7ab8f1bd1e02ed40e65f62aa,14417,/home/sieg/projects-wsl/worktrees/p4-orchestrator,true,14417,4a22117f90c4937f7ab8f1bd1e02ed40e65f62aa,true,PASS
SBS_dataScience,P4-A3-CONTROL,origin/agent/p4-integration-cleanup-v2,b64270bd4ab839ec750a4ceceb08d57957c88782,crawl,DSJA/project_4/crawl/reports/m1_notebook_build/NOTEBOOK_FILE_INVENTORY.csv,100644,blob,ab4094d3ef7b02502c3546449718b9bc3b1f5533,14709,/home/sieg/projects-wsl/worktrees/p4-orchestrator,true,14709,ab4094d3ef7b02502c3546449718b9bc3b1f5533,true,PASS
SBS_dataScience,P4-A3-CONTROL,origin/agent/p4-integration-cleanup-v2,b64270bd4ab839ec750a4ceceb08d57957c88782,crawl,DSJA/project_4/crawl/reports/m1_notebook_build/NOTEBOOK_GATE_RESULTS.csv,100644,blob,078716bcbec96b021ea8b98fe3a290479e731eb5,577,/home/sieg/projects-wsl/worktrees/p4-orchestrator,true,577,078716bcbec96b021ea8b98fe3a290479e731eb5,true,PASS
SBS_dataScience,P4-A3-CONTROL,origin/agent/p4-integration-cleanup-v2,b64270bd4ab839ec750a4ceceb08d57957c88782,crawl,DSJA/project_4/crawl/reports/m1_notebook_build/NOTEBOOK_MODULE_CALL_MATRIX.csv,100644,blob,d860a61ce1f804277aaf7e2d1c8b268197d2717d,11372,/home/sieg/projects-wsl/worktrees/p4-orchestrator,true,11372,d860a61ce1f804277aaf7e2d1c8b268197d2717d,true,PASS
SBS_dataScience,P4-A3-CONTROL,origin/agent/p4-integration-cleanup-v2,b64270bd4ab839ec750a4ceceb08d57957c88782,crawl,DSJA/project_4/crawl/reports/m1_notebook_build/NOTEBOOK_OUTPUT_ARTIFACTS.csv,100644,blob,2b7f3266a7db4abc76502c11705ba2d7ccc96d2b,83955,/home/sieg/projects-wsl/worktrees/p4-orchestrator,true,83955,2b7f3266a7db4abc76502c11705ba2d7ccc96d2b,true,PASS
SBS_dataScience,P4-A3-CONTROL,origin/agent/p4-integration-cleanup-v2,b64270bd4ab839ec750a4ceceb08d57957c88782,crawl,DSJA/project_4/crawl/runs/notebooks/observed-dev/MASTER_20260806_01/NOTEBOOK_EXECUTION_RESULTS.csv,100644,blob,fbf6157b2226d3d3411c43a0144c6e1c2d6a5490,557,/home/sieg/projects-wsl/worktrees/p4-orchestrator,true,557,fbf6157b2226d3d3411c43a0144c6e1c2d6a5490,true,PASS
SBS_dataScience,P4-A3-CONTROL,origin/agent/p4-integration-cleanup-v2,b64270bd4ab839ec750a4ceceb08d57957c88782,crawl,DSJA/project_4/crawl/runs/notebooks/observed-dev/MASTER_20260806_01/executed/crawl/notebooks/P4_Notebook_First_Master.ipynb,100644,blob,3146ab0a048e63e6c0875fe9069b2100c2b9160c,56824,/home/sieg/projects-wsl/worktrees/p4-orchestrator,true,56824,3146ab0a048e63e6c0875fe9069b2100c2b9160c,true,PASS
SBS_dataScience,P4-A3-CONTROL,origin/agent/p4-integration-cleanup-v2,b64270bd4ab839ec750a4ceceb08d57957c88782,crawl,DSJA/project_4/crawl/runs/notebooks/observed-dev/MASTER_20260806_01/stages/crawl/notebooks/P4_Notebook_First_Master/CHECKSUMS.sha256,100644,blob,157f205de4ef3cc3be05ceec3957fabc4d301a41,255,/home/sieg/projects-wsl/worktrees/p4-orchestrator,true,255,157f205de4ef3cc3be05ceec3957fabc4d301a41,true,PASS
SBS_dataScience,P4-A3-CONTROL,origin/agent/p4-integration-cleanup-v2,b64270bd4ab839ec750a4ceceb08d57957c88782,crawl,DSJA/project_4/crawl/runs/notebooks/observed-dev/MASTER_20260806_01/stages/crawl/notebooks/P4_Notebook_First_Master/stage_manifest.json,100644,blob,ece704fcb61a3b0df8cdf474af06ba825a0907a6,1833,/home/sieg/projects-wsl/worktrees/p4-orchestrator,true,1833,ece704fcb61a3b0df8cdf474af06ba825a0907a6,true,PASS
SBS_dataScience,P4-A3-CONTROL,origin/agent/p4-integration-cleanup-v2,b64270bd4ab839ec750a4ceceb08d57957c88782,crawl,DSJA/project_4/crawl/runs/notebooks/observed-dev/MASTER_20260806_01/stages/crawl/notebooks/P4_Notebook_First_Master/stage_metrics.json,100644,blob,6b9e4509d918be06dd4aae1bf96ed5747aad2346,1146,/home/sieg/projects-wsl/worktrees/p4-orchestrator,true,1146,6b9e4509d918be06dd4aae1bf96ed5747aad2346,true,PASS
SBS_dataScience,P4-A3-CONTROL,origin/agent/p4-integration-cleanup-v2,b64270bd4ab839ec750a4ceceb08d57957c88782,crawl,DSJA/project_4/crawl/runs/notebooks/observed-dev/MASTER_20260806_01/stages/crawl/notebooks/P4_Notebook_First_Master/stage_quality.csv,100644,blob,f0ed7a82a2441a31dcda6462adb8af9a42a675bf,355,/home/sieg/projects-wsl/worktrees/p4-orchestrator,true,355,f0ed7a82a2441a31dcda6462adb8af9a42a675bf,true,PASS
SBS_dataScience,P4-A3-CONTROL,origin/agent/p4-integration-cleanup-v2,b64270bd4ab839ec750a4ceceb08d57957c88782,crawl,DSJA/project_4/crawl/runs/notebooks/observed-dev/MASTER_20260806_01/stages/crawl/notebooks/children/NOTEBOOK_EXECUTION_RESULTS.csv,100644,blob,5e4a2a56da227a844262fc692b463a4079d1c292,11155,/home/sieg/projects-wsl/worktrees/p4-orchestrator,true,11155,5e4a2a56da227a844262fc692b463a4079d1c292,true,PASS
SBS_dataScience,P4-A3-CONTROL,origin/agent/p4-integration-cleanup-v2,b64270bd4ab839ec750a4ceceb08d57957c88782,crawl,DSJA/project_4/crawl/runs/notebooks/observed-dev/MASTER_20260806_01/stages/crawl/notebooks/children/agent_runs/AGENT1/A1-00-RECOVER/CHECKSUMS.sha256,100644,blob,e536640f4b5fb72cd9441b1b64f5480b2883bef5,776,/home/sieg/projects-wsl/worktrees/p4-orchestrator,true,776,e536640f4b5fb72cd9441b1b64f5480b2883bef5,true,PASS
SBS_dataScience,P4-A3-CONTROL,origin/agent/p4-integration-cleanup-v2,b64270bd4ab839ec750a4ceceb08d57957c88782,crawl,DSJA/project_4/crawl/runs/notebooks/observed-dev/MASTER_20260806_01/stages/crawl/notebooks/children/agent_runs/AGENT1/A1-00-RECOVER/asset_frontier.csv,100644,blob,b05b22577fab0e6275b0168503857244c678f942,74,/home/sieg/projects-wsl/worktrees/p4-orchestrator,true,74,b05b22577fab0e6275b0168503857244c678f942,true,PASS
SBS_dataScience,P4-A3-CONTROL,origin/agent/p4-integration-cleanup-v2,b64270bd4ab839ec750a4ceceb08d57957c88782,crawl,DSJA/project_4/crawl/runs/notebooks/observed-dev/MASTER_20260806_01/stages/crawl/notebooks/children/agent_runs/AGENT1/A1-00-RECOVER/asset_frontier.parquet,100644,blob,7c180819d7385f94ef0d387e30fd23ca191ccc97,3246,/home/sieg/projects-wsl/worktrees/p4-orchestrator,true,3246,7c180819d7385f94ef0d387e30fd23ca191ccc97,true,PASS
SBS_dataScience,P4-A3-CONTROL,origin/agent/p4-integration-cleanup-v2,b64270bd4ab839ec750a4ceceb08d57957c88782,crawl,DSJA/project_4/crawl/runs/notebooks/observed-dev/MASTER_20260806_01/stages/crawl/notebooks/children/agent_runs/AGENT1/A1-00-RECOVER/detail_frontier.csv,100644,blob,a14280db48c7075d101e355aabc057638e59c841,13019,/home/sieg/projects-wsl/worktrees/p4-orchestrator,true,13019,a14280db48c7075d101e355aabc057638e59c841,true,PASS
SBS_dataScience,P4-A3-CONTROL,origin/agent/p4-integration-cleanup-v2,b64270bd4ab839ec750a4ceceb08d57957c88782,crawl,DSJA/project_4/crawl/runs/notebooks/observed-dev/MASTER_20260806_01/stages/crawl/notebooks/children/agent_runs/AGENT1/A1-00-RECOVER/detail_frontier.parquet,100644,blob,e78c1289faa04060252e1ab021beb04fed1c48a1,12809,/home/sieg/projects-wsl/worktrees/p4-orchestrator,true,12809,e78c1289faa04060252e1ab021beb04fed1c48a1,true,PASS
SBS_dataScience,P4-A3-CONTROL,origin/agent/p4-integration-cleanup-v2,b64270bd4ab839ec750a4ceceb08d57957c88782,crawl,DSJA/project_4/crawl/runs/notebooks/observed-dev/MASTER_20260806_01/stages/crawl/notebooks/children/agent_runs/AGENT1/A1-00-RECOVER/remaining_months.csv,100644,blob,f1b6000b9fb45c06a2e0b01062d6b1f08023a13b,158,/home/sieg/projects-wsl/worktrees/p4-orchestrator,true,158,f1b6000b9fb45c06a2e0b01062d6b1f08023a13b,true,PASS
SBS_dataScience,P4-A3-CONTROL,origin/agent/p4-integration-cleanup-v2,b64270bd4ab839ec750a4ceceb08d57957c88782,crawl,DSJA/project_4/crawl/runs/notebooks/observed-dev/MASTER_20260806_01/stages/crawl/notebooks/children/agent_runs/AGENT1/A1-00-RECOVER/resume_state.json,100644,blob,a6b056a9fecef3725b4f1d5c6796fe90960562cc,283,/home/sieg/projects-wsl/worktrees/p4-orchestrator,true,283,a6b056a9fecef3725b4f1d5c6796fe90960562cc,true,PASS
SBS_dataScience,P4-A3-CONTROL,origin/agent/p4-integration-cleanup-v2,b64270bd4ab839ec750a4ceceb08d57957c88782,crawl,DSJA/project_4/crawl/runs/notebooks/observed-dev/MASTER_20260806_01/stages/crawl/notebooks/children/agent_runs/AGENT1/A1-00-RECOVER/stage_manifest.json,100644,blob,3c628b158dd1ecadafa10bb596a81df3e8d47038,4995,/home/sieg/projects-wsl/worktrees/p4-orchestrator,true,4995,3c628b158dd1ecadafa10bb596a81df3e8d47038,true,PASS
SBS_dataScience,P4-A3-CONTROL,origin/agent/p4-integration-cleanup-v2,b64270bd4ab839ec750a4ceceb08d57957c88782,crawl,DSJA/project_4/crawl/runs/notebooks/observed-dev/MASTER_20260806_01/stages/crawl/notebooks/children/agent_runs/AGENT1/A1-00-RECOVER/stage_metrics.json,100644,blob,c8f88320c963d496321941d6200adf82958fd588,3048,/home/sieg/projects-wsl/worktrees/p4-orchestrator,true,3048,c8f88320c963d496321941d6200adf82958fd588,true,PASS
SBS_dataScience,P4-A3-CONTROL,origin/agent/p4-integration-cleanup-v2,b64270bd4ab839ec750a4ceceb08d57957c88782,crawl,DSJA/project_4/crawl/runs/notebooks/observed-dev/MASTER_20260806_01/stages/crawl/notebooks/children/agent_runs/AGENT1/A1-00-RECOVER/stage_quality.csv,100644,blob,714d2e8b2e8f7ae88b1d7f44d00bb4654a2cf9a2,456,/home/sieg/projects-wsl/worktrees/p4-orchestrator,true,456,714d2e8b2e8f7ae88b1d7f44d00bb4654a2cf9a2,true,PASS
SBS_dataScience,P4-A3-CONTROL,origin/agent/p4-integration-cleanup-v2,b64270bd4ab839ec750a4ceceb08d57957c88782,crawl,DSJA/project_4/crawl/runs/notebooks/observed-dev/MASTER_20260806_01/stages/crawl/notebooks/children/agent_runs/AGENT1/A1-01-INDEX/CHECKSUMS.sha256,100644,blob,5925b8325b3f7b55b312fec0147e6d02a97c9e9f,536,/home/sieg/projects-wsl/worktrees/p4-orchestrator,true,536,5925b8325b3f7b55b312fec0147e6d02a97c9e9f,true,PASS
SBS_dataScience,P4-A3-CONTROL,origin/agent/p4-integration-cleanup-v2,b64270bd4ab839ec750a4ceceb08d57957c88782,crawl,DSJA/project_4/crawl/runs/notebooks/observed-dev/MASTER_20260806_01/stages/crawl/notebooks/children/agent_runs/AGENT1/A1-01-INDEX/fixture_apq_audit.json,100644,blob,fad3d79a5637826440b7adff828424640dd978bd,299,/home/sieg/projects-wsl/worktrees/p4-orchestrator,true,299,fad3d79a5637826440b7adff828424640dd978bd,true,PASS
SBS_dataScience,P4-A3-CONTROL,origin/agent/p4-integration-cleanup-v2,b64270bd4ab839ec750a4ceceb08d57957c88782,crawl,DSJA/project_4/crawl/runs/notebooks/observed-dev/MASTER_20260806_01/stages/crawl/notebooks/children/agent_runs/AGENT1/A1-01-INDEX/posting_discovery_index.csv,100644,blob,c8798a33b447b4a247168a5adfaec37910f7c8af,26326,/home/sieg/projects-wsl/worktrees/p4-orchestrator,true,26326,c8798a33b447b4a247168a5adfaec37910f7c8af,true,PASS
SBS_dataScience,P4-A3-CONTROL,origin/agent/p4-integration-cleanup-v2,b64270bd4ab839ec750a4ceceb08d57957c88782,crawl,DSJA/project_4/crawl/runs/notebooks/observed-dev/MASTER_20260806_01/stages/crawl/notebooks/children/agent_runs/AGENT1/A1-01-INDEX/posting_discovery_index.parquet,100644,blob,917f7d5873c5a96f6675d4d1f20cc7a6983243f4,5803,/home/sieg/projects-wsl/worktrees/p4-orchestrator,true,5803,917f7d5873c5a96f6675d4d1f20cc7a6983243f4,true,PASS
SBS_dataScience,P4-A3-CONTROL,origin/agent/p4-integration-cleanup-v2,b64270bd4ab839ec750a4ceceb08d57957c88782,crawl,DSJA/project_4/crawl/runs/notebooks/observed-dev/MASTER_20260806_01/stages/crawl/notebooks/children/agent_runs/AGENT1/A1-01-INDEX/stage_manifest.json,100644,blob,56272287ddf459b8cae5f76882c284d3827ab768,3430,/home/sieg/projects-wsl/worktrees/p4-orchestrator,true,3430,56272287ddf459b8cae5f76882c284d3827ab768,true,PASS
SBS_dataScience,P4-A3-CONTROL,origin/agent/p4-integration-cleanup-v2,b64270bd4ab839ec750a4ceceb08d57957c88782,crawl,DSJA/project_4/crawl/runs/notebooks/observed-dev/MASTER_20260806_01/stages/crawl/notebooks/children/agent_runs/AGENT1/A1-01-INDEX/stage_metrics.json,100644,blob,38d30a9b35bcbe411c627300bb40d0c16650c9ef,2527,/home/sieg/projects-wsl/worktrees/p4-orchestrator,true,2527,38d30a9b35bcbe411c627300bb40d0c16650c9ef,true,PASS
SBS_dataScience,P4-A3-CONTROL,origin/agent/p4-integration-cleanup-v2,b64270bd4ab839ec750a4ceceb08d57957c88782,crawl,DSJA/project_4/crawl/runs/notebooks/observed-dev/MASTER_20260806_01/stages/crawl/notebooks/children/agent_runs/AGENT1/A1-01-INDEX/stage_quality.csv,100644,blob,68ec405c0404a6598e4b64d80c087a4f28b17ec4,443,/home/sieg/projects-wsl/worktrees/p4-orchestrator,true,443,68ec405c0404a6598e4b64d80c087a4f28b17ec4,true,PASS
SBS_dataScience,P4-A3-CONTROL,origin/agent/p4-integration-cleanup-v2,b64270bd4ab839ec750a4ceceb08d57957c88782,crawl,DSJA/project_4/crawl/runs/notebooks/observed-dev/MASTER_20260806_01/stages/crawl/notebooks/children/agent_runs/AGENT1/A1-02-DETAIL/CHECKSUMS.sha256,100644,blob,b8bb1e99e0374c5a085c6917766082358b9f905a,624,/home/sieg/projects-wsl/worktrees/p4-orchestrator,true,624,b8bb1e99e0374c5a085c6917766082358b9f905a,true,PASS
SBS_dataScience,P4-A3-CONTROL,origin/agent/p4-integration-cleanup-v2,b64270bd4ab839ec750a4ceceb08d57957c88782,crawl,DSJA/project_4/crawl/runs/notebooks/observed-dev/MASTER_20260806_01/stages/crawl/notebooks/children/agent_runs/AGENT1/A1-02-DETAIL/posting_detail_replay.csv,100644,blob,36a52223b0358b66a62493cc30511bcdc45a1873,24725,/home/sieg/projects-wsl/worktrees/p4-orchestrator,true,24725,36a52223b0358b66a62493cc30511bcdc45a1873,true,PASS
SBS_dataScience,P4-A3-CONTROL,origin/agent/p4-integration-cleanup-v2,b64270bd4ab839ec750a4ceceb08d57957c88782,crawl,DSJA/project_4/crawl/runs/notebooks/observed-dev/MASTER_20260806_01/stages/crawl/notebooks/children/agent_runs/AGENT1/A1-02-DETAIL/posting_detail_replay.parquet,100644,blob,e60729c5ceeded1f9dfce7fe619cbfae2b4f8530,27468,/home/sieg/projects-wsl/worktrees/p4-orchestrator,true,27468,e60729c5ceeded1f9dfce7fe619cbfae2b4f8530,true,PASS
SBS_dataScience,P4-A3-CONTROL,origin/agent/p4-integration-cleanup-v2,b64270bd4ab839ec750a4ceceb08d57957c88782,crawl,DSJA/project_4/crawl/runs/notebooks/observed-dev/MASTER_20260806_01/stages/crawl/notebooks/children/agent_runs/AGENT1/A1-02-DETAIL/raw_replay_failures.json,100644,blob,fe51488c7066f6687ef680d6bfaa4f7768ef205c,3,/home/sieg/projects-wsl/worktrees/p4-orchestrator,true,3,fe51488c7066f6687ef680d6bfaa4f7768ef205c,true,PASS
SBS_dataScience,P4-A3-CONTROL,origin/agent/p4-integration-cleanup-v2,b64270bd4ab839ec750a4ceceb08d57957c88782,crawl,DSJA/project_4/crawl/runs/notebooks/observed-dev/MASTER_20260806_01/stages/crawl/notebooks/children/agent_runs/AGENT1/A1-02-DETAIL/raw_replay_metrics.json,100644,blob,6d73702814220b31c8550616d310043cf6eafd29,197,/home/sieg/projects-wsl/worktrees/p4-orchestrator,true,197,6d73702814220b31c8550616d310043cf6eafd29,true,PASS
SBS_dataScience,P4-A3-CONTROL,origin/agent/p4-integration-cleanup-v2,b64270bd4ab839ec750a4ceceb08d57957c88782,crawl,DSJA/project_4/crawl/runs/notebooks/observed-dev/MASTER_20260806_01/stages/crawl/notebooks/children/agent_runs/AGENT1/A1-02-DETAIL/stage_manifest.json,100644,blob,1971a5941d5afaf15c97b4e308cf8d57425d6eda,4234,/home/sieg/projects-wsl/worktrees/p4-orchestrator,true,4234,1971a5941d5afaf15c97b4e308cf8d57425d6eda,true,PASS
SBS_dataScience,P4-A3-CONTROL,origin/agent/p4-integration-cleanup-v2,b64270bd4ab839ec750a4ceceb08d57957c88782,crawl,DSJA/project_4/crawl/runs/notebooks/observed-dev/MASTER_20260806_01/stages/crawl/notebooks/children/agent_runs/AGENT1/A1-02-DETAIL/stage_metrics.json,100644,blob,ce1a1e3fc6c17a03fa0c528c8d57379fa60864ce,2206,/home/sieg/projects-wsl/worktrees/p4-orchestrator,true,2206,ce1a1e3fc6c17a03fa0c528c8d57379fa60864ce,true,PASS
SBS_dataScience,P4-A3-CONTROL,origin/agent/p4-integration-cleanup-v2,b64270bd4ab839ec750a4ceceb08d57957c88782,crawl,DSJA/project_4/crawl/runs/notebooks/observed-dev/MASTER_20260806_01/stages/crawl/notebooks/children/agent_runs/AGENT1/A1-02-DETAIL/stage_quality.csv,100644,blob,c728fe524ce20aa1843af4e9cc1e5196bf8879bc,665,/home/sieg/projects-wsl/worktrees/p4-orchestrator,true,665,c728fe524ce20aa1843af4e9cc1e5196bf8879bc,true,PASS
SBS_dataScience,P4-A3-CONTROL,origin/agent/p4-integration-cleanup-v2,b64270bd4ab839ec750a4ceceb08d57957c88782,crawl,DSJA/project_4/crawl/runs/notebooks/observed-dev/MASTER_20260806_01/stages/crawl/notebooks/children/agent_runs/AGENT1/A1-03-ASSET/CHECKSUMS.sha256,100644,blob,eb744e07ce48f7c3297a692a7a2d70de4510a236,799,/home/sieg/projects-wsl/worktrees/p4-orchestrator,true,799,eb744e07ce48f7c3297a692a7a2d70de4510a236,true,PASS
SBS_dataScience,P4-A3-CONTROL,origin/agent/p4-integration-cleanup-v2,b64270bd4ab839ec750a4ceceb08d57957c88782,crawl,DSJA/project_4/crawl/runs/notebooks/observed-dev/MASTER_20260806_01/stages/crawl/notebooks/children/agent_runs/AGENT1/A1-03-ASSET/asset_frontier.csv,100644,blob,f3d25e884b800eb538a1d50943b6ad619afdd494,5634,/home/sieg/projects-wsl/worktrees/p4-orchestrator,true,5634,f3d25e884b800eb538a1d50943b6ad619afdd494,true,PASS
SBS_dataScience,P4-A3-CONTROL,origin/agent/p4-integration-cleanup-v2,b64270bd4ab839ec750a4ceceb08d57957c88782,crawl,DSJA/project_4/crawl/runs/notebooks/observed-dev/MASTER_20260806_01/stages/crawl/notebooks/children/agent_runs/AGENT1/A1-03-ASSET/asset_frontier.parquet,100644,blob,4573d6cdd67bad8983cadec018dc15df502aa140,4678,/home/sieg/projects-wsl/worktrees/p4-orchestrator,true,4678,4573d6cdd67bad8983cadec018dc15df502aa140,true,PASS
SBS_dataScience,P4-A3-CONTROL,origin/agent/p4-integration-cleanup-v2,b64270bd4ab839ec750a4ceceb08d57957c88782,crawl,DSJA/project_4/crawl/runs/notebooks/observed-dev/MASTER_20260806_01/stages/crawl/notebooks/children/agent_runs/AGENT1/A1-03-ASSET/asset_manifest.jsonl,100644,blob,e69de29bb2d1d6434b8b29ae775ad8c2e48c5391,0,/home/sieg/projects-wsl/worktrees/p4-orchestrator,true,0,e69de29bb2d1d6434b8b29ae775ad8c2e48c5391,true,PASS
SBS_dataScience,P4-A3-CONTROL,origin/agent/p4-integration-cleanup-v2,b64270bd4ab839ec750a4ceceb08d57957c88782,crawl,DSJA/project_4/crawl/runs/notebooks/observed-dev/MASTER_20260806_01/stages/crawl/notebooks/children/agent_runs/AGENT1/A1-03-ASSET/asset_routing_metrics.json,100644,blob,18cca34343c2a40b93101592ce4dfeed05193c68,144,/home/sieg/projects-wsl/worktrees/p4-orchestrator,true,144,18cca34343c2a40b93101592ce4dfeed05193c68,true,PASS
SBS_dataScience,P4-A3-CONTROL,origin/agent/p4-integration-cleanup-v2,b64270bd4ab839ec750a4ceceb08d57957c88782,crawl,DSJA/project_4/crawl/runs/notebooks/observed-dev/MASTER_20260806_01/stages/crawl/notebooks/children/agent_runs/AGENT1/A1-03-ASSET/ocr_candidate_manifest.csv,100644,blob,6acd3de8265743b7b4c81262502b476b015f480a,3314,/home/sieg/projects-wsl/worktrees/p4-orchestrator,true,3314,6acd3de8265743b7b4c81262502b476b015f480a,true,PASS
SBS_dataScience,P4-A3-CONTROL,origin/agent/p4-integration-cleanup-v2,b64270bd4ab839ec750a4ceceb08d57957c88782,crawl,DSJA/project_4/crawl/runs/notebooks/observed-dev/MASTER_20260806_01/stages/crawl/notebooks/children/agent_runs/AGENT1/A1-03-ASSET/ocr_candidate_manifest.parquet,100644,blob,1ec5d760df229a1b07a3d3a6b07802a5395d6fbb,4489,/home/sieg/projects-wsl/worktrees/p4-orchestrator,true,4489,1ec5d760df229a1b07a3d3a6b07802a5395d6fbb,true,PASS
SBS_dataScience,P4-A3-CONTROL,origin/agent/p4-integration-cleanup-v2,b64270bd4ab839ec750a4ceceb08d57957c88782,crawl,DSJA/project_4/crawl/runs/notebooks/observed-dev/MASTER_20260806_01/stages/crawl/notebooks/children/agent_runs/AGENT1/A1-03-ASSET/stage_manifest.json,100644,blob,877ba13d14147b91a62485c0b07209a1697d4367,5257,/home/sieg/projects-wsl/worktrees/p4-orchestrator,true,5257,877ba13d14147b91a62485c0b07209a1697d4367,true,PASS
SBS_dataScience,P4-A3-CONTROL,origin/agent/p4-integration-cleanup-v2,b64270bd4ab839ec750a4ceceb08d57957c88782,crawl,DSJA/project_4/crawl/runs/notebooks/observed-dev/MASTER_20260806_01/stages/crawl/notebooks/children/agent_runs/AGENT1/A1-03-ASSET/stage_metrics.json,100644,blob,916af0141a2e49241b51a9b3bc3e0d6164fb1d6c,1694,/home/sieg/projects-wsl/worktrees/p4-orchestrator,true,1694,916af0141a2e49241b51a9b3bc3e0d6164fb1d6c,true,PASS
SBS_dataScience,P4-A3-CONTROL,origin/agent/p4-integration-cleanup-v2,b64270bd4ab839ec750a4ceceb08d57957c88782,crawl,DSJA/project_4/crawl/runs/notebooks/observed-dev/MASTER_20260806_01/stages/crawl/notebooks/children/agent_runs/AGENT1/A1-03-ASSET/stage_quality.csv,100644,blob,b6bf825eb880ccf7487030944d2454fffd600f70,679,/home/sieg/projects-wsl/worktrees/p4-orchestrator,true,679,b6bf825eb880ccf7487030944d2454fffd600f70,true,PASS
SBS_dataScience,P4-A3-CONTROL,origin/agent/p4-integration-cleanup-v2,b64270bd4ab839ec750a4ceceb08d57957c88782,crawl,DSJA/project_4/crawl/runs/notebooks/observed-dev/MASTER_20260806_01/stages/crawl/notebooks/children/agent_runs/AGENT1/A1-04-RELEASE/CHECKSUMS.sha256,100644,blob,948ca3e8ae3cb63ee05d007881f93327f07d9663,449,/home/sieg/projects-wsl/worktrees/p4-orchestrator,true,449,948ca3e8ae3cb63ee05d007881f93327f07d9663,true,PASS
SBS_dataScience,P4-A3-CONTROL,origin/agent/p4-integration-cleanup-v2,b64270bd4ab839ec750a4ceceb08d57957c88782,crawl,DSJA/project_4/crawl/runs/notebooks/observed-dev/MASTER_20260806_01/stages/crawl/notebooks/children/agent_runs/AGENT1/A1-04-RELEASE/agent2_validator_result.json,100644,blob,43c984ffc1511596106e3cb8b85069dd2a84435e,224,/home/sieg/projects-wsl/worktrees/p4-orchestrator,true,224,43c984ffc1511596106e3cb8b85069dd2a84435e,true,PASS
SBS_dataScience,P4-A3-CONTROL,origin/agent/p4-integration-cleanup-v2,b64270bd4ab839ec750a4ceceb08d57957c88782,crawl,DSJA/project_4/crawl/runs/notebooks/observed-dev/MASTER_20260806_01/stages/crawl/notebooks/children/agent_runs/AGENT1/A1-04-RELEASE/observed_package_validation.json,100644,blob,93b7fc6cc16d3bb2f43527cec0d0d9505f5d438b,277,/home/sieg/projects-wsl/worktrees/p4-orchestrator,true,277,93b7fc6cc16d3bb2f43527cec0d0d9505f5d438b,true,PASS
SBS_dataScience,P4-A3-CONTROL,origin/agent/p4-integration-cleanup-v2,b64270bd4ab839ec750a4ceceb08d57957c88782,crawl,DSJA/project_4/crawl/runs/notebooks/observed-dev/MASTER_20260806_01/stages/crawl/notebooks/children/agent_runs/AGENT1/A1-04-RELEASE/stage_manifest.json,100644,blob,ffd5da8df049436945be1e655b4c1451cdac5f37,3240,/home/sieg/projects-wsl/worktrees/p4-orchestrator,true,3240,ffd5da8df049436945be1e655b4c1451cdac5f37,true,PASS
SBS_dataScience,P4-A3-CONTROL,origin/agent/p4-integration-cleanup-v2,b64270bd4ab839ec750a4ceceb08d57957c88782,crawl,DSJA/project_4/crawl/runs/notebooks/observed-dev/MASTER_20260806_01/stages/crawl/notebooks/children/agent_runs/AGENT1/A1-04-RELEASE/stage_metrics.json,100644,blob,300093c771fb10ea557ca42b39eb24f39ede38ab,3742,/home/sieg/projects-wsl/worktrees/p4-orchestrator,true,3742,300093c771fb10ea557ca42b39eb24f39ede38ab,true,PASS
SBS_dataScience,P4-A3-CONTROL,origin/agent/p4-integration-cleanup-v2,b64270bd4ab839ec750a4ceceb08d57957c88782,crawl,DSJA/project_4/crawl/runs/notebooks/observed-dev/MASTER_20260806_01/stages/crawl/notebooks/children/agent_runs/AGENT1/A1-04-RELEASE/stage_quality.csv,100644,blob,ef6e3b54f1bf7ffeb9ba9b17919144d58c91a6a0,762,/home/sieg/projects-wsl/worktrees/p4-orchestrator,true,762,ef6e3b54f1bf7ffeb9ba9b17919144d58c91a6a0,true,PASS
SBS_dataScience,P4-A3-CONTROL,origin/agent/p4-integration-cleanup-v2,b64270bd4ab839ec750a4ceceb08d57957c88782,crawl,DSJA/project_4/crawl/runs/notebooks/observed-dev/MASTER_20260806_01/stages/crawl/notebooks/children/agent_runs/AGENT2/00ContractAndInputAudit/CHECKSUMS.sha256,100644,blob,302deef3c2dfb541bb6c6cf79f32b97ac86b13e8,255,/home/sieg/projects-wsl/worktrees/p4-orchestrator,true,255,302deef3c2dfb541bb6c6cf79f32b97ac86b13e8,true,PASS
SBS_dataScience,P4-A3-CONTROL,origin/agent/p4-integration-cleanup-v2,b64270bd4ab839ec750a4ceceb08d57957c88782,crawl,DSJA/project_4/crawl/runs/notebooks/observed-dev/MASTER_20260806_01/stages/crawl/notebooks/children/agent_runs/AGENT2/00ContractAndInputAudit/stage_manifest.json,100644,blob,d9a8e5d407f63b342eaa80c173f2752178de925c,1578,/home/sieg/projects-wsl/worktrees/p4-orchestrator,true,1578,d9a8e5d407f63b342eaa80c173f2752178de925c,true,PASS
SBS_dataScience,P4-A3-CONTROL,origin/agent/p4-integration-cleanup-v2,b64270bd4ab839ec750a4ceceb08d57957c88782,crawl,DSJA/project_4/crawl/runs/notebooks/observed-dev/MASTER_20260806_01/stages/crawl/notebooks/children/agent_runs/AGENT2/00ContractAndInputAudit/stage_metrics.json,100644,blob,3ec1ded34f56f46851c7d58908198e94b7488a97,5432,/home/sieg/projects-wsl/worktrees/p4-orchestrator,true,5432,3ec1ded34f56f46851c7d58908198e94b7488a97,true,PASS
SBS_dataScience,P4-A3-CONTROL,origin/agent/p4-integration-cleanup-v2,b64270bd4ab839ec750a4ceceb08d57957c88782,crawl,DSJA/project_4/crawl/runs/notebooks/observed-dev/MASTER_20260806_01/stages/crawl/notebooks/children/agent_runs/AGENT2/00ContractAndInputAudit/stage_quality.csv,100644,blob,24ae1cb618cb80daaec42fde4efd6ae2a181782c,309,/home/sieg/projects-wsl/worktrees/p4-orchestrator,true,309,24ae1cb618cb80daaec42fde4efd6ae2a181782c,true,PASS
SBS_dataScience,P4-A3-CONTROL,origin/agent/p4-integration-cleanup-v2,b64270bd4ab839ec750a4ceceb08d57957c88782,crawl,DSJA/project_4/crawl/runs/notebooks/observed-dev/MASTER_20260806_01/stages/crawl/notebooks/children/agent_runs/AGENT2/01LoadCrawlRelease/CHECKSUMS.sha256,100644,blob,94d9b36ca74a1493617a4aa23197f62a8f832e50,255,/home/sieg/projects-wsl/worktrees/p4-orchestrator,true,255,94d9b36ca74a1493617a4aa23197f62a8f832e50,true,PASS
SBS_dataScience,P4-A3-CONTROL,origin/agent/p4-integration-cleanup-v2,b64270bd4ab839ec750a4ceceb08d57957c88782,crawl,DSJA/project_4/crawl/runs/notebooks/observed-dev/MASTER_20260806_01/stages/crawl/notebooks/children/agent_runs/AGENT2/01LoadCrawlRelease/stage_manifest.json,100644,blob,ad87784efbe87057da46a1c0393bee72ddcb88b6,1568,/home/sieg/projects-wsl/worktrees/p4-orchestrator,true,1568,ad87784efbe87057da46a1c0393bee72ddcb88b6,true,PASS
SBS_dataScience,P4-A3-CONTROL,origin/agent/p4-integration-cleanup-v2,b64270bd4ab839ec750a4ceceb08d57957c88782,crawl,DSJA/project_4/crawl/runs/notebooks/observed-dev/MASTER_20260806_01/stages/crawl/notebooks/children/agent_runs/AGENT2/01LoadCrawlRelease/stage_metrics.json,100644,blob,943539d8bb8fac4788000aaf9cc0b03d27778edc,2730,/home/sieg/projects-wsl/worktrees/p4-orchestrator,true,2730,943539d8bb8fac4788000aaf9cc0b03d27778edc,true,PASS
SBS_dataScience,P4-A3-CONTROL,origin/agent/p4-integration-cleanup-v2,b64270bd4ab839ec750a4ceceb08d57957c88782,crawl,DSJA/project_4/crawl/runs/notebooks/observed-dev/MASTER_20260806_01/stages/crawl/notebooks/children/agent_runs/AGENT2/01LoadCrawlRelease/stage_quality.csv,100644,blob,0c0cc0009018907c88b1a7ed1003df30d8d4bd3b,236,/home/sieg/projects-wsl/worktrees/p4-orchestrator,true,236,0c0cc0009018907c88b1a7ed1003df30d8d4bd3b,true,PASS
SBS_dataScience,P4-A3-CONTROL,origin/agent/p4-integration-cleanup-v2,b64270bd4ab839ec750a4ceceb08d57957c88782,crawl,DSJA/project_4/crawl/runs/notebooks/observed-dev/MASTER_20260806_01/stages/crawl/notebooks/children/agent_runs/AGENT2/02ParseAndNormalize/CHECKSUMS.sha256,100644,blob,48d10fb0333e062aa88578087ed23d965652e6b3,255,/home/sieg/projects-wsl/worktrees/p4-orchestrator,true,255,48d10fb0333e062aa88578087ed23d965652e6b3,true,PASS
SBS_dataScience,P4-A3-CONTROL,origin/agent/p4-integration-cleanup-v2,b64270bd4ab839ec750a4ceceb08d57957c88782,crawl,DSJA/project_4/crawl/runs/notebooks/observed-dev/MASTER_20260806_01/stages/crawl/notebooks/children/agent_runs/AGENT2/02ParseAndNormalize/stage_manifest.json,100644,blob,4fe987a1a4e556234536e4eb2c74a2102d3e650a,2079,/home/sieg/projects-wsl/worktrees/p4-orchestrator,true,2079,4fe987a1a4e556234536e4eb2c74a2102d3e650a,true,PASS
SBS_dataScience,P4-A3-CONTROL,origin/agent/p4-integration-cleanup-v2,b64270bd4ab839ec750a4ceceb08d57957c88782,crawl,DSJA/project_4/crawl/runs/notebooks/observed-dev/MASTER_20260806_01/stages/crawl/notebooks/children/agent_runs/AGENT2/02ParseAndNormalize/stage_metrics.json,100644,blob,4b26f1c8aa9589caba28bb99a5ce0fb9efb58c36,9270,/home/sieg/projects-wsl/worktrees/p4-orchestrator,true,9270,4b26f1c8aa9589caba28bb99a5ce0fb9efb58c36,true,PASS
SBS_dataScience,P4-A3-CONTROL,origin/agent/p4-integration-cleanup-v2,b64270bd4ab839ec750a4ceceb08d57957c88782,crawl,DSJA/project_4/crawl/runs/notebooks/observed-dev/MASTER_20260806_01/stages/crawl/notebooks/children/agent_runs/AGENT2/02ParseAndNormalize/stage_quality.csv,100644,blob,680be5fdfc157ebaebc86c621027fc65e90a6029,194,/home/sieg/projects-wsl/worktrees/p4-orchestrator,true,194,680be5fdfc157ebaebc86c621027fc65e90a6029,true,PASS
SBS_dataScience,P4-A3-CONTROL,origin/agent/p4-integration-cleanup-v2,b64270bd4ab839ec750a4ceceb08d57957c88782,crawl,DSJA/project_4/crawl/runs/notebooks/observed-dev/MASTER_20260806_01/stages/crawl/notebooks/children/agent_runs/AGENT2/03OcrAndSectionRecovery/CHECKSUMS.sha256,100644,blob,732ae2620ac665bcc636552391ca44e8cc07b506,255,/home/sieg/projects-wsl/worktrees/p4-orchestrator,true,255,732ae2620ac665bcc636552391ca44e8cc07b506,true,PASS
SBS_dataScience,P4-A3-CONTROL,origin/agent/p4-integration-cleanup-v2,b64270bd4ab839ec750a4ceceb08d57957c88782,crawl,DSJA/project_4/crawl/runs/notebooks/observed-dev/MASTER_20260806_01/stages/crawl/notebooks/children/agent_runs/AGENT2/03OcrAndSectionRecovery/stage_manifest.json,100644,blob,4b7ab6683cfcfcc7b89d947e9f94c8ceaa22952b,1526,/home/sieg/projects-wsl/worktrees/p4-orchestrator,true,1526,4b7ab6683cfcfcc7b89d947e9f94c8ceaa22952b,true,PASS
SBS_dataScience,P4-A3-CONTROL,origin/agent/p4-integration-cleanup-v2,b64270bd4ab839ec750a4ceceb08d57957c88782,crawl,DSJA/project_4/crawl/runs/notebooks/observed-dev/MASTER_20260806_01/stages/crawl/notebooks/children/agent_runs/AGENT2/03OcrAndSectionRecovery/stage_metrics.json,100644,blob,3557c2f1dfefc918384c15487246a1db0bd11779,3911,/home/sieg/projects-wsl/worktrees/p4-orchestrator,true,3911,3557c2f1dfefc918384c15487246a1db0bd11779,true,PASS
SBS_dataScience,P4-A3-CONTROL,origin/agent/p4-integration-cleanup-v2,b64270bd4ab839ec750a4ceceb08d57957c88782,crawl,DSJA/project_4/crawl/runs/notebooks/observed-dev/MASTER_20260806_01/stages/crawl/notebooks/children/agent_runs/AGENT2/03OcrAndSectionRecovery/stage_quality.csv,100644,blob,81668c99ff8303221d6a2138391285bc0962170b,210,/home/sieg/projects-wsl/worktrees/p4-orchestrator,true,210,81668c99ff8303221d6a2138391285bc0962170b,true,PASS
SBS_dataScience,P4-A3-CONTROL,origin/agent/p4-integration-cleanup-v2,b64270bd4ab839ec750a4ceceb08d57957c88782,crawl,DSJA/project_4/crawl/runs/notebooks/observed-dev/MASTER_20260806_01/stages/crawl/notebooks/children/agent_runs/AGENT2/04SplitTracks/CHECKSUMS.sha256,100644,blob,1d6dc3da4f45b80dcce9e2018878ac5caabaa837,255,/home/sieg/projects-wsl/worktrees/p4-orchestrator,true,255,1d6dc3da4f45b80dcce9e2018878ac5caabaa837,true,PASS
SBS_dataScience,P4-A3-CONTROL,origin/agent/p4-integration-cleanup-v2,b64270bd4ab839ec750a4ceceb08d57957c88782,crawl,DSJA/project_4/crawl/runs/notebooks/observed-dev/MASTER_20260806_01/stages/crawl/notebooks/children/agent_runs/AGENT2/04SplitTracks/stage_manifest.json,100644,blob,fe1af7e6e1325c9f1950704405b9c9f4f3ade4f6,1480,/home/sieg/projects-wsl/worktrees/p4-orchestrator,true,1480,fe1af7e6e1325c9f1950704405b9c9f4f3ade4f6,true,PASS
SBS_dataScience,P4-A3-CONTROL,origin/agent/p4-integration-cleanup-v2,b64270bd4ab839ec750a4ceceb08d57957c88782,crawl,DSJA/project_4/crawl/runs/notebooks/observed-dev/MASTER_20260806_01/stages/crawl/notebooks/children/agent_runs/AGENT2/04SplitTracks/stage_metrics.json,100644,blob,5f4c29942b79dd7c6df49903b74fdc79b2ee260e,4777,/home/sieg/projects-wsl/worktrees/p4-orchestrator,true,4777,5f4c29942b79dd7c6df49903b74fdc79b2ee260e,true,PASS
SBS_dataScience,P4-A3-CONTROL,origin/agent/p4-integration-cleanup-v2,b64270bd4ab839ec750a4ceceb08d57957c88782,crawl,DSJA/project_4/crawl/runs/notebooks/observed-dev/MASTER_20260806_01/stages/crawl/notebooks/children/agent_runs/AGENT2/04SplitTracks/stage_quality.csv,100644,blob,986b803ec93ea327496bb1ddd1399f9c7d15a742,126,/home/sieg/projects-wsl/worktrees/p4-orchestrator,true,126,986b803ec93ea327496bb1ddd1399f9c7d15a742,true,PASS
SBS_dataScience,P4-A3-CONTROL,origin/agent/p4-integration-cleanup-v2,b64270bd4ab839ec750a4ceceb08d57957c88782,crawl,DSJA/project_4/crawl/runs/notebooks/observed-dev/MASTER_20260806_01/stages/crawl/notebooks/children/agent_runs/AGENT2/05ExtractRequirements/CHECKSUMS.sha256,100644,blob,e482bcfc024933249534977b189ee65448400b88,255,/home/sieg/projects-wsl/worktrees/p4-orchestrator,true,255,e482bcfc024933249534977b189ee65448400b88,true,PASS
SBS_dataScience,P4-A3-CONTROL,origin/agent/p4-integration-cleanup-v2,b64270bd4ab839ec750a4ceceb08d57957c88782,crawl,DSJA/project_4/crawl/runs/notebooks/observed-dev/MASTER_20260806_01/stages/crawl/notebooks/children/agent_runs/AGENT2/05ExtractRequirements/stage_manifest.json,100644,blob,7530c7359debb921225f078ee3a70b55f5505d5d,2000,/home/sieg/projects-wsl/worktrees/p4-orchestrator,true,2000,7530c7359debb921225f078ee3a70b55f5505d5d,true,PASS
SBS_dataScience,P4-A3-CONTROL,origin/agent/p4-integration-cleanup-v2,b64270bd4ab839ec750a4ceceb08d57957c88782,crawl,DSJA/project_4/crawl/runs/notebooks/observed-dev/MASTER_20260806_01/stages/crawl/notebooks/children/agent_runs/AGENT2/05ExtractRequirements/stage_metrics.json,100644,blob,3b8e71f39bc333e4adf79c579cf3110724080a68,4300,/home/sieg/projects-wsl/worktrees/p4-orchestrator,true,4300,3b8e71f39bc333e4adf79c579cf3110724080a68,true,PASS
SBS_dataScience,P4-A3-CONTROL,origin/agent/p4-integration-cleanup-v2,b64270bd4ab839ec750a4ceceb08d57957c88782,crawl,DSJA/project_4/crawl/runs/notebooks/observed-dev/MASTER_20260806_01/stages/crawl/notebooks/children/agent_runs/AGENT2/05ExtractRequirements/stage_quality.csv,100644,blob,eff01c447ae8659aee54fc97a5a1347b05acfb55,212,/home/sieg/projects-wsl/worktrees/p4-orchestrator,true,212,eff01c447ae8659aee54fc97a5a1347b05acfb55,true,PASS
SBS_dataScience,P4-A3-CONTROL,origin/agent/p4-integration-cleanup-v2,b64270bd4ab839ec750a4ceceb08d57957c88782,crawl,DSJA/project_4/crawl/runs/notebooks/observed-dev/MASTER_20260806_01/stages/crawl/notebooks/children/agent_runs/AGENT2/06Deduplicate90Days/CHECKSUMS.sha256,100644,blob,aa8e6c456860166e75f7495692694a42d9466d2d,255,/home/sieg/projects-wsl/worktrees/p4-orchestrator,true,255,aa8e6c456860166e75f7495692694a42d9466d2d,true,PASS
SBS_dataScience,P4-A3-CONTROL,origin/agent/p4-integration-cleanup-v2,b64270bd4ab839ec750a4ceceb08d57957c88782,crawl,DSJA/project_4/crawl/runs/notebooks/observed-dev/MASTER_20260806_01/stages/crawl/notebooks/children/agent_runs/AGENT2/06Deduplicate90Days/stage_manifest.json,100644,blob,cac6f91af7e3504a2bef5b1fa7e2a4bd4da17b51,1538,/home/sieg/projects-wsl/worktrees/p4-orchestrator,true,1538,cac6f91af7e3504a2bef5b1fa7e2a4bd4da17b51,true,PASS
SBS_dataScience,P4-A3-CONTROL,origin/agent/p4-integration-cleanup-v2,b64270bd4ab839ec750a4ceceb08d57957c88782,crawl,DSJA/project_4/crawl/runs/notebooks/observed-dev/MASTER_20260806_01/stages/crawl/notebooks/children/agent_runs/AGENT2/06Deduplicate90Days/stage_metrics.json,100644,blob,1ba31d20ffad4919f491a2e8d73c3c3c8a807c7a,4835,/home/sieg/projects-wsl/worktrees/p4-orchestrator,true,4835,1ba31d20ffad4919f491a2e8d73c3c3c8a807c7a,true,PASS
SBS_dataScience,P4-A3-CONTROL,origin/agent/p4-integration-cleanup-v2,b64270bd4ab839ec750a4ceceb08d57957c88782,crawl,DSJA/project_4/crawl/runs/notebooks/observed-dev/MASTER_20260806_01/stages/crawl/notebooks/children/agent_runs/AGENT2/06Deduplicate90Days/stage_quality.csv,100644,blob,57d0f235f081859aca332aae8120fbf81c5b0b26,148,/home/sieg/projects-wsl/worktrees/p4-orchestrator,true,148,57d0f235f081859aca332aae8120fbf81c5b0b26,true,PASS
SBS_dataScience,P4-A3-CONTROL,origin/agent/p4-integration-cleanup-v2,b64270bd4ab839ec750a4ceceb08d57957c88782,crawl,DSJA/project_4/crawl/runs/notebooks/observed-dev/MASTER_20260806_01/stages/crawl/notebooks/children/agent_runs/AGENT2/07LabelCareerAccess/CHECKSUMS.sha256,100644,blob,a45cd205fe770794392e23ad2384df1380b23555,255,/home/sieg/projects-wsl/worktrees/p4-orchestrator,true,255,a45cd205fe770794392e23ad2384df1380b23555,true,PASS
SBS_dataScience,P4-A3-CONTROL,origin/agent/p4-integration-cleanup-v2,b64270bd4ab839ec750a4ceceb08d57957c88782,crawl,DSJA/project_4/crawl/runs/notebooks/observed-dev/MASTER_20260806_01/stages/crawl/notebooks/children/agent_runs/AGENT2/07LabelCareerAccess/stage_manifest.json,100644,blob,48e5aedb7abc402c9effe2ff15f8fd0cb04bfecf,1484,/home/sieg/projects-wsl/worktrees/p4-orchestrator,true,1484,48e5aedb7abc402c9effe2ff15f8fd0cb04bfecf,true,PASS
SBS_dataScience,P4-A3-CONTROL,origin/agent/p4-integration-cleanup-v2,b64270bd4ab839ec750a4ceceb08d57957c88782,crawl,DSJA/project_4/crawl/runs/notebooks/observed-dev/MASTER_20260806_01/stages/crawl/notebooks/children/agent_runs/AGENT2/07LabelCareerAccess/stage_metrics.json,100644,blob,ae4d2e6914ee7bce0914fd12091b7033b6cee6ca,5118,/home/sieg/projects-wsl/worktrees/p4-orchestrator,true,5118,ae4d2e6914ee7bce0914fd12091b7033b6cee6ca,true,PASS
SBS_dataScience,P4-A3-CONTROL,origin/agent/p4-integration-cleanup-v2,b64270bd4ab839ec750a4ceceb08d57957c88782,crawl,DSJA/project_4/crawl/runs/notebooks/observed-dev/MASTER_20260806_01/stages/crawl/notebooks/children/agent_runs/AGENT2/07LabelCareerAccess/stage_quality.csv,100644,blob,a0cc8a84ea249edcba15d2e6f6b5d8692535b6a7,144,/home/sieg/projects-wsl/worktrees/p4-orchestrator,true,144,a0cc8a84ea249edcba15d2e6f6b5d8692535b6a7,true,PASS
SBS_dataScience,P4-A3-CONTROL,origin/agent/p4-integration-cleanup-v2,b64270bd4ab839ec750a4ceceb08d57957c88782,crawl,DSJA/project_4/crawl/runs/notebooks/observed-dev/MASTER_20260806_01/stages/crawl/notebooks/children/agent_runs/AGENT2/08LoadAndPrepareNcs/CHECKSUMS.sha256,100644,blob,173d2abfaa18f21531eb70c7f0c82c440ca54589,255,/home/sieg/projects-wsl/worktrees/p4-orchestrator,true,255,173d2abfaa18f21531eb70c7f0c82c440ca54589,true,PASS
SBS_dataScience,P4-A3-CONTROL,origin/agent/p4-integration-cleanup-v2,b64270bd4ab839ec750a4ceceb08d57957c88782,crawl,DSJA/project_4/crawl/runs/notebooks/observed-dev/MASTER_20260806_01/stages/crawl/notebooks/children/agent_runs/AGENT2/08LoadAndPrepareNcs/stage_manifest.json,100644,blob,3f02505fe17dc2d7d867d703024af40e47b0fe6c,1623,/home/sieg/projects-wsl/worktrees/p4-orchestrator,true,1623,3f02505fe17dc2d7d867d703024af40e47b0fe6c,true,PASS
SBS_dataScience,P4-A3-CONTROL,origin/agent/p4-integration-cleanup-v2,b64270bd4ab839ec750a4ceceb08d57957c88782,crawl,DSJA/project_4/crawl/runs/notebooks/observed-dev/MASTER_20260806_01/stages/crawl/notebooks/children/agent_runs/AGENT2/08LoadAndPrepareNcs/stage_metrics.json,100644,blob,671c718d531deb71a56b6a8a646e35b461a3379b,2740,/home/sieg/projects-wsl/worktrees/p4-orchestrator,true,2740,671c718d531deb71a56b6a8a646e35b461a3379b,true,PASS
SBS_dataScience,P4-A3-CONTROL,origin/agent/p4-integration-cleanup-v2,b64270bd4ab839ec750a4ceceb08d57957c88782,crawl,DSJA/project_4/crawl/runs/notebooks/observed-dev/MASTER_20260806_01/stages/crawl/notebooks/children/agent_runs/AGENT2/08LoadAndPrepareNcs/stage_quality.csv,100644,blob,41237c33df6c3d2396ca2e535ccee470d753b287,485,/home/sieg/projects-wsl/worktrees/p4-orchestrator,true,485,41237c33df6c3d2396ca2e535ccee470d753b287,true,PASS
SBS_dataScience,P4-A3-CONTROL,origin/agent/p4-integration-cleanup-v2,b64270bd4ab839ec750a4ceceb08d57957c88782,crawl,DSJA/project_4/crawl/runs/notebooks/observed-dev/MASTER_20260806_01/stages/crawl/notebooks/children/agent_runs/AGENT2/09MapPostingToNcs/CHECKSUMS.sha256,100644,blob,b6449b38ddd9850f57a1a219cce60a30b343efd7,255,/home/sieg/projects-wsl/worktrees/p4-orchestrator,true,255,b6449b38ddd9850f57a1a219cce60a30b343efd7,true,PASS
SBS_dataScience,P4-A3-CONTROL,origin/agent/p4-integration-cleanup-v2,b64270bd4ab839ec750a4ceceb08d57957c88782,crawl,DSJA/project_4/crawl/runs/notebooks/observed-dev/MASTER_20260806_01/stages/crawl/notebooks/children/agent_runs/AGENT2/09MapPostingToNcs/stage_manifest.json,100644,blob,70e4daf9296a279783e0182dd4548d3d277b587e,2103,/home/sieg/projects-wsl/worktrees/p4-orchestrator,true,2103,70e4daf9296a279783e0182dd4548d3d277b587e,true,PASS
SBS_dataScience,P4-A3-CONTROL,origin/agent/p4-integration-cleanup-v2,b64270bd4ab839ec750a4ceceb08d57957c88782,crawl,DSJA/project_4/crawl/runs/notebooks/observed-dev/MASTER_20260806_01/stages/crawl/notebooks/children/agent_runs/AGENT2/09MapPostingToNcs/stage_metrics.json,100644,blob,8380cb3dad761ff0ec728fddf1708d9c10a6290e,6603,/home/sieg/projects-wsl/worktrees/p4-orchestrator,true,6603,8380cb3dad761ff0ec728fddf1708d9c10a6290e,true,PASS
SBS_dataScience,P4-A3-CONTROL,origin/agent/p4-integration-cleanup-v2,b64270bd4ab839ec750a4ceceb08d57957c88782,crawl,DSJA/project_4/crawl/runs/notebooks/observed-dev/MASTER_20260806_01/stages/crawl/notebooks/children/agent_runs/AGENT2/09MapPostingToNcs/stage_quality.csv,100644,blob,2a81e18000d39cb3e92741147b8c2541349de433,634,/home/sieg/projects-wsl/worktrees/p4-orchestrator,true,634,2a81e18000d39cb3e92741147b8c2541349de433,true,PASS
SBS_dataScience,P4-A3-CONTROL,origin/agent/p4-integration-cleanup-v2,b64270bd4ab839ec750a4ceceb08d57957c88782,crawl,DSJA/project_4/crawl/runs/notebooks/observed-dev/MASTER_20260806_01/stages/crawl/notebooks/children/agent_runs/AGENT2/10ExportPreprocessedCsv/CHECKSUMS.sha256,100644,blob,d0bb89bfe8db2172b2bb71d54244f41607c511bf,255,/home/sieg/projects-wsl/worktrees/p4-orchestrator,true,255,d0bb89bfe8db2172b2bb71d54244f41607c511bf,true,PASS
SBS_dataScience,P4-A3-CONTROL,origin/agent/p4-integration-cleanup-v2,b64270bd4ab839ec750a4ceceb08d57957c88782,crawl,DSJA/project_4/crawl/runs/notebooks/observed-dev/MASTER_20260806_01/stages/crawl/notebooks/children/agent_runs/AGENT2/10ExportPreprocessedCsv/stage_manifest.json,100644,blob,1fa7eac4307691c16b55af760ea08393012870a4,10392,/home/sieg/projects-wsl/worktrees/p4-orchestrator,true,10392,1fa7eac4307691c16b55af760ea08393012870a4,true,PASS
SBS_dataScience,P4-A3-CONTROL,origin/agent/p4-integration-cleanup-v2,b64270bd4ab839ec750a4ceceb08d57957c88782,crawl,DSJA/project_4/crawl/runs/notebooks/observed-dev/MASTER_20260806_01/stages/crawl/notebooks/children/agent_runs/AGENT2/10ExportPreprocessedCsv/stage_metrics.json,100644,blob,fe8a5d0cbb178bd05cd713c0e7573b1217c93afc,3826,/home/sieg/projects-wsl/worktrees/p4-orchestrator,true,3826,fe8a5d0cbb178bd05cd713c0e7573b1217c93afc,true,PASS
SBS_dataScience,P4-A3-CONTROL,origin/agent/p4-integration-cleanup-v2,b64270bd4ab839ec750a4ceceb08d57957c88782,crawl,DSJA/project_4/crawl/runs/notebooks/observed-dev/MASTER_20260806_01/stages/crawl/notebooks/children/agent_runs/AGENT2/10ExportPreprocessedCsv/stage_quality.csv,100644,blob,19077f386b8cf0b0e7c37cda96b9a0221b5b4749,153,/home/sieg/projects-wsl/worktrees/p4-orchestrator,true,153,19077f386b8cf0b0e7c37cda96b9a0221b5b4749,true,PASS
SBS_dataScience,P4-A3-CONTROL,origin/agent/p4-integration-cleanup-v2,b64270bd4ab839ec750a4ceceb08d57957c88782,crawl,DSJA/project_4/crawl/runs/notebooks/observed-dev/MASTER_20260806_01/stages/crawl/notebooks/children/agent_runs/AGENT2/11PreprocessedDataQa/CHECKSUMS.sha256,100644,blob,225133cba9bc694906c99ba159144ed22e9d3d8c,255,/home/sieg/projects-wsl/worktrees/p4-orchestrator,true,255,225133cba9bc694906c99ba159144ed22e9d3d8c,true,PASS
SBS_dataScience,P4-A3-CONTROL,origin/agent/p4-integration-cleanup-v2,b64270bd4ab839ec750a4ceceb08d57957c88782,crawl,DSJA/project_4/crawl/runs/notebooks/observed-dev/MASTER_20260806_01/stages/crawl/notebooks/children/agent_runs/AGENT2/11PreprocessedDataQa/stage_manifest.json,100644,blob,14e394eb46f1fcd32c794808c7c5ca8c5ce2a03f,3960,/home/sieg/projects-wsl/worktrees/p4-orchestrator,true,3960,14e394eb46f1fcd32c794808c7c5ca8c5ce2a03f,true,PASS
SBS_dataScience,P4-A3-CONTROL,origin/agent/p4-integration-cleanup-v2,b64270bd4ab839ec750a4ceceb08d57957c88782,crawl,DSJA/project_4/crawl/runs/notebooks/observed-dev/MASTER_20260806_01/stages/crawl/notebooks/children/agent_runs/AGENT2/11PreprocessedDataQa/stage_metrics.json,100644,blob,77f86c536cfc3f4bcd2d3fe99453818310d75aaa,2690,/home/sieg/projects-wsl/worktrees/p4-orchestrator,true,2690,77f86c536cfc3f4bcd2d3fe99453818310d75aaa,true,PASS
SBS_dataScience,P4-A3-CONTROL,origin/agent/p4-integration-cleanup-v2,b64270bd4ab839ec750a4ceceb08d57957c88782,crawl,DSJA/project_4/crawl/runs/notebooks/observed-dev/MASTER_20260806_01/stages/crawl/notebooks/children/agent_runs/AGENT2/11PreprocessedDataQa/stage_quality.csv,100644,blob,a7fbb6252f6a2611d2914fa3f684d1aab10ed9d5,3343,/home/sieg/projects-wsl/worktrees/p4-orchestrator,true,3343,a7fbb6252f6a2611d2914fa3f684d1aab10ed9d5,true,PASS
SBS_dataScience,P4-A3-CONTROL,origin/agent/p4-integration-cleanup-v2,b64270bd4ab839ec750a4ceceb08d57957c88782,crawl,DSJA/project_4/crawl/runs/notebooks/observed-dev/MASTER_20260806_01/stages/crawl/notebooks/children/agent_runs/AGENT2/artifacts/00ContractAndInputAudit/CHECKSUMS.sha256,100644,blob,d9b8a96ca4e8669d2ce09d840603dd63c47308c4,255,/home/sieg/projects-wsl/worktrees/p4-orchestrator,true,255,d9b8a96ca4e8669d2ce09d840603dd63c47308c4,true,PASS
SBS_dataScience,P4-A3-CONTROL,origin/agent/p4-integration-cleanup-v2,b64270bd4ab839ec750a4ceceb08d57957c88782,crawl,DSJA/project_4/crawl/runs/notebooks/observed-dev/MASTER_20260806_01/stages/crawl/notebooks/children/agent_runs/AGENT2/artifacts/00ContractAndInputAudit/stage_manifest.json,100644,blob,4dea04739fe73a4dd780be80f949b285c5985836,1572,/home/sieg/projects-wsl/worktrees/p4-orchestrator,true,1572,4dea04739fe73a4dd780be80f949b285c5985836,true,PASS
SBS_dataScience,P4-A3-CONTROL,origin/agent/p4-integration-cleanup-v2,b64270bd4ab839ec750a4ceceb08d57957c88782,crawl,DSJA/project_4/crawl/runs/notebooks/observed-dev/MASTER_20260806_01/stages/crawl/notebooks/children/agent_runs/AGENT2/artifacts/00ContractAndInputAudit/stage_metrics.json,100644,blob,1f701ea42046a494b5ce642e260c7bf0e5c69410,5145,/home/sieg/projects-wsl/worktrees/p4-orchestrator,true,5145,1f701ea42046a494b5ce642e260c7bf0e5c69410,true,PASS
SBS_dataScience,P4-A3-CONTROL,origin/agent/p4-integration-cleanup-v2,b64270bd4ab839ec750a4ceceb08d57957c88782,crawl,DSJA/project_4/crawl/runs/notebooks/observed-dev/MASTER_20260806_01/stages/crawl/notebooks/children/agent_runs/AGENT2/artifacts/00ContractAndInputAudit/stage_quality.csv,100644,blob,7a6ab7ded73386bbd42950dcb7c315ab5494d25a,311,/home/sieg/projects-wsl/worktrees/p4-orchestrator,true,311,7a6ab7ded73386bbd42950dcb7c315ab5494d25a,true,PASS
SBS_dataScience,P4-A3-CONTROL,origin/agent/p4-integration-cleanup-v2,b64270bd4ab839ec750a4ceceb08d57957c88782,crawl,DSJA/project_4/crawl/runs/notebooks/observed-dev/MASTER_20260806_01/stages/crawl/notebooks/children/agent_runs/AGENT4/A4-00-NCS-SOURCE/CHECKSUMS.sha256,100644,blob,80d2cf8dd74c17b610989484a692b50074b4698e,255,/home/sieg/projects-wsl/worktrees/p4-orchestrator,true,255,80d2cf8dd74c17b610989484a692b50074b4698e,true,PASS
SBS_dataScience,P4-A3-CONTROL,origin/agent/p4-integration-cleanup-v2,b64270bd4ab839ec750a4ceceb08d57957c88782,crawl,DSJA/project_4/crawl/runs/notebooks/observed-dev/MASTER_20260806_01/stages/crawl/notebooks/children/agent_runs/AGENT4/A4-00-NCS-SOURCE/stage_manifest.json,100644,blob,8ecc1d49f0f789d2f8df75a29f4dbc16296d7e3a,2462,/home/sieg/projects-wsl/worktrees/p4-orchestrator,true,2462,8ecc1d49f0f789d2f8df75a29f4dbc16296d7e3a,true,PASS
SBS_dataScience,P4-A3-CONTROL,origin/agent/p4-integration-cleanup-v2,b64270bd4ab839ec750a4ceceb08d57957c88782,crawl,DSJA/project_4/crawl/runs/notebooks/observed-dev/MASTER_20260806_01/stages/crawl/notebooks/children/agent_runs/AGENT4/A4-00-NCS-SOURCE/stage_metrics.json,100644,blob,cd8ae6ef151430eb26351848956257c92e30cf9a,1836,/home/sieg/projects-wsl/worktrees/p4-orchestrator,true,1836,cd8ae6ef151430eb26351848956257c92e30cf9a,true,PASS
SBS_dataScience,P4-A3-CONTROL,origin/agent/p4-integration-cleanup-v2,b64270bd4ab839ec750a4ceceb08d57957c88782,crawl,DSJA/project_4/crawl/runs/notebooks/observed-dev/MASTER_20260806_01/stages/crawl/notebooks/children/agent_runs/AGENT4/A4-00-NCS-SOURCE/stage_quality.csv,100644,blob,6f09b450a9888427a82427b4e0a72dbec7cda9b5,692,/home/sieg/projects-wsl/worktrees/p4-orchestrator,true,692,6f09b450a9888427a82427b4e0a72dbec7cda9b5,true,PASS
SBS_dataScience,P4-A3-CONTROL,origin/agent/p4-integration-cleanup-v2,b64270bd4ab839ec750a4ceceb08d57957c88782,crawl,DSJA/project_4/crawl/runs/notebooks/observed-dev/MASTER_20260806_01/stages/crawl/notebooks/children/agent_runs/AGENT4/A4-01-CODESET/CHECKSUMS.sha256,100644,blob,796d0b335151c3aca8e4ef427e5cd7784afb162f,255,/home/sieg/projects-wsl/worktrees/p4-orchestrator,true,255,796d0b335151c3aca8e4ef427e5cd7784afb162f,true,PASS
SBS_dataScience,P4-A3-CONTROL,origin/agent/p4-integration-cleanup-v2,b64270bd4ab839ec750a4ceceb08d57957c88782,crawl,DSJA/project_4/crawl/runs/notebooks/observed-dev/MASTER_20260806_01/stages/crawl/notebooks/children/agent_runs/AGENT4/A4-01-CODESET/stage_manifest.json,100644,blob,ebd956b5ed91964e166bb55b4f794f8842f7bef8,2193,/home/sieg/projects-wsl/worktrees/p4-orchestrator,true,2193,ebd956b5ed91964e166bb55b4f794f8842f7bef8,true,PASS
SBS_dataScience,P4-A3-CONTROL,origin/agent/p4-integration-cleanup-v2,b64270bd4ab839ec750a4ceceb08d57957c88782,crawl,DSJA/project_4/crawl/runs/notebooks/observed-dev/MASTER_20260806_01/stages/crawl/notebooks/children/agent_runs/AGENT4/A4-01-CODESET/stage_metrics.json,100644,blob,f63c9ed92adf5f1fb08e4c9c3c91a084eda8b148,1284,/home/sieg/projects-wsl/worktrees/p4-orchestrator,true,1284,f63c9ed92adf5f1fb08e4c9c3c91a084eda8b148,true,PASS
SBS_dataScience,P4-A3-CONTROL,origin/agent/p4-integration-cleanup-v2,b64270bd4ab839ec750a4ceceb08d57957c88782,crawl,DSJA/project_4/crawl/runs/notebooks/observed-dev/MASTER_20260806_01/stages/crawl/notebooks/children/agent_runs/AGENT4/A4-01-CODESET/stage_quality.csv,100644,blob,3b84e8f572db0787b82cdf75479308efbd65616f,564,/home/sieg/projects-wsl/worktrees/p4-orchestrator,true,564,3b84e8f572db0787b82cdf75479308efbd65616f,true,PASS
SBS_dataScience,P4-A3-CONTROL,origin/agent/p4-integration-cleanup-v2,b64270bd4ab839ec750a4ceceb08d57957c88782,crawl,DSJA/project_4/crawl/runs/notebooks/observed-dev/MASTER_20260806_01/stages/crawl/notebooks/children/agent_runs/AGENT4/A4-02-RETRIEVAL/CHECKSUMS.sha256,100644,blob,1e1cfb8bb27e44538a9ad1387f81fac6b5cd5f45,255,/home/sieg/projects-wsl/worktrees/p4-orchestrator,true,255,1e1cfb8bb27e44538a9ad1387f81fac6b5cd5f45,true,PASS
SBS_dataScience,P4-A3-CONTROL,origin/agent/p4-integration-cleanup-v2,b64270bd4ab839ec750a4ceceb08d57957c88782,crawl,DSJA/project_4/crawl/runs/notebooks/observed-dev/MASTER_20260806_01/stages/crawl/notebooks/children/agent_runs/AGENT4/A4-02-RETRIEVAL/stage_manifest.json,100644,blob,32ab9698bdb3ec37a61627ec7a57fab417b17369,2500,/home/sieg/projects-wsl/worktrees/p4-orchestrator,true,2500,32ab9698bdb3ec37a61627ec7a57fab417b17369,true,PASS
SBS_dataScience,P4-A3-CONTROL,origin/agent/p4-integration-cleanup-v2,b64270bd4ab839ec750a4ceceb08d57957c88782,crawl,DSJA/project_4/crawl/runs/notebooks/observed-dev/MASTER_20260806_01/stages/crawl/notebooks/children/agent_runs/AGENT4/A4-02-RETRIEVAL/stage_metrics.json,100644,blob,4cf7f241cd6b80d319d0a1ef2d890230d8734c5c,991,/home/sieg/projects-wsl/worktrees/p4-orchestrator,true,991,4cf7f241cd6b80d319d0a1ef2d890230d8734c5c,true,PASS
SBS_dataScience,P4-A3-CONTROL,origin/agent/p4-integration-cleanup-v2,b64270bd4ab839ec750a4ceceb08d57957c88782,crawl,DSJA/project_4/crawl/runs/notebooks/observed-dev/MASTER_20260806_01/stages/crawl/notebooks/children/agent_runs/AGENT4/A4-02-RETRIEVAL/stage_quality.csv,100644,blob,a881e38d44bea15d8325f13acd2d48a79d86ecf2,408,/home/sieg/projects-wsl/worktrees/p4-orchestrator,true,408,a881e38d44bea15d8325f13acd2d48a79d86ecf2,true,PASS
SBS_dataScience,P4-A3-CONTROL,origin/agent/p4-integration-cleanup-v2,b64270bd4ab839ec750a4ceceb08d57957c88782,crawl,DSJA/project_4/crawl/runs/notebooks/observed-dev/MASTER_20260806_01/stages/crawl/notebooks/children/agent_runs/AGENT4/A4-03-MAP-OBSERVED/CHECKSUMS.sha256,100644,blob,4814c4f9d0b2e039b387a13ae8c151d7f4fd4c9a,255,/home/sieg/projects-wsl/worktrees/p4-orchestrator,true,255,4814c4f9d0b2e039b387a13ae8c151d7f4fd4c9a,true,PASS
SBS_dataScience,P4-A3-CONTROL,origin/agent/p4-integration-cleanup-v2,b64270bd4ab839ec750a4ceceb08d57957c88782,crawl,DSJA/project_4/crawl/runs/notebooks/observed-dev/MASTER_20260806_01/stages/crawl/notebooks/children/agent_runs/AGENT4/A4-03-MAP-OBSERVED/stage_manifest.json,100644,blob,44aacbdd82c3b73e957063199fccb22228f7734c,3596,/home/sieg/projects-wsl/worktrees/p4-orchestrator,true,3596,44aacbdd82c3b73e957063199fccb22228f7734c,true,PASS
SBS_dataScience,P4-A3-CONTROL,origin/agent/p4-integration-cleanup-v2,b64270bd4ab839ec750a4ceceb08d57957c88782,crawl,DSJA/project_4/crawl/runs/notebooks/observed-dev/MASTER_20260806_01/stages/crawl/notebooks/children/agent_runs/AGENT4/A4-03-MAP-OBSERVED/stage_metrics.json,100644,blob,b68c22ee1491a8f81cf46259170f02c598a30196,1282,/home/sieg/projects-wsl/worktrees/p4-orchestrator,true,1282,b68c22ee1491a8f81cf46259170f02c598a30196,true,PASS
SBS_dataScience,P4-A3-CONTROL,origin/agent/p4-integration-cleanup-v2,b64270bd4ab839ec750a4ceceb08d57957c88782,crawl,DSJA/project_4/crawl/runs/notebooks/observed-dev/MASTER_20260806_01/stages/crawl/notebooks/children/agent_runs/AGENT4/A4-03-MAP-OBSERVED/stage_quality.csv,100644,blob,c76c278c54f84ed073ed86cd43987b87b1cc3c42,831,/home/sieg/projects-wsl/worktrees/p4-orchestrator,true,831,c76c278c54f84ed073ed86cd43987b87b1cc3c42,true,PASS
SBS_dataScience,P4-A3-CONTROL,origin/agent/p4-integration-cleanup-v2,b64270bd4ab839ec750a4ceceb08d57957c88782,crawl,DSJA/project_4/crawl/runs/notebooks/observed-dev/MASTER_20260806_01/stages/crawl/notebooks/children/agent_runs/AGENT4/A4-04-EXPORT/CHECKSUMS.sha256,100644,blob,2111bbb83ea07f56d24e28669ee60f4bdf811700,255,/home/sieg/projects-wsl/worktrees/p4-orchestrator,true,255,2111bbb83ea07f56d24e28669ee60f4bdf811700,true,PASS
SBS_dataScience,P4-A3-CONTROL,origin/agent/p4-integration-cleanup-v2,b64270bd4ab839ec750a4ceceb08d57957c88782,crawl,DSJA/project_4/crawl/runs/notebooks/observed-dev/MASTER_20260806_01/stages/crawl/notebooks/children/agent_runs/AGENT4/A4-04-EXPORT/stage_manifest.json,100644,blob,f94564f39c0dd731110b4e94936d0c89d41cb7cb,8477,/home/sieg/projects-wsl/worktrees/p4-orchestrator,true,8477,f94564f39c0dd731110b4e94936d0c89d41cb7cb,true,PASS
SBS_dataScience,P4-A3-CONTROL,origin/agent/p4-integration-cleanup-v2,b64270bd4ab839ec750a4ceceb08d57957c88782,crawl,DSJA/project_4/crawl/runs/notebooks/observed-dev/MASTER_20260806_01/stages/crawl/notebooks/children/agent_runs/AGENT4/A4-04-EXPORT/stage_metrics.json,100644,blob,d1961e2447fc2da2c8f923b2475747016c947a88,2177,/home/sieg/projects-wsl/worktrees/p4-orchestrator,true,2177,d1961e2447fc2da2c8f923b2475747016c947a88,true,PASS
SBS_dataScience,P4-A3-CONTROL,origin/agent/p4-integration-cleanup-v2,b64270bd4ab839ec750a4ceceb08d57957c88782,crawl,DSJA/project_4/crawl/runs/notebooks/observed-dev/MASTER_20260806_01/stages/crawl/notebooks/children/agent_runs/AGENT4/A4-04-EXPORT/stage_quality.csv,100644,blob,fa74aff931a1e235e2e079f84c57907d13afcf09,485,/home/sieg/projects-wsl/worktrees/p4-orchestrator,true,485,fa74aff931a1e235e2e079f84c57907d13afcf09,true,PASS
SBS_dataScience,P4-A3-CONTROL,origin/agent/p4-integration-cleanup-v2,b64270bd4ab839ec750a4ceceb08d57957c88782,crawl,DSJA/project_4/crawl/runs/notebooks/observed-dev/MASTER_20260806_01/stages/crawl/notebooks/children/agent_runs/AGENT4/A4-05-EVALUATE/CHECKSUMS.sha256,100644,blob,ba3d3bbee4ec3650f19b23f5d97b9602e3a6681d,255,/home/sieg/projects-wsl/worktrees/p4-orchestrator,true,255,ba3d3bbee4ec3650f19b23f5d97b9602e3a6681d,true,PASS
SBS_dataScience,P4-A3-CONTROL,origin/agent/p4-integration-cleanup-v2,b64270bd4ab839ec750a4ceceb08d57957c88782,crawl,DSJA/project_4/crawl/runs/notebooks/observed-dev/MASTER_20260806_01/stages/crawl/notebooks/children/agent_runs/AGENT4/A4-05-EVALUATE/stage_manifest.json,100644,blob,aa258eab04eb4b56f9adc3b95d80e68c5a889de1,2433,/home/sieg/projects-wsl/worktrees/p4-orchestrator,true,2433,aa258eab04eb4b56f9adc3b95d80e68c5a889de1,true,PASS
SBS_dataScience,P4-A3-CONTROL,origin/agent/p4-integration-cleanup-v2,b64270bd4ab839ec750a4ceceb08d57957c88782,crawl,DSJA/project_4/crawl/runs/notebooks/observed-dev/MASTER_20260806_01/stages/crawl/notebooks/children/agent_runs/AGENT4/A4-05-EVALUATE/stage_metrics.json,100644,blob,12e18c64c7f7dd960dd8870c151bbb69975dbf61,1218,/home/sieg/projects-wsl/worktrees/p4-orchestrator,true,1218,12e18c64c7f7dd960dd8870c151bbb69975dbf61,true,PASS
SBS_dataScience,P4-A3-CONTROL,origin/agent/p4-integration-cleanup-v2,b64270bd4ab839ec750a4ceceb08d57957c88782,crawl,DSJA/project_4/crawl/runs/notebooks/observed-dev/MASTER_20260806_01/stages/crawl/notebooks/children/agent_runs/AGENT4/A4-05-EVALUATE/stage_quality.csv,100644,blob,7637950668f297e60aa838247792974db9e97495,396,/home/sieg/projects-wsl/worktrees/p4-orchestrator,true,396,7637950668f297e60aa838247792974db9e97495,true,PASS
SBS_dataScience,P4-A3-CONTROL,origin/agent/p4-integration-cleanup-v2,b64270bd4ab839ec750a4ceceb08d57957c88782,crawl,DSJA/project_4/crawl/runs/notebooks/observed-dev/MASTER_20260806_01/stages/crawl/notebooks/children/executed/crawl/notebooks/00RecoverSourceState.ipynb,100644,blob,47c827f201fe219cf432357a6025c7028f728d4e,11490,/home/sieg/projects-wsl/worktrees/p4-orchestrator,true,11490,47c827f201fe219cf432357a6025c7028f728d4e,true,PASS
SBS_dataScience,P4-A3-CONTROL,origin/agent/p4-integration-cleanup-v2,b64270bd4ab839ec750a4ceceb08d57957c88782,crawl,DSJA/project_4/crawl/runs/notebooks/observed-dev/MASTER_20260806_01/stages/crawl/notebooks/children/executed/crawl/notebooks/01CollectLinkareerIndex.ipynb,100644,blob,6cda75c55867c9e2dc4fc752c091b7ca77b4c685,11018,/home/sieg/projects-wsl/worktrees/p4-orchestrator,true,11018,6cda75c55867c9e2dc4fc752c091b7ca77b4c685,true,PASS
SBS_dataScience,P4-A3-CONTROL,origin/agent/p4-integration-cleanup-v2,b64270bd4ab839ec750a4ceceb08d57957c88782,crawl,DSJA/project_4/crawl/runs/notebooks/observed-dev/MASTER_20260806_01/stages/crawl/notebooks/children/executed/crawl/notebooks/02CollectPostingDetail.ipynb,100644,blob,6b3b98dd97d966663584f625b4af23c95ba11cf2,11356,/home/sieg/projects-wsl/worktrees/p4-orchestrator,true,11356,6b3b98dd97d966663584f625b4af23c95ba11cf2,true,PASS
SBS_dataScience,P4-A3-CONTROL,origin/agent/p4-integration-cleanup-v2,b64270bd4ab839ec750a4ceceb08d57957c88782,crawl,DSJA/project_4/crawl/runs/notebooks/observed-dev/MASTER_20260806_01/stages/crawl/notebooks/children/executed/crawl/notebooks/03CollectPostingAssets.ipynb,100644,blob,ee57b720ae8932d62362d72d63ccd9317ff302aa,11350,/home/sieg/projects-wsl/worktrees/p4-orchestrator,true,11350,ee57b720ae8932d62362d72d63ccd9317ff302aa,true,PASS
SBS_dataScience,P4-A3-CONTROL,origin/agent/p4-integration-cleanup-v2,b64270bd4ab839ec750a4ceceb08d57957c88782,crawl,DSJA/project_4/crawl/runs/notebooks/observed-dev/MASTER_20260806_01/stages/crawl/notebooks/children/executed/crawl/notebooks/04BuildCrawlRelease.ipynb,100644,blob,427efef3da2072b9fc63ad9c99de8bd19d0568c7,12113,/home/sieg/projects-wsl/worktrees/p4-orchestrator,true,12113,427efef3da2072b9fc63ad9c99de8bd19d0568c7,true,PASS
SBS_dataScience,P4-A3-CONTROL,origin/agent/p4-integration-cleanup-v2,b64270bd4ab839ec750a4ceceb08d57957c88782,crawl,DSJA/project_4/crawl/runs/notebooks/observed-dev/MASTER_20260806_01/stages/crawl/notebooks/children/executed/ncs_mapping/notebooks/00NcsSourceAudit.ipynb,100644,blob,fd623d645ec5ba3f4e7dcf638846885ffb3da54e,11816,/home/sieg/projects-wsl/worktrees/p4-orchestrator,true,11816,fd623d645ec5ba3f4e7dcf638846885ffb3da54e,true,PASS
SBS_dataScience,P4-A3-CONTROL,origin/agent/p4-integration-cleanup-v2,b64270bd4ab839ec750a4ceceb08d57957c88782,crawl,DSJA/project_4/crawl/runs/notebooks/observed-dev/MASTER_20260806_01/stages/crawl/notebooks/children/executed/ncs_mapping/notebooks/01BuildCoreAiItCodeSet.ipynb,100644,blob,a0d70019704a0d053d94f9b6c1c4c16bcf0262d1,10778,/home/sieg/projects-wsl/worktrees/p4-orchestrator,true,10778,a0d70019704a0d053d94f9b6c1c4c16bcf0262d1,true,PASS
SBS_dataScience,P4-A3-CONTROL,origin/agent/p4-integration-cleanup-v2,b64270bd4ab839ec750a4ceceb08d57957c88782,crawl,DSJA/project_4/crawl/runs/notebooks/observed-dev/MASTER_20260806_01/stages/crawl/notebooks/children/executed/ncs_mapping/notebooks/02BuildNcsRetrievalIndex.ipynb,100644,blob,70052ee4f7d5f74fd3105ca57159f0456fe02000,11623,/home/sieg/projects-wsl/worktrees/p4-orchestrator,true,11623,70052ee4f7d5f74fd3105ca57159f0456fe02000,true,PASS
SBS_dataScience,P4-A3-CONTROL,origin/agent/p4-integration-cleanup-v2,b64270bd4ab839ec750a4ceceb08d57957c88782,crawl,DSJA/project_4/crawl/runs/notebooks/observed-dev/MASTER_20260806_01/stages/crawl/notebooks/children/executed/ncs_mapping/notebooks/03MapObservedDuties.ipynb,100644,blob,379352e26ad03b7eed677bbc059093ccded5e5a9,13574,/home/sieg/projects-wsl/worktrees/p4-orchestrator,true,13574,379352e26ad03b7eed677bbc059093ccded5e5a9,true,PASS
SBS_dataScience,P4-A3-CONTROL,origin/agent/p4-integration-cleanup-v2,b64270bd4ab839ec750a4ceceb08d57957c88782,crawl,DSJA/project_4/crawl/runs/notebooks/observed-dev/MASTER_20260806_01/stages/crawl/notebooks/children/executed/ncs_mapping/notebooks/04ExportNcsMappingCsv.ipynb,100644,blob,c05979dc5e61c840edf3ea38f113b9d11c1596d7,18475,/home/sieg/projects-wsl/worktrees/p4-orchestrator,true,18475,c05979dc5e61c840edf3ea38f113b9d11c1596d7,true,PASS
SBS_dataScience,P4-A3-CONTROL,origin/agent/p4-integration-cleanup-v2,b64270bd4ab839ec750a4ceceb08d57957c88782,crawl,DSJA/project_4/crawl/runs/notebooks/observed-dev/MASTER_20260806_01/stages/crawl/notebooks/children/executed/ncs_mapping/notebooks/05EvaluateNcsMapping.ipynb,100644,blob,6e45642dd8a325a40733c793b4bea8d3dc961e33,11395,/home/sieg/projects-wsl/worktrees/p4-orchestrator,true,11395,6e45642dd8a325a40733c793b4bea8d3dc961e33,true,PASS
SBS_dataScience,P4-A3-CONTROL,origin/agent/p4-integration-cleanup-v2,b64270bd4ab839ec750a4ceceb08d57957c88782,crawl,DSJA/project_4/crawl/runs/notebooks/observed-dev/MASTER_20260806_01/stages/crawl/notebooks/children/executed/pipeline/notebooks/00ContractAndInputAudit.ipynb,100644,blob,65f9a24829c660c07f7ae8e3c359ece5e429f807,18454,/home/sieg/projects-wsl/worktrees/p4-orchestrator,true,18454,65f9a24829c660c07f7ae8e3c359ece5e429f807,true,PASS
SBS_dataScience,P4-A3-CONTROL,origin/agent/p4-integration-cleanup-v2,b64270bd4ab839ec750a4ceceb08d57957c88782,crawl,DSJA/project_4/crawl/runs/notebooks/observed-dev/MASTER_20260806_01/stages/crawl/notebooks/children/executed/pipeline/notebooks/01LoadCrawlRelease.ipynb,100644,blob,bbe9432cee52d0775a6b8304731f5000e7922d2a,18236,/home/sieg/projects-wsl/worktrees/p4-orchestrator,true,18236,bbe9432cee52d0775a6b8304731f5000e7922d2a,true,PASS
SBS_dataScience,P4-A3-CONTROL,origin/agent/p4-integration-cleanup-v2,b64270bd4ab839ec750a4ceceb08d57957c88782,crawl,DSJA/project_4/crawl/runs/notebooks/observed-dev/MASTER_20260806_01/stages/crawl/notebooks/children/executed/pipeline/notebooks/02ParseAndNormalize.ipynb,100644,blob,5470df3dd8690c101f9de7d6dbbc7ba42ab40262,18432,/home/sieg/projects-wsl/worktrees/p4-orchestrator,true,18432,5470df3dd8690c101f9de7d6dbbc7ba42ab40262,true,PASS
SBS_dataScience,P4-A3-CONTROL,origin/agent/p4-integration-cleanup-v2,b64270bd4ab839ec750a4ceceb08d57957c88782,crawl,DSJA/project_4/crawl/runs/notebooks/observed-dev/MASTER_20260806_01/stages/crawl/notebooks/children/executed/pipeline/notebooks/03OcrAndSectionRecovery.ipynb,100644,blob,4632bf5746c0f6dc19ce5140ab822a0fb24a02d4,18480,/home/sieg/projects-wsl/worktrees/p4-orchestrator,true,18480,4632bf5746c0f6dc19ce5140ab822a0fb24a02d4,true,PASS
SBS_dataScience,P4-A3-CONTROL,origin/agent/p4-integration-cleanup-v2,b64270bd4ab839ec750a4ceceb08d57957c88782,crawl,DSJA/project_4/crawl/runs/notebooks/observed-dev/MASTER_20260806_01/stages/crawl/notebooks/children/executed/pipeline/notebooks/04SplitTracks.ipynb,100644,blob,92b50930051bcbd7632b060baeede142be98c855,18223,/home/sieg/projects-wsl/worktrees/p4-orchestrator,true,18223,92b50930051bcbd7632b060baeede142be98c855,true,PASS
SBS_dataScience,P4-A3-CONTROL,origin/agent/p4-integration-cleanup-v2,b64270bd4ab839ec750a4ceceb08d57957c88782,crawl,DSJA/project_4/crawl/runs/notebooks/observed-dev/MASTER_20260806_01/stages/crawl/notebooks/children/executed/pipeline/notebooks/05ExtractRequirements.ipynb,100644,blob,aee6f71330e8cd79a3007af4eb24c867631ebcd9,18386,/home/sieg/projects-wsl/worktrees/p4-orchestrator,true,18386,aee6f71330e8cd79a3007af4eb24c867631ebcd9,true,PASS
SBS_dataScience,P4-A3-CONTROL,origin/agent/p4-integration-cleanup-v2,b64270bd4ab839ec750a4ceceb08d57957c88782,crawl,DSJA/project_4/crawl/runs/notebooks/observed-dev/MASTER_20260806_01/stages/crawl/notebooks/children/executed/pipeline/notebooks/06Deduplicate90Days.ipynb,100644,blob,8fb17a4cb03e1623778285cc5255f1317d378bf0,18315,/home/sieg/projects-wsl/worktrees/p4-orchestrator,true,18315,8fb17a4cb03e1623778285cc5255f1317d378bf0,true,PASS
SBS_dataScience,P4-A3-CONTROL,origin/agent/p4-integration-cleanup-v2,b64270bd4ab839ec750a4ceceb08d57957c88782,crawl,DSJA/project_4/crawl/runs/notebooks/observed-dev/MASTER_20260806_01/stages/crawl/notebooks/children/executed/pipeline/notebooks/07LabelCareerAccess.ipynb,100644,blob,f06b88a67e070db51c83021e77ce8763f89a3aa2,18370,/home/sieg/projects-wsl/worktrees/p4-orchestrator,true,18370,f06b88a67e070db51c83021e77ce8763f89a3aa2,true,PASS
SBS_dataScience,P4-A3-CONTROL,origin/agent/p4-integration-cleanup-v2,b64270bd4ab839ec750a4ceceb08d57957c88782,crawl,DSJA/project_4/crawl/runs/notebooks/observed-dev/MASTER_20260806_01/stages/crawl/notebooks/children/executed/pipeline/notebooks/08LoadAndPrepareNcs.ipynb,100644,blob,830131ad973baceda1eff4d720b421a0af5094e9,18440,/home/sieg/projects-wsl/worktrees/p4-orchestrator,true,18440,830131ad973baceda1eff4d720b421a0af5094e9,true,PASS
SBS_dataScience,P4-A3-CONTROL,origin/agent/p4-integration-cleanup-v2,b64270bd4ab839ec750a4ceceb08d57957c88782,crawl,DSJA/project_4/crawl/runs/notebooks/observed-dev/MASTER_20260806_01/stages/crawl/notebooks/children/executed/pipeline/notebooks/09MapPostingToNcs.ipynb,100644,blob,0b70b272cb9668e87fa73032c470701f5dad79d6,18482,/home/sieg/projects-wsl/worktrees/p4-orchestrator,true,18482,0b70b272cb9668e87fa73032c470701f5dad79d6,true,PASS
SBS_dataScience,P4-A3-CONTROL,origin/agent/p4-integration-cleanup-v2,b64270bd4ab839ec750a4ceceb08d57957c88782,crawl,DSJA/project_4/crawl/runs/notebooks/observed-dev/MASTER_20260806_01/stages/crawl/notebooks/children/executed/pipeline/notebooks/10ExportPreprocessedCsv.ipynb,100644,blob,6d1a3b42a103c72331fc21430b121ebf53b7f55a,18619,/home/sieg/projects-wsl/worktrees/p4-orchestrator,true,18619,6d1a3b42a103c72331fc21430b121ebf53b7f55a,true,PASS
SBS_dataScience,P4-A3-CONTROL,origin/agent/p4-integration-cleanup-v2,b64270bd4ab839ec750a4ceceb08d57957c88782,crawl,DSJA/project_4/crawl/runs/notebooks/observed-dev/MASTER_20260806_01/stages/crawl/notebooks/children/executed/pipeline/notebooks/11PreprocessedDataQa.ipynb,100644,blob,682d8b03d0f0cf66a622cd109f0c1bd2f573468a,18394,/home/sieg/projects-wsl/worktrees/p4-orchestrator,true,18394,682d8b03d0f0cf66a622cd109f0c1bd2f573468a,true,PASS
SBS_dataScience,P4-A3-CONTROL,origin/agent/p4-integration-cleanup-v2,b64270bd4ab839ec750a4ceceb08d57957c88782,crawl,DSJA/project_4/crawl/runs/notebooks/observed-dev/MASTER_20260806_01/stages/crawl/notebooks/children/stages/crawl/notebooks/00RecoverSourceState/A1-00-RECOVER/CHECKSUMS.sha256,100644,blob,a267447ebd61a191829281de1c63a6bc20e53120,776,/home/sieg/projects-wsl/worktrees/p4-orchestrator,true,776,a267447ebd61a191829281de1c63a6bc20e53120,true,PASS
SBS_dataScience,P4-A3-CONTROL,origin/agent/p4-integration-cleanup-v2,b64270bd4ab839ec750a4ceceb08d57957c88782,crawl,DSJA/project_4/crawl/runs/notebooks/observed-dev/MASTER_20260806_01/stages/crawl/notebooks/children/stages/crawl/notebooks/00RecoverSourceState/A1-00-RECOVER/asset_frontier.csv,100644,blob,b05b22577fab0e6275b0168503857244c678f942,74,/home/sieg/projects-wsl/worktrees/p4-orchestrator,true,74,b05b22577fab0e6275b0168503857244c678f942,true,PASS
SBS_dataScience,P4-A3-CONTROL,origin/agent/p4-integration-cleanup-v2,b64270bd4ab839ec750a4ceceb08d57957c88782,crawl,DSJA/project_4/crawl/runs/notebooks/observed-dev/MASTER_20260806_01/stages/crawl/notebooks/children/stages/crawl/notebooks/00RecoverSourceState/A1-00-RECOVER/asset_frontier.parquet,100644,blob,7c180819d7385f94ef0d387e30fd23ca191ccc97,3246,/home/sieg/projects-wsl/worktrees/p4-orchestrator,true,3246,7c180819d7385f94ef0d387e30fd23ca191ccc97,true,PASS
SBS_dataScience,P4-A3-CONTROL,origin/agent/p4-integration-cleanup-v2,b64270bd4ab839ec750a4ceceb08d57957c88782,crawl,DSJA/project_4/crawl/runs/notebooks/observed-dev/MASTER_20260806_01/stages/crawl/notebooks/children/stages/crawl/notebooks/00RecoverSourceState/A1-00-RECOVER/detail_frontier.csv,100644,blob,bd3e7b40f742f9fe387c76082c31dc6d92af8ab4,13019,/home/sieg/projects-wsl/worktrees/p4-orchestrator,true,13019,bd3e7b40f742f9fe387c76082c31dc6d92af8ab4,true,PASS
SBS_dataScience,P4-A3-CONTROL,origin/agent/p4-integration-cleanup-v2,b64270bd4ab839ec750a4ceceb08d57957c88782,crawl,DSJA/project_4/crawl/runs/notebooks/observed-dev/MASTER_20260806_01/stages/crawl/notebooks/children/stages/crawl/notebooks/00RecoverSourceState/A1-00-RECOVER/detail_frontier.parquet,100644,blob,f6d816fcb74e911fa9c754dec7c2dfa1cd0f74ad,12795,/home/sieg/projects-wsl/worktrees/p4-orchestrator,true,12795,f6d816fcb74e911fa9c754dec7c2dfa1cd0f74ad,true,PASS
SBS_dataScience,P4-A3-CONTROL,origin/agent/p4-integration-cleanup-v2,b64270bd4ab839ec750a4ceceb08d57957c88782,crawl,DSJA/project_4/crawl/runs/notebooks/observed-dev/MASTER_20260806_01/stages/crawl/notebooks/children/stages/crawl/notebooks/00RecoverSourceState/A1-00-RECOVER/remaining_months.csv,100644,blob,f1b6000b9fb45c06a2e0b01062d6b1f08023a13b,158,/home/sieg/projects-wsl/worktrees/p4-orchestrator,true,158,f1b6000b9fb45c06a2e0b01062d6b1f08023a13b,true,PASS
SBS_dataScience,P4-A3-CONTROL,origin/agent/p4-integration-cleanup-v2,b64270bd4ab839ec750a4ceceb08d57957c88782,crawl,DSJA/project_4/crawl/runs/notebooks/observed-dev/MASTER_20260806_01/stages/crawl/notebooks/children/stages/crawl/notebooks/00RecoverSourceState/A1-00-RECOVER/resume_state.json,100644,blob,a6b056a9fecef3725b4f1d5c6796fe90960562cc,283,/home/sieg/projects-wsl/worktrees/p4-orchestrator,true,283,a6b056a9fecef3725b4f1d5c6796fe90960562cc,true,PASS
SBS_dataScience,P4-A3-CONTROL,origin/agent/p4-integration-cleanup-v2,b64270bd4ab839ec750a4ceceb08d57957c88782,crawl,DSJA/project_4/crawl/runs/notebooks/observed-dev/MASTER_20260806_01/stages/crawl/notebooks/children/stages/crawl/notebooks/00RecoverSourceState/A1-00-RECOVER/stage_manifest.json,100644,blob,4e1da5b44aac5d5a7cc1a5923d9d4b87cb45fc4b,5203,/home/sieg/projects-wsl/worktrees/p4-orchestrator,true,5203,4e1da5b44aac5d5a7cc1a5923d9d4b87cb45fc4b,true,PASS
SBS_dataScience,P4-A3-CONTROL,origin/agent/p4-integration-cleanup-v2,b64270bd4ab839ec750a4ceceb08d57957c88782,crawl,DSJA/project_4/crawl/runs/notebooks/observed-dev/MASTER_20260806_01/stages/crawl/notebooks/children/stages/crawl/notebooks/00RecoverSourceState/A1-00-RECOVER/stage_metrics.json,100644,blob,c8f88320c963d496321941d6200adf82958fd588,3048,/home/sieg/projects-wsl/worktrees/p4-orchestrator,true,3048,c8f88320c963d496321941d6200adf82958fd588,true,PASS
SBS_dataScience,P4-A3-CONTROL,origin/agent/p4-integration-cleanup-v2,b64270bd4ab839ec750a4ceceb08d57957c88782,crawl,DSJA/project_4/crawl/runs/notebooks/observed-dev/MASTER_20260806_01/stages/crawl/notebooks/children/stages/crawl/notebooks/00RecoverSourceState/A1-00-RECOVER/stage_quality.csv,100644,blob,5650dbf794e154e93a1aa9dfd8ab574f226a8990,508,/home/sieg/projects-wsl/worktrees/p4-orchestrator,true,508,5650dbf794e154e93a1aa9dfd8ab574f226a8990,true,PASS
SBS_dataScience,P4-A3-CONTROL,origin/agent/p4-integration-cleanup-v2,b64270bd4ab839ec750a4ceceb08d57957c88782,crawl,DSJA/project_4/crawl/runs/notebooks/observed-dev/MASTER_20260806_01/stages/crawl/notebooks/children/stages/crawl/notebooks/01CollectLinkareerIndex/A1-01-INDEX/CHECKSUMS.sha256,100644,blob,e29d478d5db25dba59998372f56233538dd97cc2,536,/home/sieg/projects-wsl/worktrees/p4-orchestrator,true,536,e29d478d5db25dba59998372f56233538dd97cc2,true,PASS
SBS_dataScience,P4-A3-CONTROL,origin/agent/p4-integration-cleanup-v2,b64270bd4ab839ec750a4ceceb08d57957c88782,crawl,DSJA/project_4/crawl/runs/notebooks/observed-dev/MASTER_20260806_01/stages/crawl/notebooks/children/stages/crawl/notebooks/01CollectLinkareerIndex/A1-01-INDEX/fixture_apq_audit.json,100644,blob,fad3d79a5637826440b7adff828424640dd978bd,299,/home/sieg/projects-wsl/worktrees/p4-orchestrator,true,299,fad3d79a5637826440b7adff828424640dd978bd,true,PASS
SBS_dataScience,P4-A3-CONTROL,origin/agent/p4-integration-cleanup-v2,b64270bd4ab839ec750a4ceceb08d57957c88782,crawl,DSJA/project_4/crawl/runs/notebooks/observed-dev/MASTER_20260806_01/stages/crawl/notebooks/children/stages/crawl/notebooks/01CollectLinkareerIndex/A1-01-INDEX/posting_discovery_index.csv,100644,blob,c8798a33b447b4a247168a5adfaec37910f7c8af,26326,/home/sieg/projects-wsl/worktrees/p4-orchestrator,true,26326,c8798a33b447b4a247168a5adfaec37910f7c8af,true,PASS
SBS_dataScience,P4-A3-CONTROL,origin/agent/p4-integration-cleanup-v2,b64270bd4ab839ec750a4ceceb08d57957c88782,crawl,DSJA/project_4/crawl/runs/notebooks/observed-dev/MASTER_20260806_01/stages/crawl/notebooks/children/stages/crawl/notebooks/01CollectLinkareerIndex/A1-01-INDEX/posting_discovery_index.parquet,100644,blob,917f7d5873c5a96f6675d4d1f20cc7a6983243f4,5803,/home/sieg/projects-wsl/worktrees/p4-orchestrator,true,5803,917f7d5873c5a96f6675d4d1f20cc7a6983243f4,true,PASS
SBS_dataScience,P4-A3-CONTROL,origin/agent/p4-integration-cleanup-v2,b64270bd4ab839ec750a4ceceb08d57957c88782,crawl,DSJA/project_4/crawl/runs/notebooks/observed-dev/MASTER_20260806_01/stages/crawl/notebooks/children/stages/crawl/notebooks/01CollectLinkareerIndex/A1-01-INDEX/stage_manifest.json,100644,blob,a78285a8b899acdb8d8e536d9e404260ef5c5a5c,3575,/home/sieg/projects-wsl/worktrees/p4-orchestrator,true,3575,a78285a8b899acdb8d8e536d9e404260ef5c5a5c,true,PASS
SBS_dataScience,P4-A3-CONTROL,origin/agent/p4-integration-cleanup-v2,b64270bd4ab839ec750a4ceceb08d57957c88782,crawl,DSJA/project_4/crawl/runs/notebooks/observed-dev/MASTER_20260806_01/stages/crawl/notebooks/children/stages/crawl/notebooks/01CollectLinkareerIndex/A1-01-INDEX/stage_metrics.json,100644,blob,38d30a9b35bcbe411c627300bb40d0c16650c9ef,2527,/home/sieg/projects-wsl/worktrees/p4-orchestrator,true,2527,38d30a9b35bcbe411c627300bb40d0c16650c9ef,true,PASS
SBS_dataScience,P4-A3-CONTROL,origin/agent/p4-integration-cleanup-v2,b64270bd4ab839ec750a4ceceb08d57957c88782,crawl,DSJA/project_4/crawl/runs/notebooks/observed-dev/MASTER_20260806_01/stages/crawl/notebooks/children/stages/crawl/notebooks/01CollectLinkareerIndex/A1-01-INDEX/stage_quality.csv,100644,blob,b5c7d83f59290d60a73f7e51f7fbfd2d7ad8d452,501,/home/sieg/projects-wsl/worktrees/p4-orchestrator,true,501,b5c7d83f59290d60a73f7e51f7fbfd2d7ad8d452,true,PASS
SBS_dataScience,P4-A3-CONTROL,origin/agent/p4-integration-cleanup-v2,b64270bd4ab839ec750a4ceceb08d57957c88782,crawl,DSJA/project_4/crawl/runs/notebooks/observed-dev/MASTER_20260806_01/stages/crawl/notebooks/children/stages/crawl/notebooks/02CollectPostingDetail/A1-02-DETAIL/CHECKSUMS.sha256,100644,blob,15977112c9f2b61326451a39ef8f77dfcc205e24,624,/home/sieg/projects-wsl/worktrees/p4-orchestrator,true,624,15977112c9f2b61326451a39ef8f77dfcc205e24,true,PASS
SBS_dataScience,P4-A3-CONTROL,origin/agent/p4-integration-cleanup-v2,b64270bd4ab839ec750a4ceceb08d57957c88782,crawl,DSJA/project_4/crawl/runs/notebooks/observed-dev/MASTER_20260806_01/stages/crawl/notebooks/children/stages/crawl/notebooks/02CollectPostingDetail/A1-02-DETAIL/posting_detail_replay.csv,100644,blob,36a52223b0358b66a62493cc30511bcdc45a1873,24725,/home/sieg/projects-wsl/worktrees/p4-orchestrator,true,24725,36a52223b0358b66a62493cc30511bcdc45a1873,true,PASS
SBS_dataScience,P4-A3-CONTROL,origin/agent/p4-integration-cleanup-v2,b64270bd4ab839ec750a4ceceb08d57957c88782,crawl,DSJA/project_4/crawl/runs/notebooks/observed-dev/MASTER_20260806_01/stages/crawl/notebooks/children/stages/crawl/notebooks/02CollectPostingDetail/A1-02-DETAIL/posting_detail_replay.parquet,100644,blob,e60729c5ceeded1f9dfce7fe619cbfae2b4f8530,27468,/home/sieg/projects-wsl/worktrees/p4-orchestrator,true,27468,e60729c5ceeded1f9dfce7fe619cbfae2b4f8530,true,PASS
SBS_dataScience,P4-A3-CONTROL,origin/agent/p4-integration-cleanup-v2,b64270bd4ab839ec750a4ceceb08d57957c88782,crawl,DSJA/project_4/crawl/runs/notebooks/observed-dev/MASTER_20260806_01/stages/crawl/notebooks/children/stages/crawl/notebooks/02CollectPostingDetail/A1-02-DETAIL/raw_replay_failures.json,100644,blob,fe51488c7066f6687ef680d6bfaa4f7768ef205c,3,/home/sieg/projects-wsl/worktrees/p4-orchestrator,true,3,fe51488c7066f6687ef680d6bfaa4f7768ef205c,true,PASS
SBS_dataScience,P4-A3-CONTROL,origin/agent/p4-integration-cleanup-v2,b64270bd4ab839ec750a4ceceb08d57957c88782,crawl,DSJA/project_4/crawl/runs/notebooks/observed-dev/MASTER_20260806_01/stages/crawl/notebooks/children/stages/crawl/notebooks/02CollectPostingDetail/A1-02-DETAIL/raw_replay_metrics.json,100644,blob,6d73702814220b31c8550616d310043cf6eafd29,197,/home/sieg/projects-wsl/worktrees/p4-orchestrator,true,197,6d73702814220b31c8550616d310043cf6eafd29,true,PASS
SBS_dataScience,P4-A3-CONTROL,origin/agent/p4-integration-cleanup-v2,b64270bd4ab839ec750a4ceceb08d57957c88782,crawl,DSJA/project_4/crawl/runs/notebooks/observed-dev/MASTER_20260806_01/stages/crawl/notebooks/children/stages/crawl/notebooks/02CollectPostingDetail/A1-02-DETAIL/stage_manifest.json,100644,blob,42f81ca0c822852b6213be1d5a5046cded81ac89,4430,/home/sieg/projects-wsl/worktrees/p4-orchestrator,true,4430,42f81ca0c822852b6213be1d5a5046cded81ac89,true,PASS
SBS_dataScience,P4-A3-CONTROL,origin/agent/p4-integration-cleanup-v2,b64270bd4ab839ec750a4ceceb08d57957c88782,crawl,DSJA/project_4/crawl/runs/notebooks/observed-dev/MASTER_20260806_01/stages/crawl/notebooks/children/stages/crawl/notebooks/02CollectPostingDetail/A1-02-DETAIL/stage_metrics.json,100644,blob,ce1a1e3fc6c17a03fa0c528c8d57379fa60864ce,2206,/home/sieg/projects-wsl/worktrees/p4-orchestrator,true,2206,ce1a1e3fc6c17a03fa0c528c8d57379fa60864ce,true,PASS
SBS_dataScience,P4-A3-CONTROL,origin/agent/p4-integration-cleanup-v2,b64270bd4ab839ec750a4ceceb08d57957c88782,crawl,DSJA/project_4/crawl/runs/notebooks/observed-dev/MASTER_20260806_01/stages/crawl/notebooks/children/stages/crawl/notebooks/02CollectPostingDetail/A1-02-DETAIL/stage_quality.csv,100644,blob,118fc934b986d1ca2f99568ab7bfc3aacfb856a0,749,/home/sieg/projects-wsl/worktrees/p4-orchestrator,true,749,118fc934b986d1ca2f99568ab7bfc3aacfb856a0,true,PASS
SBS_dataScience,P4-A3-CONTROL,origin/agent/p4-integration-cleanup-v2,b64270bd4ab839ec750a4ceceb08d57957c88782,crawl,DSJA/project_4/crawl/scripts/build_master_notebook.py,100644,blob,394ac9cc3a4eb035893a541ddbfb1c9e2f0554c6,8663,/home/sieg/projects-wsl/worktrees/p4-orchestrator,true,8663,394ac9cc3a4eb035893a541ddbfb1c9e2f0554c6,true,PASS
SBS_dataScience,P4-A3-CONTROL,origin/agent/p4-integration-cleanup-v2,b64270bd4ab839ec750a4ceceb08d57957c88782,crawl,DSJA/project_4/crawl/scripts/execute_master_notebook.py,100644,blob,dcd356a1934389bbea9a2dc51d175c9412d7c468,1117,/home/sieg/projects-wsl/worktrees/p4-orchestrator,true,1117,dcd356a1934389bbea9a2dc51d175c9412d7c468,true,PASS
SBS_dataScience,P4-A3-CONTROL,origin/agent/p4-integration-cleanup-v2,b64270bd4ab839ec750a4ceceb08d57957c88782,crawl,DSJA/project_4/crawl/scripts/validate_notebook_bundle.py,100644,blob,56e7b0933614bc001eac311b2985defc7e1f92b4,11725,/home/sieg/projects-wsl/worktrees/p4-orchestrator,true,11725,56e7b0933614bc001eac311b2985defc7e1f92b4,true,PASS
SBS_dataScience,P4-A3-CONTROL,origin/agent/p4-integration-cleanup-v2,b64270bd4ab839ec750a4ceceb08d57957c88782,pipeline,DSJA/project_4/pipeline/.gitignore,100644,blob,6990a8dded79a1f853e419fd4c31f7b21eb10287,192,/home/sieg/projects-wsl/worktrees/p4-orchestrator,true,192,6990a8dded79a1f853e419fd4c31f7b21eb10287,true,PASS
SBS_dataScience,P4-A3-CONTROL,origin/agent/p4-integration-cleanup-v2,b64270bd4ab839ec750a4ceceb08d57957c88782,pipeline,DSJA/project_4/pipeline/README.md,100644,blob,6014be65d70166bb284a6da42695e7583461a646,1121,/home/sieg/projects-wsl/worktrees/p4-orchestrator,true,1121,6014be65d70166bb284a6da42695e7583461a646,true,PASS
SBS_dataScience,P4-A3-CONTROL,origin/agent/p4-integration-cleanup-v2,b64270bd4ab839ec750a4ceceb08d57957c88782,pipeline,DSJA/project_4/pipeline/configs/analysis.yaml,100644,blob,7c3d3cb9106fbb4faf87afc922429bbd0ca1a1ec,312,/home/sieg/projects-wsl/worktrees/p4-orchestrator,true,312,7c3d3cb9106fbb4faf87afc922429bbd0ca1a1ec,true,PASS
SBS_dataScience,P4-A3-CONTROL,origin/agent/p4-integration-cleanup-v2,b64270bd4ab839ec750a4ceceb08d57957c88782,pipeline,DSJA/project_4/pipeline/configs/dedup.yaml,100644,blob,cc4b8f521439b0f07273adf593d139a86835d755,73,/home/sieg/projects-wsl/worktrees/p4-orchestrator,true,73,cc4b8f521439b0f07273adf593d139a86835d755,true,PASS
SBS_dataScience,P4-A3-CONTROL,origin/agent/p4-integration-cleanup-v2,b64270bd4ab839ec750a4ceceb08d57957c88782,pipeline,DSJA/project_4/pipeline/configs/labels.yaml,100644,blob,67e1c27d6133d64a1889d8ea9a070d33e7f21555,152,/home/sieg/projects-wsl/worktrees/p4-orchestrator,true,152,67e1c27d6133d64a1889d8ea9a070d33e7f21555,true,PASS
SBS_dataScience,P4-A3-CONTROL,origin/agent/p4-integration-cleanup-v2,b64270bd4ab839ec750a4ceceb08d57957c88782,pipeline,DSJA/project_4/pipeline/configs/ncsBands.yaml,100644,blob,c712fab0e7b4a4e9ce14254a97997749f8638a1e,88,/home/sieg/projects-wsl/worktrees/p4-orchestrator,true,88,c712fab0e7b4a4e9ce14254a97997749f8638a1e,true,PASS
SBS_dataScience,P4-A3-CONTROL,origin/agent/p4-integration-cleanup-v2,b64270bd4ab839ec750a4ceceb08d57957c88782,pipeline,DSJA/project_4/pipeline/configs/paths.local.example.yaml,100644,blob,7d8db904e0e08a37f275d0ccd15175131a2694fd,209,/home/sieg/projects-wsl/worktrees/p4-orchestrator,true,209,7d8db904e0e08a37f275d0ccd15175131a2694fd,true,PASS
SBS_dataScience,P4-A3-CONTROL,origin/agent/p4-integration-cleanup-v2,b64270bd4ab839ec750a4ceceb08d57957c88782,pipeline,DSJA/project_4/pipeline/configs/project.yaml,100644,blob,99a3be5cb0cb74491a25fec68c48a5106f4c7eaa,333,/home/sieg/projects-wsl/worktrees/p4-orchestrator,true,333,99a3be5cb0cb74491a25fec68c48a5106f4c7eaa,true,PASS
SBS_dataScience,P4-A3-CONTROL,origin/agent/p4-integration-cleanup-v2,b64270bd4ab839ec750a4ceceb08d57957c88782,pipeline,DSJA/project_4/pipeline/data/gold/.gitkeep,100644,blob,8b137891791fe96927ad78e64b0aad7bded08bdc,1,/home/sieg/projects-wsl/worktrees/p4-orchestrator,true,1,8b137891791fe96927ad78e64b0aad7bded08bdc,true,PASS
SBS_dataScience,P4-A3-CONTROL,origin/agent/p4-integration-cleanup-v2,b64270bd4ab839ec750a4ceceb08d57957c88782,pipeline,DSJA/project_4/pipeline/data/interim/.gitkeep,100644,blob,8b137891791fe96927ad78e64b0aad7bded08bdc,1,/home/sieg/projects-wsl/worktrees/p4-orchestrator,true,1,8b137891791fe96927ad78e64b0aad7bded08bdc,true,PASS
SBS_dataScience,P4-A3-CONTROL,origin/agent/p4-integration-cleanup-v2,b64270bd4ab839ec750a4ceceb08d57957c88782,pipeline,DSJA/project_4/pipeline/data/marts/.gitkeep,100644,blob,8b137891791fe96927ad78e64b0aad7bded08bdc,1,/home/sieg/projects-wsl/worktrees/p4-orchestrator,true,1,8b137891791fe96927ad78e64b0aad7bded08bdc,true,PASS
SBS_dataScience,P4-A3-CONTROL,origin/agent/p4-integration-cleanup-v2,b64270bd4ab839ec750a4ceceb08d57957c88782,pipeline,DSJA/project_4/pipeline/data/processed/.gitkeep,100644,blob,8b137891791fe96927ad78e64b0aad7bded08bdc,1,/home/sieg/projects-wsl/worktrees/p4-orchestrator,true,1,8b137891791fe96927ad78e64b0aad7bded08bdc,true,PASS
SBS_dataScience,P4-A3-CONTROL,origin/agent/p4-integration-cleanup-v2,b64270bd4ab839ec750a4ceceb08d57957c88782,pipeline,DSJA/project_4/pipeline/data/warehouse/.gitkeep,100644,blob,8b137891791fe96927ad78e64b0aad7bded08bdc,1,/home/sieg/projects-wsl/worktrees/p4-orchestrator,true,1,8b137891791fe96927ad78e64b0aad7bded08bdc,true,PASS
SBS_dataScience,P4-A3-CONTROL,origin/agent/p4-integration-cleanup-v2,b64270bd4ab839ec750a4ceceb08d57957c88782,pipeline,DSJA/project_4/pipeline/notebooks/00ContractAndInputAudit.ipynb,100644,blob,4c83c2760636afe655ecaec3250452d149ebd73f,2915,/home/sieg/projects-wsl/worktrees/p4-orchestrator,true,2915,4c83c2760636afe655ecaec3250452d149ebd73f,true,PASS
SBS_dataScience,P4-A3-CONTROL,origin/agent/p4-integration-cleanup-v2,b64270bd4ab839ec750a4ceceb08d57957c88782,pipeline,DSJA/project_4/pipeline/notebooks/01LoadCrawlRelease.ipynb,100644,blob,2a0d94b6c07e71b048e887c6f3bb3e44d9593b9d,2896,/home/sieg/projects-wsl/worktrees/p4-orchestrator,true,2896,2a0d94b6c07e71b048e887c6f3bb3e44d9593b9d,true,PASS
SBS_dataScience,P4-A3-CONTROL,origin/agent/p4-integration-cleanup-v2,b64270bd4ab839ec750a4ceceb08d57957c88782,pipeline,DSJA/project_4/pipeline/notebooks/02ParseAndNormalize.ipynb,100644,blob,b2e1bf830bfdedbec8eb24125d2aec79dee0fd17,2897,/home/sieg/projects-wsl/worktrees/p4-orchestrator,true,2897,b2e1bf830bfdedbec8eb24125d2aec79dee0fd17,true,PASS
SBS_dataScience,P4-A3-CONTROL,origin/agent/p4-integration-cleanup-v2,b64270bd4ab839ec750a4ceceb08d57957c88782,pipeline,DSJA/project_4/pipeline/notebooks/03OcrAndSectionRecovery.ipynb,100644,blob,53f722fd11d3492dff7b5372c1bfd574f20c1f93,2907,/home/sieg/projects-wsl/worktrees/p4-orchestrator,true,2907,53f722fd11d3492dff7b5372c1bfd574f20c1f93,true,PASS
SBS_dataScience,P4-A3-CONTROL,origin/agent/p4-integration-cleanup-v2,b64270bd4ab839ec750a4ceceb08d57957c88782,pipeline,DSJA/project_4/pipeline/notebooks/04SplitTracks.ipynb,100644,blob,b3562ebb7c26051bff4d457bda3f679f3ab18f51,2895,/home/sieg/projects-wsl/worktrees/p4-orchestrator,true,2895,b3562ebb7c26051bff4d457bda3f679f3ab18f51,true,PASS
SBS_dataScience,P4-A3-CONTROL,origin/agent/p4-integration-cleanup-v2,b64270bd4ab839ec750a4ceceb08d57957c88782,pipeline,DSJA/project_4/pipeline/notebooks/05ExtractRequirements.ipynb,100644,blob,7a8d6ba747da0646ac60110b54cd664f4ffdb255,2906,/home/sieg/projects-wsl/worktrees/p4-orchestrator,true,2906,7a8d6ba747da0646ac60110b54cd664f4ffdb255,true,PASS
SBS_dataScience,P4-A3-CONTROL,origin/agent/p4-integration-cleanup-v2,b64270bd4ab839ec750a4ceceb08d57957c88782,pipeline,DSJA/project_4/pipeline/notebooks/06Deduplicate90Days.ipynb,100644,blob,27f87355fe5a2a6d70752f0967659d751983c0a1,2910,/home/sieg/projects-wsl/worktrees/p4-orchestrator,true,2910,27f87355fe5a2a6d70752f0967659d751983c0a1,true,PASS
SBS_dataScience,P4-A3-CONTROL,origin/agent/p4-integration-cleanup-v2,b64270bd4ab839ec750a4ceceb08d57957c88782,pipeline,DSJA/project_4/pipeline/notebooks/07LabelCareerAccess.ipynb,100644,blob,e4ceada0862fd9db5c652ded2ea4bfbbb3cd8946,2890,/home/sieg/projects-wsl/worktrees/p4-orchestrator,true,2890,e4ceada0862fd9db5c652ded2ea4bfbbb3cd8946,true,PASS
SBS_dataScience,P4-A3-CONTROL,origin/agent/p4-integration-cleanup-v2,b64270bd4ab839ec750a4ceceb08d57957c88782,pipeline,DSJA/project_4/pipeline/notebooks/08LoadAndPrepareNcs.ipynb,100644,blob,72421329451b5c9c13ab46e061a25aa3e1e14e94,2901,/home/sieg/projects-wsl/worktrees/p4-orchestrator,true,2901,72421329451b5c9c13ab46e061a25aa3e1e14e94,true,PASS
SBS_dataScience,P4-A3-CONTROL,origin/agent/p4-integration-cleanup-v2,b64270bd4ab839ec750a4ceceb08d57957c88782,pipeline,DSJA/project_4/pipeline/notebooks/09MapPostingToNcs.ipynb,100644,blob,6141032da464b2d75bac7a426618f4410db239ec,2894,/home/sieg/projects-wsl/worktrees/p4-orchestrator,true,2894,6141032da464b2d75bac7a426618f4410db239ec,true,PASS
SBS_dataScience,P4-A3-CONTROL,origin/agent/p4-integration-cleanup-v2,b64270bd4ab839ec750a4ceceb08d57957c88782,pipeline,DSJA/project_4/pipeline/notebooks/10BuildPostingMart.ipynb,100644,blob,6e6b30a2634a4eb5b5a1b64afb64e86bb45b0263,2894,/home/sieg/projects-wsl/worktrees/p4-orchestrator,true,2894,6e6b30a2634a4eb5b5a1b64afb64e86bb45b0263,true,PASS
SBS_dataScience,P4-A3-CONTROL,origin/agent/p4-integration-cleanup-v2,b64270bd4ab839ec750a4ceceb08d57957c88782,pipeline,DSJA/project_4/pipeline/notebooks/11BuildTimeSeriesMart.ipynb,100644,blob,00b3d862e8499a62fca2c28180a493a246c6c779,2905,/home/sieg/projects-wsl/worktrees/p4-orchestrator,true,2905,00b3d862e8499a62fca2c28180a493a246c6c779,true,PASS
SBS_dataScience,P4-A3-CONTROL,origin/agent/p4-integration-cleanup-v2,b64270bd4ab839ec750a4ceceb08d57957c88782,pipeline,DSJA/project_4/pipeline/notebooks/12AnalyzeRq1Rq2.ipynb,100644,blob,3aa1fa55dbb8e379009e2efa81325902412359ac,2901,/home/sieg/projects-wsl/worktrees/p4-orchestrator,true,2901,3aa1fa55dbb8e379009e2efa81325902412359ac,true,PASS
SBS_dataScience,P4-A3-CONTROL,origin/agent/p4-integration-cleanup-v2,b64270bd4ab839ec750a4ceceb08d57957c88782,pipeline,DSJA/project_4/pipeline/notebooks/13BuildArticleFigures.ipynb,100644,blob,2608a6901cab1645f4fc893d1289b93df31552e7,2894,/home/sieg/projects-wsl/worktrees/p4-orchestrator,true,2894,2608a6901cab1645f4fc893d1289b93df31552e7,true,PASS
SBS_dataScience,P4-A3-CONTROL,origin/agent/p4-integration-cleanup-v2,b64270bd4ab839ec750a4ceceb08d57957c88782,pipeline,DSJA/project_4/pipeline/notebooks/90AuxSimilarity.ipynb,100644,blob,566a1d8fe01879054a5da2652f90cd39ddf841ab,2901,/home/sieg/projects-wsl/worktrees/p4-orchestrator,true,2901,566a1d8fe01879054a5da2652f90cd39ddf841ab,true,PASS
SBS_dataScience,P4-A3-CONTROL,origin/agent/p4-integration-cleanup-v2,b64270bd4ab839ec750a4ceceb08d57957c88782,pipeline,DSJA/project_4/pipeline/notebooks/fixture/00ContractAndInputAudit.ipynb,100644,blob,1d1b1883663fa0ae466c7d69e6d77c8bd351a454,6905,/home/sieg/projects-wsl/worktrees/p4-orchestrator,true,6905,1d1b1883663fa0ae466c7d69e6d77c8bd351a454,true,PASS
SBS_dataScience,P4-A3-CONTROL,origin/agent/p4-integration-cleanup-v2,b64270bd4ab839ec750a4ceceb08d57957c88782,pipeline,DSJA/project_4/pipeline/notebooks/fixture/01LoadCrawlRelease.ipynb,100644,blob,2749908552be531cdedc6f462e2d28a43a932f4d,6873,/home/sieg/projects-wsl/worktrees/p4-orchestrator,true,6873,2749908552be531cdedc6f462e2d28a43a932f4d,true,PASS
SBS_dataScience,P4-A3-CONTROL,origin/agent/p4-integration-cleanup-v2,b64270bd4ab839ec750a4ceceb08d57957c88782,pipeline,DSJA/project_4/pipeline/notebooks/fixture/02ParseAndNormalize.ipynb,100644,blob,e058bb96d9482940711b90933651dbefec107f40,6874,/home/sieg/projects-wsl/worktrees/p4-orchestrator,true,6874,e058bb96d9482940711b90933651dbefec107f40,true,PASS
SBS_dataScience,P4-A3-CONTROL,origin/agent/p4-integration-cleanup-v2,b64270bd4ab839ec750a4ceceb08d57957c88782,pipeline,DSJA/project_4/pipeline/notebooks/fixture/03OcrAndSectionRecovery.ipynb,100644,blob,f6d91294e684bf9f58b008314ddc7ba4fe1d395d,6889,/home/sieg/projects-wsl/worktrees/p4-orchestrator,true,6889,f6d91294e684bf9f58b008314ddc7ba4fe1d395d,true,PASS
SBS_dataScience,P4-A3-CONTROL,origin/agent/p4-integration-cleanup-v2,b64270bd4ab839ec750a4ceceb08d57957c88782,pipeline,DSJA/project_4/pipeline/notebooks/fixture/04SplitTracks.ipynb,100644,blob,903d3b52766f02e4bad0a9632a998a9a81ecb231,6877,/home/sieg/projects-wsl/worktrees/p4-orchestrator,true,6877,903d3b52766f02e4bad0a9632a998a9a81ecb231,true,PASS
SBS_dataScience,P4-A3-CONTROL,origin/agent/p4-integration-cleanup-v2,b64270bd4ab839ec750a4ceceb08d57957c88782,pipeline,DSJA/project_4/pipeline/notebooks/fixture/05ExtractRequirements.ipynb,100644,blob,1517166873c51da17f75664de8a1cde8a6cb7647,6891,/home/sieg/projects-wsl/worktrees/p4-orchestrator,true,6891,1517166873c51da17f75664de8a1cde8a6cb7647,true,PASS
SBS_dataScience,P4-A3-CONTROL,origin/agent/p4-integration-cleanup-v2,b64270bd4ab839ec750a4ceceb08d57957c88782,pipeline,DSJA/project_4/pipeline/notebooks/fixture/06Deduplicate90Days.ipynb,100644,blob,18fd8e2fa798a3386008bba768d9c9cb96e8d343,6900,/home/sieg/projects-wsl/worktrees/p4-orchestrator,true,6900,18fd8e2fa798a3386008bba768d9c9cb96e8d343,true,PASS
SBS_dataScience,P4-A3-CONTROL,origin/agent/p4-integration-cleanup-v2,b64270bd4ab839ec750a4ceceb08d57957c88782,pipeline,DSJA/project_4/pipeline/notebooks/fixture/07LabelCareerAccess.ipynb,100644,blob,829406c569bfe4aaaaadd66c6f3de86ece541316,6860,/home/sieg/projects-wsl/worktrees/p4-orchestrator,true,6860,829406c569bfe4aaaaadd66c6f3de86ece541316,true,PASS
SBS_dataScience,P4-A3-CONTROL,origin/agent/p4-integration-cleanup-v2,b64270bd4ab839ec750a4ceceb08d57957c88782,pipeline,DSJA/project_4/pipeline/notebooks/fixture/08LoadAndPrepareNcs.ipynb,100644,blob,9f89693b82255e2acd84c222da401f1616cbc6a6,6881,/home/sieg/projects-wsl/worktrees/p4-orchestrator,true,6881,9f89693b82255e2acd84c222da401f1616cbc6a6,true,PASS
SBS_dataScience,P4-A3-CONTROL,origin/agent/p4-integration-cleanup-v2,b64270bd4ab839ec750a4ceceb08d57957c88782,pipeline,DSJA/project_4/pipeline/notebooks/fixture/09MapPostingToNcs.ipynb,100644,blob,dca4ce80042ff4765c18ba2f1732be7655d2bd64,6868,/home/sieg/projects-wsl/worktrees/p4-orchestrator,true,6868,dca4ce80042ff4765c18ba2f1732be7655d2bd64,true,PASS
SBS_dataScience,P4-A3-CONTROL,origin/agent/p4-integration-cleanup-v2,b64270bd4ab839ec750a4ceceb08d57957c88782,pipeline,DSJA/project_4/pipeline/notebooks/fixture/10BuildPostingMart.ipynb,100644,blob,a55dd2162e19da06826acfda90f813bcd55b8dfb,6869,/home/sieg/projects-wsl/worktrees/p4-orchestrator,true,6869,a55dd2162e19da06826acfda90f813bcd55b8dfb,true,PASS
SBS_dataScience,P4-A3-CONTROL,origin/agent/p4-integration-cleanup-v2,b64270bd4ab839ec750a4ceceb08d57957c88782,pipeline,DSJA/project_4/pipeline/notebooks/fixture/11BuildTimeSeriesMart.ipynb,100644,blob,6ce441516ca93320706d2526b6f1e9c36ba28996,6887,/home/sieg/projects-wsl/worktrees/p4-orchestrator,true,6887,6ce441516ca93320706d2526b6f1e9c36ba28996,true,PASS
SBS_dataScience,P4-A3-CONTROL,origin/agent/p4-integration-cleanup-v2,b64270bd4ab839ec750a4ceceb08d57957c88782,pipeline,DSJA/project_4/pipeline/notebooks/fixture/12AnalyzeRq1Rq2.ipynb,100644,blob,198a8f9176ffd8179408101cf1ebf92d1b4218e2,6882,/home/sieg/projects-wsl/worktrees/p4-orchestrator,true,6882,198a8f9176ffd8179408101cf1ebf92d1b4218e2,true,PASS
SBS_dataScience,P4-A3-CONTROL,origin/agent/p4-integration-cleanup-v2,b64270bd4ab839ec750a4ceceb08d57957c88782,pipeline,DSJA/project_4/pipeline/notebooks/fixture/13BuildArticleFigures.ipynb,100644,blob,24aa59e1d6b3045c0f67a8878ebd7a0110b1cceb,6866,/home/sieg/projects-wsl/worktrees/p4-orchestrator,true,6866,24aa59e1d6b3045c0f67a8878ebd7a0110b1cceb,true,PASS
SBS_dataScience,P4-A3-CONTROL,origin/agent/p4-integration-cleanup-v2,b64270bd4ab839ec750a4ceceb08d57957c88782,pipeline,DSJA/project_4/pipeline/notebooks/fixture/90AuxSimilarity.ipynb,100644,blob,e5d3dace234d18bf0cccb394d01b80fa22ba9b3b,6881,/home/sieg/projects-wsl/worktrees/p4-orchestrator,true,6881,e5d3dace234d18bf0cccb394d01b80fa22ba9b3b,true,PASS
SBS_dataScience,P4-A3-CONTROL,origin/agent/p4-integration-cleanup-v2,b64270bd4ab839ec750a4ceceb08d57957c88782,pipeline,DSJA/project_4/pipeline/pyproject.toml,100644,blob,7db1bac5d4625c8226aea5a1e8408696bf254e25,627,/home/sieg/projects-wsl/worktrees/p4-orchestrator,true,627,7db1bac5d4625c8226aea5a1e8408696bf254e25,true,PASS
SBS_dataScience,P4-A3-CONTROL,origin/agent/p4-integration-cleanup-v2,b64270bd4ab839ec750a4ceceb08d57957c88782,pipeline,DSJA/project_4/pipeline/reports/agent2/AGENT2_FINAL_REPORT.json,100644,blob,541560c53732727543ecdf39cc450609317f55b5,14592,/home/sieg/projects-wsl/worktrees/p4-orchestrator,true,14592,541560c53732727543ecdf39cc450609317f55b5,true,PASS
SBS_dataScience,P4-A3-CONTROL,origin/agent/p4-integration-cleanup-v2,b64270bd4ab839ec750a4ceceb08d57957c88782,pipeline,DSJA/project_4/pipeline/reports/agent2/AGENT2_FINAL_REPORT.md,100644,blob,c8a98d8a2ef3188063986eb7e847cc18893a0225,1847,/home/sieg/projects-wsl/worktrees/p4-orchestrator,true,1847,c8a98d8a2ef3188063986eb7e847cc18893a0225,true,PASS
SBS_dataScience,P4-A3-CONTROL,origin/agent/p4-integration-cleanup-v2,b64270bd4ab839ec750a4ceceb08d57957c88782,pipeline,DSJA/project_4/pipeline/reports/agent2/ARTIFACT_MANIFEST.json,100644,blob,9783de82090215ce4fef66b880cc78b1d9ca2c7a,7661,/home/sieg/projects-wsl/worktrees/p4-orchestrator,true,7661,9783de82090215ce4fef66b880cc78b1d9ca2c7a,true,PASS
SBS_dataScience,P4-A3-CONTROL,origin/agent/p4-integration-cleanup-v2,b64270bd4ab839ec750a4ceceb08d57957c88782,pipeline,DSJA/project_4/pipeline/reports/agent2/PARTIAL_CRAWL_CONFORMANCE.json,100644,blob,6417b0b2f7761a8a08a1e86cf29ab698d4fb3c9a,7843,/home/sieg/projects-wsl/worktrees/p4-orchestrator,true,7843,6417b0b2f7761a8a08a1e86cf29ab698d4fb3c9a,true,PASS
SBS_dataScience,P4-A3-CONTROL,origin/agent/p4-integration-cleanup-v2,b64270bd4ab839ec750a4ceceb08d57957c88782,pipeline,DSJA/project_4/pipeline/reports/figures/.gitkeep,100644,blob,8b137891791fe96927ad78e64b0aad7bded08bdc,1,/home/sieg/projects-wsl/worktrees/p4-orchestrator,true,1,8b137891791fe96927ad78e64b0aad7bded08bdc,true,PASS
SBS_dataScience,P4-A3-CONTROL,origin/agent/p4-integration-cleanup-v2,b64270bd4ab839ec750a4ceceb08d57957c88782,pipeline,DSJA/project_4/pipeline/reports/tables/.gitkeep,100644,blob,8b137891791fe96927ad78e64b0aad7bded08bdc,1,/home/sieg/projects-wsl/worktrees/p4-orchestrator,true,1,8b137891791fe96927ad78e64b0aad7bded08bdc,true,PASS
SBS_dataScience,P4-A3-CONTROL,origin/agent/p4-integration-cleanup-v2,b64270bd4ab839ec750a4ceceb08d57957c88782,pipeline,DSJA/project_4/pipeline/runs/.gitkeep,100644,blob,8b137891791fe96927ad78e64b0aad7bded08bdc,1,/home/sieg/projects-wsl/worktrees/p4-orchestrator,true,1,8b137891791fe96927ad78e64b0aad7bded08bdc,true,PASS
SBS_dataScience,P4-A3-CONTROL,origin/agent/p4-integration-cleanup-v2,b64270bd4ab839ec750a4ceceb08d57957c88782,pipeline,DSJA/project_4/pipeline/scripts/bootstrap_canonical_warehouse.py,100644,blob,c32dfab143324a9e1aaa9daef145cc5c9736bc96,1509,/home/sieg/projects-wsl/worktrees/p4-orchestrator,true,1509,c32dfab143324a9e1aaa9daef145cc5c9736bc96,true,PASS
SBS_dataScience,P4-A3-CONTROL,origin/agent/p4-integration-cleanup-v2,b64270bd4ab839ec750a4ceceb08d57957c88782,pipeline,DSJA/project_4/pipeline/scripts/build_notebooks.py,100644,blob,431849b444db85096112bda39a56dbecfb2e1e1f,6755,/home/sieg/projects-wsl/worktrees/p4-orchestrator,true,6755,431849b444db85096112bda39a56dbecfb2e1e1f,true,PASS
SBS_dataScience,P4-A3-CONTROL,origin/agent/p4-integration-cleanup-v2,b64270bd4ab839ec750a4ceceb08d57957c88782,pipeline,DSJA/project_4/pipeline/scripts/build_reports.py,100644,blob,f6d6bcf00ad619f0b05aef4f7397e7debe798837,18809,/home/sieg/projects-wsl/worktrees/p4-orchestrator,true,18809,f6d6bcf00ad619f0b05aef4f7397e7debe798837,true,PASS
SBS_dataScience,P4-A3-CONTROL,origin/agent/p4-integration-cleanup-v2,b64270bd4ab839ec750a4ceceb08d57957c88782,pipeline,DSJA/project_4/pipeline/scripts/execute_notebooks.py,100644,blob,c8f6f35240059c52f595fcf90a4718c14898f35b,823,/home/sieg/projects-wsl/worktrees/p4-orchestrator,true,823,c8f6f35240059c52f595fcf90a4718c14898f35b,true,PASS
SBS_dataScience,P4-A3-CONTROL,origin/agent/p4-integration-cleanup-v2,b64270bd4ab839ec750a4ceceb08d57957c88782,pipeline,DSJA/project_4/pipeline/scripts/run_fixture_pipeline.py,100644,blob,1db690557d610e4b5c6f8a645fb82aa90b20fe72,8295,/home/sieg/projects-wsl/worktrees/p4-orchestrator,true,8295,1db690557d610e4b5c6f8a645fb82aa90b20fe72,true,PASS
SBS_dataScience,P4-A3-CONTROL,origin/agent/p4-integration-cleanup-v2,b64270bd4ab839ec750a4ceceb08d57957c88782,pipeline,DSJA/project_4/pipeline/scripts/validate_partial_crawl.py,100644,blob,f9479af89b6359b38758c0e03bbe6ea13cfaf8a5,5398,/home/sieg/projects-wsl/worktrees/p4-orchestrator,true,5398,f9479af89b6359b38758c0e03bbe6ea13cfaf8a5,true,PASS
SBS_dataScience,P4-A3-CONTROL,origin/agent/p4-integration-cleanup-v2,b64270bd4ab839ec750a4ceceb08d57957c88782,pipeline,DSJA/project_4/pipeline/src/p4/__init__.py,100644,blob,adf3a29822fc8ae3854a0acc30f024bea1e6baa6,55,/home/sieg/projects-wsl/worktrees/p4-orchestrator,true,55,adf3a29822fc8ae3854a0acc30f024bea1e6baa6,true,PASS
SBS_dataScience,P4-A3-CONTROL,origin/agent/p4-integration-cleanup-v2,b64270bd4ab839ec750a4ceceb08d57957c88782,pipeline,DSJA/project_4/pipeline/src/p4/analysis/__init__.py,100644,blob,ae505b1d49f62eab929679d12f1374532b34e18b,43,/home/sieg/projects-wsl/worktrees/p4-orchestrator,true,43,ae505b1d49f62eab929679d12f1374532b34e18b,true,PASS
SBS_dataScience,P4-A3-CONTROL,origin/agent/p4-integration-cleanup-v2,b64270bd4ab839ec750a4ceceb08d57957c88782,pipeline,DSJA/project_4/pipeline/src/p4/analysis/segmented.py,100644,blob,520d029a6efc98af144f269e058b2299a4b473dd,3718,/home/sieg/projects-wsl/worktrees/p4-orchestrator,true,3718,520d029a6efc98af144f269e058b2299a4b473dd,true,PASS
SBS_dataScience,P4-A3-CONTROL,origin/agent/p4-integration-cleanup-v2,b64270bd4ab839ec750a4ceceb08d57957c88782,pipeline,DSJA/project_4/pipeline/src/p4/common/__init__.py,100644,blob,45092fd5a00285903afa8cbf71fdee2f7c8011fb,39,/home/sieg/projects-wsl/worktrees/p4-orchestrator,true,39,45092fd5a00285903afa8cbf71fdee2f7c8011fb,true,PASS
SBS_dataScience,P4-A3-CONTROL,origin/agent/p4-integration-cleanup-v2,b64270bd4ab839ec750a4ceceb08d57957c88782,pipeline,DSJA/project_4/pipeline/src/p4/common/hashing.py,100644,blob,9318e0b8c0a4df69df12e40b3bcd4f07871cca2d,808,/home/sieg/projects-wsl/worktrees/p4-orchestrator,true,808,9318e0b8c0a4df69df12e40b3bcd4f07871cca2d,true,PASS
SBS_dataScience,P4-A3-CONTROL,origin/agent/p4-integration-cleanup-v2,b64270bd4ab839ec750a4ceceb08d57957c88782,pipeline,DSJA/project_4/pipeline/src/p4/common/key_strategies.py,100644,blob,09d01568207f47df8f3f250c7c5ea420d52cbb63,5719,/home/sieg/projects-wsl/worktrees/p4-orchestrator,true,5719,09d01568207f47df8f3f250c7c5ea420d52cbb63,true,PASS
SBS_dataScience,P4-A3-CONTROL,origin/agent/p4-integration-cleanup-v2,b64270bd4ab839ec750a4ceceb08d57957c88782,pipeline,DSJA/project_4/pipeline/src/p4/common/keys.py,100644,blob,1b3ec852b1f9e1e4c70c74f5d8a5e7e157959fbd,3426,/home/sieg/projects-wsl/worktrees/p4-orchestrator,true,3426,1b3ec852b1f9e1e4c70c74f5d8a5e7e157959fbd,true,PASS
SBS_dataScience,P4-A3-CONTROL,origin/agent/p4-integration-cleanup-v2,b64270bd4ab839ec750a4ceceb08d57957c88782,pipeline,DSJA/project_4/pipeline/src/p4/common/time.py,100644,blob,4059fb4e00c56ae9f7672cfcb210d0c455046b81,1131,/home/sieg/projects-wsl/worktrees/p4-orchestrator,true,1131,4059fb4e00c56ae9f7672cfcb210d0c455046b81,true,PASS
SBS_dataScience,P4-A3-CONTROL,origin/agent/p4-integration-cleanup-v2,b64270bd4ab839ec750a4ceceb08d57957c88782,pipeline,DSJA/project_4/pipeline/src/p4/common/versions.py,100644,blob,024fb20f194079a80c4a4bddc53d88e3dcd99afc,395,/home/sieg/projects-wsl/worktrees/p4-orchestrator,true,395,024fb20f194079a80c4a4bddc53d88e3dcd99afc,true,PASS
SBS_dataScience,P4-A3-CONTROL,origin/agent/p4-integration-cleanup-v2,b64270bd4ab839ec750a4ceceb08d57957c88782,pipeline,DSJA/project_4/pipeline/src/p4/contracts/__init__.py,100644,blob,775f27f97a146590b27e46800fc85df2fb6a212a,63,/home/sieg/projects-wsl/worktrees/p4-orchestrator,true,63,775f27f97a146590b27e46800fc85df2fb6a212a,true,PASS
SBS_dataScience,P4-A3-CONTROL,origin/agent/p4-integration-cleanup-v2,b64270bd4ab839ec750a4ceceb08d57957c88782,pipeline,DSJA/project_4/pipeline/src/p4/contracts/loader.py,100644,blob,879a0e1b9f144df8ecb88c3233ac432ef75b0071,12598,/home/sieg/projects-wsl/worktrees/p4-orchestrator,true,12598,879a0e1b9f144df8ecb88c3233ac432ef75b0071,true,PASS
SBS_dataScience,P4-A3-CONTROL,origin/agent/p4-integration-cleanup-v2,b64270bd4ab839ec750a4ceceb08d57957c88782,pipeline,DSJA/project_4/pipeline/src/p4/contracts/validators.py,100644,blob,c93590882b549c79e1c6d5d5cbbb208e9f9b651f,12108,/home/sieg/projects-wsl/worktrees/p4-orchestrator,true,12108,c93590882b549c79e1c6d5d5cbbb208e9f9b651f,true,PASS
SBS_dataScience,P4-A3-CONTROL,origin/agent/p4-integration-cleanup-v2,b64270bd4ab839ec750a4ceceb08d57957c88782,pipeline,DSJA/project_4/pipeline/src/p4/dedup/__init__.py,100644,blob,58d54bc9bf108d032338dff62358846316970a22,36,/home/sieg/projects-wsl/worktrees/p4-orchestrator,true,36,58d54bc9bf108d032338dff62358846316970a22,true,PASS
SBS_dataScience,P4-A3-CONTROL,origin/agent/p4-integration-cleanup-v2,b64270bd4ab839ec750a4ceceb08d57957c88782,pipeline,DSJA/project_4/pipeline/src/p4/dedup/reposts.py,100644,blob,51f4193971a873635c0c1366211ab6266bd8abee,2687,/home/sieg/projects-wsl/worktrees/p4-orchestrator,true,2687,51f4193971a873635c0c1366211ab6266bd8abee,true,PASS
SBS_dataScience,P4-A3-CONTROL,origin/agent/p4-integration-cleanup-v2,b64270bd4ab839ec750a4ceceb08d57957c88782,pipeline,DSJA/project_4/pipeline/src/p4/label/__init__.py,100644,blob,3e5241fa7e622e9f0a046eeaec21ca6f7856b8b4,44,/home/sieg/projects-wsl/worktrees/p4-orchestrator,true,44,3e5241fa7e622e9f0a046eeaec21ca6f7856b8b4,true,PASS
SBS_dataScience,P4-A3-CONTROL,origin/agent/p4-integration-cleanup-v2,b64270bd4ab839ec750a4ceceb08d57957c88782,pipeline,DSJA/project_4/pipeline/src/p4/label/career.py,100644,blob,72c13bf2f1ffab9dff07fa2cbbc40c4792aa0026,1904,/home/sieg/projects-wsl/worktrees/p4-orchestrator,true,1904,72c13bf2f1ffab9dff07fa2cbbc40c4792aa0026,true,PASS
SBS_dataScience,P4-A3-CONTROL,origin/agent/p4-integration-cleanup-v2,b64270bd4ab839ec750a4ceceb08d57957c88782,pipeline,DSJA/project_4/pipeline/src/p4/marts/__init__.py,100644,blob,b1441826e899aeca49608131b38347c30711842e,48,/home/sieg/projects-wsl/worktrees/p4-orchestrator,true,48,b1441826e899aeca49608131b38347c30711842e,true,PASS
SBS_dataScience,P4-A3-CONTROL,origin/agent/p4-integration-cleanup-v2,b64270bd4ab839ec750a4ceceb08d57957c88782,pipeline,DSJA/project_4/pipeline/src/p4/marts/posting.py,100644,blob,56fb5ff87c54c926263bccf9d44e4acf2b74343b,4749,/home/sieg/projects-wsl/worktrees/p4-orchestrator,true,4749,56fb5ff87c54c926263bccf9d44e4acf2b74343b,true,PASS
SBS_dataScience,P4-A3-CONTROL,origin/agent/p4-integration-cleanup-v2,b64270bd4ab839ec750a4ceceb08d57957c88782,pipeline,DSJA/project_4/pipeline/src/p4/marts/time_series.py,100644,blob,244a947b9a80e6305563fb27aecc39c7b02c9758,6711,/home/sieg/projects-wsl/worktrees/p4-orchestrator,true,6711,244a947b9a80e6305563fb27aecc39c7b02c9758,true,PASS
SBS_dataScience,P4-A3-CONTROL,origin/agent/p4-integration-cleanup-v2,b64270bd4ab839ec750a4ceceb08d57957c88782,pipeline,DSJA/project_4/pipeline/src/p4/ncs/__init__.py,100644,blob,48485c3db02c26787017025aad14365478d03803,56,/home/sieg/projects-wsl/worktrees/p4-orchestrator,true,56,48485c3db02c26787017025aad14365478d03803,true,PASS
SBS_dataScience,P4-A3-CONTROL,origin/agent/p4-integration-cleanup-v2,b64270bd4ab839ec750a4ceceb08d57957c88782,pipeline,DSJA/project_4/pipeline/src/p4/ncs/bands.py,100644,blob,22207d7ab63c961fa8b70db29f0755bcae668fca,391,/home/sieg/projects-wsl/worktrees/p4-orchestrator,true,391,22207d7ab63c961fa8b70db29f0755bcae668fca,true,PASS
SBS_dataScience,P4-A3-CONTROL,origin/agent/p4-integration-cleanup-v2,b64270bd4ab839ec750a4ceceb08d57957c88782,pipeline,DSJA/project_4/pipeline/src/p4/ncs/mapping.py,100644,blob,0119632cb144b4bf7e7aeab262cb2b960d619d30,3680,/home/sieg/projects-wsl/worktrees/p4-orchestrator,true,3680,0119632cb144b4bf7e7aeab262cb2b960d619d30,true,PASS
SBS_dataScience,P4-A3-CONTROL,origin/agent/p4-integration-cleanup-v2,b64270bd4ab839ec750a4ceceb08d57957c88782,pipeline,DSJA/project_4/pipeline/src/p4/normalize/__init__.py,100644,blob,859215013be8bee085fe38592659d4b6835e2afb,30,/home/sieg/projects-wsl/worktrees/p4-orchestrator,true,30,859215013be8bee085fe38592659d4b6835e2afb,true,PASS
SBS_dataScience,P4-A3-CONTROL,origin/agent/p4-integration-cleanup-v2,b64270bd4ab839ec750a4ceceb08d57957c88782,pipeline,DSJA/project_4/pipeline/src/p4/normalize/eligibility.py,100644,blob,77edbd908444d4e27a182d14f5debf82c3130e2c,4109,/home/sieg/projects-wsl/worktrees/p4-orchestrator,true,4109,77edbd908444d4e27a182d14f5debf82c3130e2c,true,PASS
SBS_dataScience,P4-A3-CONTROL,origin/agent/p4-integration-cleanup-v2,b64270bd4ab839ec750a4ceceb08d57957c88782,pipeline,DSJA/project_4/pipeline/src/p4/normalize/linkareer.py,100644,blob,e407521caf9c732b622622d47060ebbdbd58fe7a,3949,/home/sieg/projects-wsl/worktrees/p4-orchestrator,true,3949,e407521caf9c732b622622d47060ebbdbd58fe7a,true,PASS
SBS_dataScience,P4-A3-CONTROL,origin/agent/p4-integration-cleanup-v2,b64270bd4ab839ec750a4ceceb08d57957c88782,pipeline,DSJA/project_4/pipeline/src/p4/normalize/postings.py,100644,blob,44be6cfc04d33ef4165ca0145bdc71c0d856b473,5037,/home/sieg/projects-wsl/worktrees/p4-orchestrator,true,5037,44be6cfc04d33ef4165ca0145bdc71c0d856b473,true,PASS
SBS_dataScience,P4-A3-CONTROL,origin/agent/p4-integration-cleanup-v2,b64270bd4ab839ec750a4ceceb08d57957c88782,pipeline,DSJA/project_4/pipeline/src/p4/normalize/tracks.py,100644,blob,cf5fec5660c92f7c6438867483c59c96ccc7cef8,2679,/home/sieg/projects-wsl/worktrees/p4-orchestrator,true,2679,cf5fec5660c92f7c6438867483c59c96ccc7cef8,true,PASS
SBS_dataScience,P4-A3-CONTROL,origin/agent/p4-integration-cleanup-v2,b64270bd4ab839ec750a4ceceb08d57957c88782,pipeline,DSJA/project_4/pipeline/src/p4/ocr/__init__.py,100644,blob,527b37314137c20277d79a96801ff553819ad6b8,76,/home/sieg/projects-wsl/worktrees/p4-orchestrator,true,76,527b37314137c20277d79a96801ff553819ad6b8,true,PASS
SBS_dataScience,P4-A3-CONTROL,origin/agent/p4-integration-cleanup-v2,b64270bd4ab839ec750a4ceceb08d57957c88782,pipeline,DSJA/project_4/pipeline/src/p4/parse/__init__.py,100644,blob,5894d740bd07b3a61503639d7ab843cd6358dda0,24,/home/sieg/projects-wsl/worktrees/p4-orchestrator,true,24,5894d740bd07b3a61503639d7ab843cd6358dda0,true,PASS
SBS_dataScience,P4-A3-CONTROL,origin/agent/p4-integration-cleanup-v2,b64270bd4ab839ec750a4ceceb08d57957c88782,pipeline,DSJA/project_4/pipeline/src/p4/parse/linkareer_activity_text.py,100644,blob,a238f0951e397600eccb91f1b4157167e610d2ba,3548,/home/sieg/projects-wsl/worktrees/p4-orchestrator,true,3548,a238f0951e397600eccb91f1b4157167e610d2ba,true,PASS
SBS_dataScience,P4-A3-CONTROL,origin/agent/p4-integration-cleanup-v2,b64270bd4ab839ec750a4ceceb08d57957c88782,pipeline,DSJA/project_4/pipeline/src/p4/parse/linkareer_apollo_cache.py,100644,blob,9d8d87c898f50e835826e5b9cc1bd9785d91497d,5602,/home/sieg/projects-wsl/worktrees/p4-orchestrator,true,5602,9d8d87c898f50e835826e5b9cc1bd9785d91497d,true,PASS
SBS_dataScience,P4-A3-CONTROL,origin/agent/p4-integration-cleanup-v2,b64270bd4ab839ec750a4ceceb08d57957c88782,pipeline,DSJA/project_4/pipeline/src/p4/parse/linkareer_apq.py,100644,blob,e62078e0704be40f40b880db6649e0133a6dc96a,2357,/home/sieg/projects-wsl/worktrees/p4-orchestrator,true,2357,e62078e0704be40f40b880db6649e0133a6dc96a,true,PASS
SBS_dataScience,P4-A3-CONTROL,origin/agent/p4-integration-cleanup-v2,b64270bd4ab839ec750a4ceceb08d57957c88782,pipeline,DSJA/project_4/pipeline/src/p4/parse/linkareer_next_data.py,100644,blob,1def304db87387517a9c103238af30e3d85391ef,1388,/home/sieg/projects-wsl/worktrees/p4-orchestrator,true,1388,1def304db87387517a9c103238af30e3d85391ef,true,PASS
SBS_dataScience,P4-A3-CONTROL,origin/agent/p4-integration-cleanup-v2,b64270bd4ab839ec750a4ceceb08d57957c88782,pipeline,DSJA/project_4/pipeline/src/p4/parse/requirements.py,100644,blob,c5272ae3d4d9b5c24009a7ad812798faa87397bf,1821,/home/sieg/projects-wsl/worktrees/p4-orchestrator,true,1821,c5272ae3d4d9b5c24009a7ad812798faa87397bf,true,PASS
SBS_dataScience,P4-A3-CONTROL,origin/agent/p4-integration-cleanup-v2,b64270bd4ab839ec750a4ceceb08d57957c88782,pipeline,DSJA/project_4/pipeline/src/p4/parse/sections.py,100644,blob,112db56a93f21700a162db90401ec59991f73f3f,1712,/home/sieg/projects-wsl/worktrees/p4-orchestrator,true,1712,112db56a93f21700a162db90401ec59991f73f3f,true,PASS
SBS_dataScience,P4-A3-CONTROL,origin/agent/p4-integration-cleanup-v2,b64270bd4ab839ec750a4ceceb08d57957c88782,pipeline,DSJA/project_4/pipeline/src/p4/quality/__init__.py,100644,blob,7a36f42d61e391f112426ee0c814aeb7350ed508,36,/home/sieg/projects-wsl/worktrees/p4-orchestrator,true,36,7a36f42d61e391f112426ee0c814aeb7350ed508,true,PASS
SBS_dataScience,P4-A3-CONTROL,origin/agent/p4-integration-cleanup-v2,b64270bd4ab839ec750a4ceceb08d57957c88782,pipeline,DSJA/project_4/pipeline/src/p4/quality/manifest.py,100644,blob,d1df33645ad2d6781e17f8c3f8cf16c8babebd00,572,/home/sieg/projects-wsl/worktrees/p4-orchestrator,true,572,d1df33645ad2d6781e17f8c3f8cf16c8babebd00,true,PASS
SBS_dataScience,P4-A3-CONTROL,origin/agent/p4-integration-cleanup-v2,b64270bd4ab839ec750a4ceceb08d57957c88782,pipeline,DSJA/project_4/pipeline/src/p4/quality/provenance.py,100644,blob,a6959774c390c89e2effb2d4028c7bae6ec52127,931,/home/sieg/projects-wsl/worktrees/p4-orchestrator,true,931,a6959774c390c89e2effb2d4028c7bae6ec52127,true,PASS
SBS_dataScience,P4-A3-CONTROL,origin/agent/p4-integration-cleanup-v2,b64270bd4ab839ec750a4ceceb08d57957c88782,pipeline,DSJA/project_4/pipeline/src/p4/viz/__init__.py,100644,blob,8fb5b5d6720b45088d294ae003770b3cbacc8db3,32,/home/sieg/projects-wsl/worktrees/p4-orchestrator,true,32,8fb5b5d6720b45088d294ae003770b3cbacc8db3,true,PASS
SBS_dataScience,P4-A3-CONTROL,origin/agent/p4-integration-cleanup-v2,b64270bd4ab839ec750a4ceceb08d57957c88782,pipeline,DSJA/project_4/pipeline/src/p4/viz/article.py,100644,blob,00704f3632cabaa82b2f4453d9887ce5da2e0f44,1147,/home/sieg/projects-wsl/worktrees/p4-orchestrator,true,1147,00704f3632cabaa82b2f4453d9887ce5da2e0f44,true,PASS
SBS_dataScience,P4-A3-CONTROL,origin/agent/p4-integration-cleanup-v2,b64270bd4ab839ec750a4ceceb08d57957c88782,pipeline,DSJA/project_4/pipeline/src/p4/warehouse/__init__.py,100644,blob,cf335dd2fe8e81ad832e659b4ea59265f0ca5d45,33,/home/sieg/projects-wsl/worktrees/p4-orchestrator,true,33,cf335dd2fe8e81ad832e659b4ea59265f0ca5d45,true,PASS
SBS_dataScience,P4-A3-CONTROL,origin/agent/p4-integration-cleanup-v2,b64270bd4ab839ec750a4ceceb08d57957c88782,pipeline,DSJA/project_4/pipeline/src/p4/warehouse/bootstrap.py,100644,blob,34e7c9d4df9f2f4cecf9a39a41f10afa8a4c67f0,14392,/home/sieg/projects-wsl/worktrees/p4-orchestrator,true,14392,34e7c9d4df9f2f4cecf9a39a41f10afa8a4c67f0,true,PASS
SBS_dataScience,P4-A3-CONTROL,origin/agent/p4-integration-cleanup-v2,b64270bd4ab839ec750a4ceceb08d57957c88782,pipeline,DSJA/project_4/pipeline/src/p4/warehouse/connection.py,100644,blob,79752358bf069d650131865bcedb436763c11ed0,557,/home/sieg/projects-wsl/worktrees/p4-orchestrator,true,557,79752358bf069d650131865bcedb436763c11ed0,true,PASS
SBS_dataScience,P4-A3-CONTROL,origin/agent/p4-integration-cleanup-v2,b64270bd4ab839ec750a4ceceb08d57957c88782,pipeline,DSJA/project_4/pipeline/src/p4/warehouse/integrity.py,100644,blob,61c894a788d8b4e59adc2fc55dfb57497f6f1834,1981,/home/sieg/projects-wsl/worktrees/p4-orchestrator,true,1981,61c894a788d8b4e59adc2fc55dfb57497f6f1834,true,PASS
SBS_dataScience,P4-A3-CONTROL,origin/agent/p4-integration-cleanup-v2,b64270bd4ab839ec750a4ceceb08d57957c88782,pipeline,DSJA/project_4/pipeline/src/p4/warehouse/loaders.py,100644,blob,4069e43901196da2b80f49d59e0f4b39d4f5f068,1028,/home/sieg/projects-wsl/worktrees/p4-orchestrator,true,1028,4069e43901196da2b80f49d59e0f4b39d4f5f068,true,PASS
SBS_dataScience,P4-A3-CONTROL,origin/agent/p4-integration-cleanup-v2,b64270bd4ab839ec750a4ceceb08d57957c88782,pipeline,DSJA/project_4/pipeline/tests/fixtures/.gitkeep,100644,blob,8b137891791fe96927ad78e64b0aad7bded08bdc,1,/home/sieg/projects-wsl/worktrees/p4-orchestrator,true,1,8b137891791fe96927ad78e64b0aad7bded08bdc,true,PASS
SBS_dataScience,P4-A3-CONTROL,origin/agent/p4-integration-cleanup-v2,b64270bd4ab839ec750a4ceceb08d57957c88782,pipeline,DSJA/project_4/pipeline/tests/fixtures/generated_structural_fixture.json,100644,blob,7d5fa98fcfa8a36c17abc372d8fa327e0064afa4,8519,/home/sieg/projects-wsl/worktrees/p4-orchestrator,true,8519,7d5fa98fcfa8a36c17abc372d8fa327e0064afa4,true,PASS
SBS_dataScience,P4-A3-CONTROL,origin/agent/p4-integration-cleanup-v2,b64270bd4ab839ec750a4ceceb08d57957c88782,pipeline,DSJA/project_4/pipeline/tests/integration/test_fixture_pipeline.py,100644,blob,01e1a80b2cf9f75f3428c7a4cf9ea3f419efc452,1332,/home/sieg/projects-wsl/worktrees/p4-orchestrator,true,1332,01e1a80b2cf9f75f3428c7a4cf9ea3f419efc452,true,PASS
SBS_dataScience,P4-A3-CONTROL,origin/agent/p4-integration-cleanup-v2,b64270bd4ab839ec750a4ceceb08d57957c88782,pipeline,DSJA/project_4/pipeline/tests/integration/test_warehouse.py,100644,blob,5b97409f02605ea319b9ea5d1796f93be421f89e,1952,/home/sieg/projects-wsl/worktrees/p4-orchestrator,true,1952,5b97409f02605ea319b9ea5d1796f93be421f89e,true,PASS
SBS_dataScience,P4-A3-CONTROL,origin/agent/p4-integration-cleanup-v2,b64270bd4ab839ec750a4ceceb08d57957c88782,pipeline,DSJA/project_4/pipeline/tests/unit/test_analysis.py,100644,blob,797ce791233fc27eb1d38a366d4f51f2e9c6470d,1430,/home/sieg/projects-wsl/worktrees/p4-orchestrator,true,1430,797ce791233fc27eb1d38a366d4f51f2e9c6470d,true,PASS
SBS_dataScience,P4-A3-CONTROL,origin/agent/p4-integration-cleanup-v2,b64270bd4ab839ec750a4ceceb08d57957c88782,pipeline,DSJA/project_4/pipeline/tests/unit/test_common.py,100644,blob,ff34e0f43b4101058829561f85113d11cb8ee954,2679,/home/sieg/projects-wsl/worktrees/p4-orchestrator,true,2679,ff34e0f43b4101058829561f85113d11cb8ee954,true,PASS
SBS_dataScience,P4-A3-CONTROL,origin/agent/p4-integration-cleanup-v2,b64270bd4ab839ec750a4ceceb08d57957c88782,pipeline,DSJA/project_4/pipeline/tests/unit/test_contracts.py,100644,blob,e2b7f8ebc934810807fe1542fb512e26f0f1dbf6,7500,/home/sieg/projects-wsl/worktrees/p4-orchestrator,true,7500,e2b7f8ebc934810807fe1542fb512e26f0f1dbf6,true,PASS
SBS_dataScience,P4-A3-CONTROL,origin/agent/p4-integration-cleanup-v2,b64270bd4ab839ec750a4ceceb08d57957c88782,pipeline,DSJA/project_4/pipeline/tests/unit/test_dedup.py,100644,blob,1e79197a431ac12f3b63bb6080a82b4ca5fb3429,1906,/home/sieg/projects-wsl/worktrees/p4-orchestrator,true,1906,1e79197a431ac12f3b63bb6080a82b4ca5fb3429,true,PASS
SBS_dataScience,P4-A3-CONTROL,origin/agent/p4-integration-cleanup-v2,b64270bd4ab839ec750a4ceceb08d57957c88782,pipeline,DSJA/project_4/pipeline/tests/unit/test_key_strategies.py,100644,blob,38f0f5ef51acf5c884ace3cc64dacb16cddd0076,2648,/home/sieg/projects-wsl/worktrees/p4-orchestrator,true,2648,38f0f5ef51acf5c884ace3cc64dacb16cddd0076,true,PASS
SBS_dataScience,P4-A3-CONTROL,origin/agent/p4-integration-cleanup-v2,b64270bd4ab839ec750a4ceceb08d57957c88782,pipeline,DSJA/project_4/pipeline/tests/unit/test_linkareer_adapters.py,100644,blob,53a0788e0e74a8ba453dc312652b3dce0efedb08,9412,/home/sieg/projects-wsl/worktrees/p4-orchestrator,true,9412,53a0788e0e74a8ba453dc312652b3dce0efedb08,true,PASS
SBS_dataScience,P4-A3-CONTROL,origin/agent/p4-integration-cleanup-v2,b64270bd4ab839ec750a4ceceb08d57957c88782,pipeline,DSJA/project_4/pipeline/tests/unit/test_marts.py,100644,blob,fa5a12babf5b66033c34a73499ea872d3080db6b,4425,/home/sieg/projects-wsl/worktrees/p4-orchestrator,true,4425,fa5a12babf5b66033c34a73499ea872d3080db6b,true,PASS
SBS_dataScience,P4-A3-CONTROL,origin/agent/p4-integration-cleanup-v2,b64270bd4ab839ec750a4ceceb08d57957c88782,pipeline,DSJA/project_4/pipeline/tests/unit/test_ncs.py,100644,blob,412b0293930a03b3c4760e802f85ea5bffa2e692,2399,/home/sieg/projects-wsl/worktrees/p4-orchestrator,true,2399,412b0293930a03b3c4760e802f85ea5bffa2e692,true,PASS
SBS_dataScience,P4-A3-CONTROL,origin/agent/p4-integration-cleanup-v2,b64270bd4ab839ec750a4ceceb08d57957c88782,pipeline,DSJA/project_4/pipeline/tests/unit/test_parse_normalize.py,100644,blob,c0a2c21976bbca9f22d6e6e3b70eadf259ffd323,2698,/home/sieg/projects-wsl/worktrees/p4-orchestrator,true,2698,c0a2c21976bbca9f22d6e6e3b70eadf259ffd323,true,PASS
SBS_dataScience,P4-A3-CONTROL,origin/agent/p4-integration-cleanup-v2,b64270bd4ab839ec750a4ceceb08d57957c88782,pipeline,DSJA/project_4/pipeline/tests/unit/test_provenance.py,100644,blob,87662859eea9f090b6409ad77589c3c5ede863dc,864,/home/sieg/projects-wsl/worktrees/p4-orchestrator,true,864,87662859eea9f090b6409ad77589c3c5ede863dc,true,PASS
SBS_dataScience,P4-A3-CONTROL,origin/agent/p4-integration-cleanup-v2,b64270bd4ab839ec750a4ceceb08d57957c88782,pipeline,DSJA/project_4/pipeline/tests/unit/test_requirements_labels.py,100644,blob,94386044b7bcb1d50a64e438f0e79b79e1e73a0c,2865,/home/sieg/projects-wsl/worktrees/p4-orchestrator,true,2865,94386044b7bcb1d50a64e438f0e79b79e1e73a0c,true,PASS
SBS_dataScience,P4-A3-CONTROL,origin/agent/p4-integration-cleanup-v2,b64270bd4ab839ec750a4ceceb08d57957c88782,reports,DSJA/project_4/reports/agent2/AGENT2_STATUS.json,100644,blob,541560c53732727543ecdf39cc450609317f55b5,14592,/home/sieg/projects-wsl/worktrees/p4-orchestrator,true,14592,541560c53732727543ecdf39cc450609317f55b5,true,PASS
SBS_dataScience,P4-A3-CONTROL,origin/agent/p4-integration-cleanup-v2,b64270bd4ab839ec750a4ceceb08d57957c88782,reports,DSJA/project_4/reports/agent2/AGENT2_STATUS.md,100644,blob,c8a98d8a2ef3188063986eb7e847cc18893a0225,1847,/home/sieg/projects-wsl/worktrees/p4-orchestrator,true,1847,c8a98d8a2ef3188063986eb7e847cc18893a0225,true,PASS
SBS_dataScience,P4-A3-CONTROL,origin/agent/p4-integration-cleanup-v2,b64270bd4ab839ec750a4ceceb08d57957c88782,reports,DSJA/project_4/reports/agent3/DIRTY_INVENTORY.csv,100644,blob,f518ca8af4f0e8e30178cfe8289e7097d2b57714,91189,/home/sieg/projects-wsl/worktrees/p4-orchestrator,true,91189,f518ca8af4f0e8e30178cfe8289e7097d2b57714,true,PASS
SBS_dataScience,P4-A3-CONTROL,origin/agent/p4-integration-cleanup-v2,b64270bd4ab839ec750a4ceceb08d57957c88782,reports,DSJA/project_4/reports/agent3/DIRTY_INVENTORY.md,100644,blob,4db1841295b7ddf21154fd26746591401be69319,854,/home/sieg/projects-wsl/worktrees/p4-orchestrator,true,854,4db1841295b7ddf21154fd26746591401be69319,true,PASS
SBS_dataScience,P4-A3-CONTROL,origin/agent/p4-integration-cleanup-v2,b64270bd4ab839ec750a4ceceb08d57957c88782,reports,DSJA/project_4/reports/agent3/INTEGRATION_CLEANUP_CONTROL_REPORT.json,100644,blob,e999d7a7081ce14c5b6150bb29e57d9009dfeade,4193,/home/sieg/projects-wsl/worktrees/p4-orchestrator,true,4193,e999d7a7081ce14c5b6150bb29e57d9009dfeade,true,PASS
SBS_dataScience,P4-A3-CONTROL,origin/agent/p4-integration-cleanup-v2,b64270bd4ab839ec750a4ceceb08d57957c88782,reports,DSJA/project_4/reports/agent3/INTEGRATION_CLEANUP_CONTROL_REPORT.md,100644,blob,24779ae6d6510fb7b9c797859db765d637e0898a,6925,/home/sieg/projects-wsl/worktrees/p4-orchestrator,true,6925,24779ae6d6510fb7b9c797859db765d637e0898a,true,PASS
SBS_dataScience,P4-A3-CONTROL,origin/agent/p4-integration-cleanup-v2,b64270bd4ab839ec750a4ceceb08d57957c88782,reports,DSJA/project_4/reports/agent3/QUARANTINE_CHECKSUMS.sha256,100644,blob,c773ba10ab72976c314bca83ab8ee993fbedb923,6296,/home/sieg/projects-wsl/worktrees/p4-orchestrator,true,6296,c773ba10ab72976c314bca83ab8ee993fbedb923,true,PASS
SBS_dataScience,P4-A3-CONTROL,origin/agent/p4-integration-cleanup-v2,b64270bd4ab839ec750a4ceceb08d57957c88782,reports,DSJA/project_4/reports/agent3/QUARANTINE_MANIFEST.csv,100644,blob,0b9d45aea7f4bb643f8400d2c84d8567d5cdbd38,25529,/home/sieg/projects-wsl/worktrees/p4-orchestrator,true,25529,0b9d45aea7f4bb643f8400d2c84d8567d5cdbd38,true,PASS
SBS_dataScience,P4-A3-CONTROL,origin/agent/p4-integration-cleanup-v2,b64270bd4ab839ec750a4ceceb08d57957c88782,reports,DSJA/project_4/reports/agent3/QUARANTINE_RESTORE_INSTRUCTIONS.md,100644,blob,c6c0ef8c3fa91378a1e93c2664a039011a4a4720,11510,/home/sieg/projects-wsl/worktrees/p4-orchestrator,true,11510,c6c0ef8c3fa91378a1e93c2664a039011a4a4720,true,PASS
SBS_dataScience,P4-A3-CONTROL,origin/agent/p4-integration-cleanup-v2,b64270bd4ab839ec750a4ceceb08d57957c88782,reports,DSJA/project_4/reports/agent3/ROLLING_INTEGRATION_PLAN.json,100644,blob,34cb90e9ec6e6669b8abde46ec0254df64970412,2274,/home/sieg/projects-wsl/worktrees/p4-orchestrator,true,2274,34cb90e9ec6e6669b8abde46ec0254df64970412,true,PASS
SBS_dataScience,P4-A3-CONTROL,origin/agent/p4-integration-cleanup-v2,b64270bd4ab839ec750a4ceceb08d57957c88782,reports,DSJA/project_4/reports/agent3/ROLLING_INTEGRATION_PLAN.md,100644,blob,fdbf22ffe6de8f18bc7997565f12e13a88b00c42,4311,/home/sieg/projects-wsl/worktrees/p4-orchestrator,true,4311,fdbf22ffe6de8f18bc7997565f12e13a88b00c42,true,PASS
SBS_dataScience,P4-A3-CONTROL,origin/agent/p4-integration-cleanup-v2,b64270bd4ab839ec750a4ceceb08d57957c88782,reports,DSJA/project_4/reports/agent3/RUNTIME_CLEANUP_MANIFEST.csv,100644,blob,2216d44ef8f53731b41b0eebb464b26481776507,1077,/home/sieg/projects-wsl/worktrees/p4-orchestrator,true,1077,2216d44ef8f53731b41b0eebb464b26481776507,true,PASS
SBS_dataScience,P4-A3-CONTROL,origin/agent/p4-integration-cleanup-v2,b64270bd4ab839ec750a4ceceb08d57957c88782,shared,DSJA/project_4/shared/contracts/P4_CONTRACT_v2.1.2/AGENT3_TO_AGENT1_HANDOFF.json,100644,blob,52cd6917cb481967093e8a17e7446a5e4f6d317b,2724,/home/sieg/projects-wsl/worktrees/p4-orchestrator,true,2724,52cd6917cb481967093e8a17e7446a5e4f6d317b,true,PASS
SBS_dataScience,P4-A3-CONTROL,origin/agent/p4-integration-cleanup-v2,b64270bd4ab839ec750a4ceceb08d57957c88782,shared,DSJA/project_4/shared/contracts/P4_CONTRACT_v2.1.2/AGENT3_TO_AGENT2_HANDOFF.json,100644,blob,51abfd3c93b72dbfbe774d5bc63ae9118011bb79,3671,/home/sieg/projects-wsl/worktrees/p4-orchestrator,true,3671,51abfd3c93b72dbfbe774d5bc63ae9118011bb79,true,PASS
SBS_dataScience,P4-A3-CONTROL,origin/agent/p4-integration-cleanup-v2,b64270bd4ab839ec750a4ceceb08d57957c88782,shared,DSJA/project_4/shared/contracts/P4_CONTRACT_v2.1.2/CHECKSUMS.sha256,100644,blob,2a0a4135e043a2e57a2808bd012039b3c8b23e60,951,/home/sieg/projects-wsl/worktrees/p4-orchestrator,true,951,2a0a4135e043a2e57a2808bd012039b3c8b23e60,true,PASS
SBS_dataScience,P4-A3-CONTROL,origin/agent/p4-integration-cleanup-v2,b64270bd4ab839ec750a4ceceb08d57957c88782,shared,DSJA/project_4/shared/contracts/P4_CONTRACT_v2.1.2/CONTRACT_MANIFEST.json,100644,blob,88d362a7b81d56ef623e6f2b0f3105bf29986819,2815,/home/sieg/projects-wsl/worktrees/p4-orchestrator,true,2815,88d362a7b81d56ef623e6f2b0f3105bf29986819,true,PASS
SBS_dataScience,P4-A3-CONTROL,origin/agent/p4-integration-cleanup-v2,b64270bd4ab839ec750a4ceceb08d57957c88782,shared,DSJA/project_4/shared/contracts/P4_CONTRACT_v2.1.2/QUALITY_GATES.md,100644,blob,29efbf97117d11928413090bcb622598da519807,1994,/home/sieg/projects-wsl/worktrees/p4-orchestrator,true,1994,29efbf97117d11928413090bcb622598da519807,true,PASS
SBS_dataScience,P4-A3-CONTROL,origin/agent/p4-integration-cleanup-v2,b64270bd4ab839ec750a4ceceb08d57957c88782,shared,DSJA/project_4/shared/contracts/P4_CONTRACT_v2.1.2/SOURCE_POLICY_GATE.md,100644,blob,21a1b9286290c4c87f577a43630b0ea60d10749b,1801,/home/sieg/projects-wsl/worktrees/p4-orchestrator,true,1801,21a1b9286290c4c87f577a43630b0ea60d10749b,true,PASS
SBS_dataScience,P4-A3-CONTROL,origin/agent/p4-integration-cleanup-v2,b64270bd4ab839ec750a4ceceb08d57957c88782,shared,DSJA/project_4/shared/contracts/P4_CONTRACT_v2.1.2/data_dictionary.csv,100644,blob,de151df6fb5617586f14121756c9a09a621f80e3,152097,/home/sieg/projects-wsl/worktrees/p4-orchestrator,true,152097,de151df6fb5617586f14121756c9a09a621f80e3,true,PASS
SBS_dataScience,P4-A3-CONTROL,origin/agent/p4-integration-cleanup-v2,b64270bd4ab839ec750a4ceceb08d57957c88782,shared,DSJA/project_4/shared/contracts/P4_CONTRACT_v2.1.2/data_dictionary.xlsx,100644,blob,af34fc4c08a5b5c16510f8d46e8fd7980de9a957,46709,/home/sieg/projects-wsl/worktrees/p4-orchestrator,true,46709,af34fc4c08a5b5c16510f8d46e8fd7980de9a957,true,PASS
SBS_dataScience,P4-A3-CONTROL,origin/agent/p4-integration-cleanup-v2,b64270bd4ab839ec750a4ceceb08d57957c88782,shared,DSJA/project_4/shared/contracts/P4_CONTRACT_v2.1.2/erd.mmd,100644,blob,8f4ab7bf8a33f290f311f64b967473b661cea2fd,14535,/home/sieg/projects-wsl/worktrees/p4-orchestrator,true,14535,8f4ab7bf8a33f290f311f64b967473b661cea2fd,true,PASS
SBS_dataScience,P4-A3-CONTROL,origin/agent/p4-integration-cleanup-v2,b64270bd4ab839ec750a4ceceb08d57957c88782,shared,DSJA/project_4/shared/contracts/P4_CONTRACT_v2.1.2/metrics.yaml,100644,blob,e6eaf5b43ef0cae26c96a4485d5b3df7dcd5ace7,15018,/home/sieg/projects-wsl/worktrees/p4-orchestrator,true,15018,e6eaf5b43ef0cae26c96a4485d5b3df7dcd5ace7,true,PASS
SBS_dataScience,P4-A3-CONTROL,origin/agent/p4-integration-cleanup-v2,b64270bd4ab839ec750a4ceceb08d57957c88782,shared,DSJA/project_4/shared/contracts/P4_CONTRACT_v2.1.2/p4_contract.schema.json,100644,blob,8a2767b3f4c600458c9b3859dfac514b3d6e32dc,3898,/home/sieg/projects-wsl/worktrees/p4-orchestrator,true,3898,8a2767b3f4c600458c9b3859dfac514b3d6e32dc,true,PASS
SBS_dataScience,P4-A3-CONTROL,origin/agent/p4-integration-cleanup-v2,b64270bd4ab839ec750a4ceceb08d57957c88782,shared,DSJA/project_4/shared/contracts/P4_CONTRACT_v2.1.2/p4_contract.yaml,100644,blob,760673d7b66d1d13eced6468d4daa264ba078457,146543,/home/sieg/projects-wsl/worktrees/p4-orchestrator,true,146543,760673d7b66d1d13eced6468d4daa264ba078457,true,PASS
SBS_dataScience,P4-A3-CONTROL,origin/agent/p4-integration-cleanup-v2,b64270bd4ab839ec750a4ceceb08d57957c88782,shared,DSJA/project_4/shared/contracts/P4_CONTRACT_v2.1.2/warehouse_duckdb.sql,100644,blob,8b58de213b78807995aae59a3d5392223a183462,101209,/home/sieg/projects-wsl/worktrees/p4-orchestrator,true,101209,8b58de213b78807995aae59a3d5392223a183462,true,PASS
SBS_dataScience,P4-A3-CONTROL,origin/agent/p4-integration-cleanup-v2,b64270bd4ab839ec750a4ceceb08d57957c88782,shared,DSJA/project_4/shared/handoffs/AGENT2_HANDOFF.json,100644,blob,af34f5c1eba244ff373a878845128a9fbf83e40f,2510,/home/sieg/projects-wsl/worktrees/p4-orchestrator,true,2510,af34f5c1eba244ff373a878845128a9fbf83e40f,true,PASS
SBS_dataScience,P4-A3-CONTROL,origin/agent/p4-integration-cleanup-v2,b64270bd4ab839ec750a4ceceb08d57957c88782,shared,DSJA/project_4/shared/handoffs/AGENT2_TO_AGENT1_REQUESTS.json,100644,blob,27deb172be212115da27b323e64c8c7c40d57fa3,1447,/home/sieg/projects-wsl/worktrees/p4-orchestrator,true,1447,27deb172be212115da27b323e64c8c7c40d57fa3,true,PASS
SBS_dataScience,P4-A3-CONTROL,origin/agent/p4-integration-cleanup-v2,b64270bd4ab839ec750a4ceceb08d57957c88782,shared,DSJA/project_4/shared/handoffs/AGENT2_TO_AGENT3_ISSUES.json,100644,blob,1b3eda8202af0d78c04ade76f38aae09675cb80c,2730,/home/sieg/projects-wsl/worktrees/p4-orchestrator,true,2730,1b3eda8202af0d78c04ade76f38aae09675cb80c,true,PASS
SBS_dataScience,P4-A3-CONTROL,origin/agent/p4-integration-cleanup-v2,b64270bd4ab839ec750a4ceceb08d57957c88782,shared,DSJA/project_4/shared/handoffs/AGENT3_TO_AGENT1_HANDOFF.json,100644,blob,52cd6917cb481967093e8a17e7446a5e4f6d317b,2724,/home/sieg/projects-wsl/worktrees/p4-orchestrator,true,2724,52cd6917cb481967093e8a17e7446a5e4f6d317b,true,PASS
SBS_dataScience,P4-A3-CONTROL,origin/agent/p4-integration-cleanup-v2,b64270bd4ab839ec750a4ceceb08d57957c88782,shared,DSJA/project_4/shared/handoffs/AGENT3_TO_AGENT1_LEGACY_EVIDENCE.json,100644,blob,0b41d1adc967fdedb24d559483a2e56bcd941e11,2615,/home/sieg/projects-wsl/worktrees/p4-orchestrator,true,2615,0b41d1adc967fdedb24d559483a2e56bcd941e11,true,PASS
SBS_dataScience,P4-A3-CONTROL,origin/agent/p4-integration-cleanup-v2,b64270bd4ab839ec750a4ceceb08d57957c88782,shared,DSJA/project_4/shared/handoffs/AGENT3_TO_AGENT2_CONSUMER_DRIFT.json,100644,blob,259bf81a55b01780688b168a489925c01cc26b9e,3057,/home/sieg/projects-wsl/worktrees/p4-orchestrator,true,3057,259bf81a55b01780688b168a489925c01cc26b9e,true,PASS
SBS_dataScience,P4-A3-CONTROL,origin/agent/p4-integration-cleanup-v2,b64270bd4ab839ec750a4ceceb08d57957c88782,shared,DSJA/project_4/shared/handoffs/AGENT3_TO_AGENT2_HANDOFF.json,100644,blob,51abfd3c93b72dbfbe774d5bc63ae9118011bb79,3671,/home/sieg/projects-wsl/worktrees/p4-orchestrator,true,3671,51abfd3c93b72dbfbe774d5bc63ae9118011bb79,true,PASS
SBS_dataScience,P4-A4-NCS,origin/agent/p4-ncs-mapping-v2,7a9feccc7a2fc99b8b86b95bdb73699620bc7ff0,ncs_mapping,DSJA/project_4/ncs_mapping/.env.example,100644,blob,cac56656839bd76feb17cf2a72c3e2223efa8269,96,/home/sieg/projects-wsl/worktrees/p4-agent4,true,96,cac56656839bd76feb17cf2a72c3e2223efa8269,true,PASS
SBS_dataScience,P4-A4-NCS,origin/agent/p4-ncs-mapping-v2,7a9feccc7a2fc99b8b86b95bdb73699620bc7ff0,ncs_mapping,DSJA/project_4/ncs_mapping/configs/core_ai_it_codes.yaml,100644,blob,963a48d079a147443d227438200edea02e7a9e4b,59147,/home/sieg/projects-wsl/worktrees/p4-agent4,true,59147,963a48d079a147443d227438200edea02e7a9e4b,true,PASS
SBS_dataScience,P4-A4-NCS,origin/agent/p4-ncs-mapping-v2,7a9feccc7a2fc99b8b86b95bdb73699620bc7ff0,ncs_mapping,DSJA/project_4/ncs_mapping/configs/ncs_alias_dictionary.yaml,100644,blob,9944308f4342ccfe1147c0272dd984ffeb03fd05,1349,/home/sieg/projects-wsl/worktrees/p4-agent4,true,1349,9944308f4342ccfe1147c0272dd984ffeb03fd05,true,PASS
SBS_dataScience,P4-A4-NCS,origin/agent/p4-ncs-mapping-v2,7a9feccc7a2fc99b8b86b95bdb73699620bc7ff0,ncs_mapping,DSJA/project_4/ncs_mapping/data/exports/observed-dev/NCS_MAPPING_OBSERVED_20260806_01/core_ai_it_codes.csv,100644,blob,01fc1c2ccb7f42940a05b6f231e8c0fcbc02fd9d,42303,/home/sieg/projects-wsl/worktrees/p4-agent4,true,42303,01fc1c2ccb7f42940a05b6f231e8c0fcbc02fd9d,true,PASS
SBS_dataScience,P4-A4-NCS,origin/agent/p4-ncs-mapping-v2,7a9feccc7a2fc99b8b86b95bdb73699620bc7ff0,ncs_mapping,DSJA/project_4/ncs_mapping/data/exports/observed-dev/NCS_MAPPING_OBSERVED_20260806_01/core_ai_it_codes.parquet,100644,blob,6ae18554249c17429c3995ed52667fd5450bf9e5,14724,/home/sieg/projects-wsl/worktrees/p4-agent4,true,14724,6ae18554249c17429c3995ed52667fd5450bf9e5,true,PASS
SBS_dataScience,P4-A4-NCS,origin/agent/p4-ncs-mapping-v2,7a9feccc7a2fc99b8b86b95bdb73699620bc7ff0,ncs_mapping,DSJA/project_4/ncs_mapping/data/exports/observed-dev/NCS_MAPPING_OBSERVED_20260806_01/ncs_alias_dictionary.csv,100644,blob,0ce4ed78cd585265543bcae3aece063d02b7bae6,1226,/home/sieg/projects-wsl/worktrees/p4-agent4,true,1226,0ce4ed78cd585265543bcae3aece063d02b7bae6,true,PASS
SBS_dataScience,P4-A4-NCS,origin/agent/p4-ncs-mapping-v2,7a9feccc7a2fc99b8b86b95bdb73699620bc7ff0,ncs_mapping,DSJA/project_4/ncs_mapping/data/exports/observed-dev/NCS_MAPPING_OBSERVED_20260806_01/ncs_alias_dictionary.parquet,100644,blob,aa84e45791cbd99bce9255f28d54c86b3b0e631f,4587,/home/sieg/projects-wsl/worktrees/p4-agent4,true,4587,aa84e45791cbd99bce9255f28d54c86b3b0e631f,true,PASS
SBS_dataScience,P4-A4-NCS,origin/agent/p4-ncs-mapping-v2,7a9feccc7a2fc99b8b86b95bdb73699620bc7ff0,ncs_mapping,DSJA/project_4/ncs_mapping/data/exports/observed-dev/NCS_MAPPING_OBSERVED_20260806_01/ncs_mapping_summary.csv,100644,blob,939ddfaf71d0336f0a942d8a57e106007103b92f,408,/home/sieg/projects-wsl/worktrees/p4-agent4,true,408,939ddfaf71d0336f0a942d8a57e106007103b92f,true,PASS
SBS_dataScience,P4-A4-NCS,origin/agent/p4-ncs-mapping-v2,7a9feccc7a2fc99b8b86b95bdb73699620bc7ff0,ncs_mapping,DSJA/project_4/ncs_mapping/data/exports/observed-dev/NCS_MAPPING_OBSERVED_20260806_01/ncs_mapping_summary.parquet,100644,blob,0892ac13848ac35631bae976b66ea78dc2815ed7,9488,/home/sieg/projects-wsl/worktrees/p4-agent4,true,9488,0892ac13848ac35631bae976b66ea78dc2815ed7,true,PASS
SBS_dataScience,P4-A4-NCS,origin/agent/p4-ncs-mapping-v2,7a9feccc7a2fc99b8b86b95bdb73699620bc7ff0,ncs_mapping,DSJA/project_4/ncs_mapping/data/exports/observed-dev/NCS_MAPPING_OBSERVED_20260806_01/ncs_units.csv,100644,blob,25bdaa57001487dcdf51ce430f49735090d84088,3143900,/home/sieg/projects-wsl/worktrees/p4-agent4,true,3143900,25bdaa57001487dcdf51ce430f49735090d84088,true,PASS
SBS_dataScience,P4-A4-NCS,origin/agent/p4-ncs-mapping-v2,7a9feccc7a2fc99b8b86b95bdb73699620bc7ff0,ncs_mapping,DSJA/project_4/ncs_mapping/data/exports/observed-dev/NCS_MAPPING_OBSERVED_20260806_01/ncs_units.parquet,100644,blob,43c15b765561c043ef42524bfb79b71ed49e4ad2,317420,/home/sieg/projects-wsl/worktrees/p4-agent4,true,317420,43c15b765561c043ef42524bfb79b71ed49e4ad2,true,PASS
SBS_dataScience,P4-A4-NCS,origin/agent/p4-ncs-mapping-v2,7a9feccc7a2fc99b8b86b95bdb73699620bc7ff0,ncs_mapping,DSJA/project_4/ncs_mapping/data/exports/observed-dev/NCS_MAPPING_OBSERVED_20260806_01/posting_ncs_candidates.csv,100644,blob,6588bdef5883983cf2fe18d3c9691009ec7dd085,55897,/home/sieg/projects-wsl/worktrees/p4-agent4,true,55897,6588bdef5883983cf2fe18d3c9691009ec7dd085,true,PASS
SBS_dataScience,P4-A4-NCS,origin/agent/p4-ncs-mapping-v2,7a9feccc7a2fc99b8b86b95bdb73699620bc7ff0,ncs_mapping,DSJA/project_4/ncs_mapping/data/exports/observed-dev/NCS_MAPPING_OBSERVED_20260806_01/posting_ncs_candidates.parquet,100644,blob,c25cba9277a822cdffedf39075304834a0655597,24210,/home/sieg/projects-wsl/worktrees/p4-agent4,true,24210,c25cba9277a822cdffedf39075304834a0655597,true,PASS
SBS_dataScience,P4-A4-NCS,origin/agent/p4-ncs-mapping-v2,7a9feccc7a2fc99b8b86b95bdb73699620bc7ff0,ncs_mapping,DSJA/project_4/ncs_mapping/data/exports/observed-dev/NCS_MAPPING_OBSERVED_20260806_01/posting_ncs_matches.csv,100644,blob,4185f1b8e1e55fdcfce4f97c01d4b25a52da29a8,12480,/home/sieg/projects-wsl/worktrees/p4-agent4,true,12480,4185f1b8e1e55fdcfce4f97c01d4b25a52da29a8,true,PASS
SBS_dataScience,P4-A4-NCS,origin/agent/p4-ncs-mapping-v2,7a9feccc7a2fc99b8b86b95bdb73699620bc7ff0,ncs_mapping,DSJA/project_4/ncs_mapping/data/exports/observed-dev/NCS_MAPPING_OBSERVED_20260806_01/posting_ncs_matches.parquet,100644,blob,f7e81cf5117cded5ff8c7dd8b81dcffb0c7dd839,21202,/home/sieg/projects-wsl/worktrees/p4-agent4,true,21202,f7e81cf5117cded5ff8c7dd8b81dcffb0c7dd839,true,PASS
SBS_dataScience,P4-A4-NCS,origin/agent/p4-ncs-mapping-v2,7a9feccc7a2fc99b8b86b95bdb73699620bc7ff0,ncs_mapping,DSJA/project_4/ncs_mapping/data/gold/ncsMappings/gold_ncs_mapping_v1_TEMPLATE.csv,100644,blob,404f8c1002bc0d56487d41bfb160b7032a0545b1,158,/home/sieg/projects-wsl/worktrees/p4-agent4,true,158,404f8c1002bc0d56487d41bfb160b7032a0545b1,true,PASS
SBS_dataScience,P4-A4-NCS,origin/agent/p4-ncs-mapping-v2,7a9feccc7a2fc99b8b86b95bdb73699620bc7ff0,ncs_mapping,DSJA/project_4/ncs_mapping/data/interim/cross_major_ai_candidates.csv,100644,blob,5a216feec3619c9a26caab86cabef05150c14236,699,/home/sieg/projects-wsl/worktrees/p4-agent4,true,699,5a216feec3619c9a26caab86cabef05150c14236,true,PASS
SBS_dataScience,P4-A4-NCS,origin/agent/p4-ncs-mapping-v2,7a9feccc7a2fc99b8b86b95bdb73699620bc7ff0,ncs_mapping,DSJA/project_4/ncs_mapping/data/interim/observed-dev/lexical_index_manifest.json,100644,blob,dbedae4ac0f36ef05c7b137bd912d28f6653a5a8,268,/home/sieg/projects-wsl/worktrees/p4-agent4,true,268,dbedae4ac0f36ef05c7b137bd912d28f6653a5a8,true,PASS
SBS_dataScience,P4-A4-NCS,origin/agent/p4-ncs-mapping-v2,7a9feccc7a2fc99b8b86b95bdb73699620bc7ff0,ncs_mapping,DSJA/project_4/ncs_mapping/data/processed/coreAiItCodeSet.parquet,100644,blob,6ae18554249c17429c3995ed52667fd5450bf9e5,14724,/home/sieg/projects-wsl/worktrees/p4-agent4,true,14724,6ae18554249c17429c3995ed52667fd5450bf9e5,true,PASS
SBS_dataScience,P4-A4-NCS,origin/agent/p4-ncs-mapping-v2,7a9feccc7a2fc99b8b86b95bdb73699620bc7ff0,ncs_mapping,DSJA/project_4/ncs_mapping/data/processed/ncsUnit.csv,100644,blob,25bdaa57001487dcdf51ce430f49735090d84088,3143900,/home/sieg/projects-wsl/worktrees/p4-agent4,true,3143900,25bdaa57001487dcdf51ce430f49735090d84088,true,PASS
SBS_dataScience,P4-A4-NCS,origin/agent/p4-ncs-mapping-v2,7a9feccc7a2fc99b8b86b95bdb73699620bc7ff0,ncs_mapping,DSJA/project_4/ncs_mapping/data/processed/ncsUnit.parquet,100644,blob,43c15b765561c043ef42524bfb79b71ed49e4ad2,317420,/home/sieg/projects-wsl/worktrees/p4-agent4,true,317420,43c15b765561c043ef42524bfb79b71ed49e4ad2,true,PASS
SBS_dataScience,P4-A4-NCS,origin/agent/p4-ncs-mapping-v2,7a9feccc7a2fc99b8b86b95bdb73699620bc7ff0,ncs_mapping,DSJA/project_4/ncs_mapping/data/processed/observed-dev/NCS_MAPPING_OBSERVED_20260806_01/ncs_gold_evaluation.json,100644,blob,bd090a5fef3c71edd60b9d740f0e9e32e58a297e,455,/home/sieg/projects-wsl/worktrees/p4-agent4,true,455,bd090a5fef3c71edd60b9d740f0e9e32e58a297e,true,PASS
SBS_dataScience,P4-A4-NCS,origin/agent/p4-ncs-mapping-v2,7a9feccc7a2fc99b8b86b95bdb73699620bc7ff0,ncs_mapping,DSJA/project_4/ncs_mapping/data/processed/observed-dev/NCS_MAPPING_OBSERVED_20260806_01/posting_ncs_candidates.parquet,100644,blob,c25cba9277a822cdffedf39075304834a0655597,24210,/home/sieg/projects-wsl/worktrees/p4-agent4,true,24210,c25cba9277a822cdffedf39075304834a0655597,true,PASS
SBS_dataScience,P4-A4-NCS,origin/agent/p4-ncs-mapping-v2,7a9feccc7a2fc99b8b86b95bdb73699620bc7ff0,ncs_mapping,DSJA/project_4/ncs_mapping/data/processed/observed-dev/NCS_MAPPING_OBSERVED_20260806_01/posting_ncs_matches.parquet,100644,blob,f7e81cf5117cded5ff8c7dd8b81dcffb0c7dd839,21202,/home/sieg/projects-wsl/worktrees/p4-agent4,true,21202,f7e81cf5117cded5ff8c7dd8b81dcffb0c7dd839,true,PASS
SBS_dataScience,P4-A4-NCS,origin/agent/p4-ncs-mapping-v2,7a9feccc7a2fc99b8b86b95bdb73699620bc7ff0,ncs_mapping,DSJA/project_4/ncs_mapping/data/runs/observed-dev/NCS_MAPPING_OBSERVED_20260806_01/A4-00-NCS-SOURCE/CHECKSUMS.sha256,100644,blob,cb0eae727edb318ff73285078748a621fa76e7ca,255,/home/sieg/projects-wsl/worktrees/p4-agent4,true,255,cb0eae727edb318ff73285078748a621fa76e7ca,true,PASS
SBS_dataScience,P4-A4-NCS,origin/agent/p4-ncs-mapping-v2,7a9feccc7a2fc99b8b86b95bdb73699620bc7ff0,ncs_mapping,DSJA/project_4/ncs_mapping/data/runs/observed-dev/NCS_MAPPING_OBSERVED_20260806_01/A4-00-NCS-SOURCE/stage_manifest.json,100644,blob,64b5a6d11028887fa6981aa776bed23ac0dbcc63,2472,/home/sieg/projects-wsl/worktrees/p4-agent4,true,2472,64b5a6d11028887fa6981aa776bed23ac0dbcc63,true,PASS
SBS_dataScience,P4-A4-NCS,origin/agent/p4-ncs-mapping-v2,7a9feccc7a2fc99b8b86b95bdb73699620bc7ff0,ncs_mapping,DSJA/project_4/ncs_mapping/data/runs/observed-dev/NCS_MAPPING_OBSERVED_20260806_01/A4-00-NCS-SOURCE/stage_metrics.json,100644,blob,b40908262a6d735b70842d00b0ea63c941462873,1836,/home/sieg/projects-wsl/worktrees/p4-agent4,true,1836,b40908262a6d735b70842d00b0ea63c941462873,true,PASS
SBS_dataScience,P4-A4-NCS,origin/agent/p4-ncs-mapping-v2,7a9feccc7a2fc99b8b86b95bdb73699620bc7ff0,ncs_mapping,DSJA/project_4/ncs_mapping/data/runs/observed-dev/NCS_MAPPING_OBSERVED_20260806_01/A4-00-NCS-SOURCE/stage_quality.csv,100644,blob,6f09b450a9888427a82427b4e0a72dbec7cda9b5,692,/home/sieg/projects-wsl/worktrees/p4-agent4,true,692,6f09b450a9888427a82427b4e0a72dbec7cda9b5,true,PASS
SBS_dataScience,P4-A4-NCS,origin/agent/p4-ncs-mapping-v2,7a9feccc7a2fc99b8b86b95bdb73699620bc7ff0,ncs_mapping,DSJA/project_4/ncs_mapping/data/runs/observed-dev/NCS_MAPPING_OBSERVED_20260806_01/A4-01-CODESET/CHECKSUMS.sha256,100644,blob,3c1d0ac8e36fbb6e765ab3e66a0c08c83a78cfac,255,/home/sieg/projects-wsl/worktrees/p4-agent4,true,255,3c1d0ac8e36fbb6e765ab3e66a0c08c83a78cfac,true,PASS
SBS_dataScience,P4-A4-NCS,origin/agent/p4-ncs-mapping-v2,7a9feccc7a2fc99b8b86b95bdb73699620bc7ff0,ncs_mapping,DSJA/project_4/ncs_mapping/data/runs/observed-dev/NCS_MAPPING_OBSERVED_20260806_01/A4-01-CODESET/stage_manifest.json,100644,blob,fd6917a85c7af84038d404675e831d92ff5e4702,2203,/home/sieg/projects-wsl/worktrees/p4-agent4,true,2203,fd6917a85c7af84038d404675e831d92ff5e4702,true,PASS
SBS_dataScience,P4-A4-NCS,origin/agent/p4-ncs-mapping-v2,7a9feccc7a2fc99b8b86b95bdb73699620bc7ff0,ncs_mapping,DSJA/project_4/ncs_mapping/data/runs/observed-dev/NCS_MAPPING_OBSERVED_20260806_01/A4-01-CODESET/stage_metrics.json,100644,blob,43ad7c099519978414d204281a0661b7165667bf,1284,/home/sieg/projects-wsl/worktrees/p4-agent4,true,1284,43ad7c099519978414d204281a0661b7165667bf,true,PASS
SBS_dataScience,P4-A4-NCS,origin/agent/p4-ncs-mapping-v2,7a9feccc7a2fc99b8b86b95bdb73699620bc7ff0,ncs_mapping,DSJA/project_4/ncs_mapping/data/runs/observed-dev/NCS_MAPPING_OBSERVED_20260806_01/A4-01-CODESET/stage_quality.csv,100644,blob,3b84e8f572db0787b82cdf75479308efbd65616f,564,/home/sieg/projects-wsl/worktrees/p4-agent4,true,564,3b84e8f572db0787b82cdf75479308efbd65616f,true,PASS
SBS_dataScience,P4-A4-NCS,origin/agent/p4-ncs-mapping-v2,7a9feccc7a2fc99b8b86b95bdb73699620bc7ff0,ncs_mapping,DSJA/project_4/ncs_mapping/data/runs/observed-dev/NCS_MAPPING_OBSERVED_20260806_01/A4-02-RETRIEVAL/CHECKSUMS.sha256,100644,blob,15ae58142a3123f0a1203e0199851770e14736da,255,/home/sieg/projects-wsl/worktrees/p4-agent4,true,255,15ae58142a3123f0a1203e0199851770e14736da,true,PASS
SBS_dataScience,P4-A4-NCS,origin/agent/p4-ncs-mapping-v2,7a9feccc7a2fc99b8b86b95bdb73699620bc7ff0,ncs_mapping,DSJA/project_4/ncs_mapping/data/runs/observed-dev/NCS_MAPPING_OBSERVED_20260806_01/A4-02-RETRIEVAL/stage_manifest.json,100644,blob,62b0069e7977eadf20ebe3dffe6e95c2489fd756,2510,/home/sieg/projects-wsl/worktrees/p4-agent4,true,2510,62b0069e7977eadf20ebe3dffe6e95c2489fd756,true,PASS
SBS_dataScience,P4-A4-NCS,origin/agent/p4-ncs-mapping-v2,7a9feccc7a2fc99b8b86b95bdb73699620bc7ff0,ncs_mapping,DSJA/project_4/ncs_mapping/data/runs/observed-dev/NCS_MAPPING_OBSERVED_20260806_01/A4-02-RETRIEVAL/stage_metrics.json,100644,blob,e7047af70405ad01aee7c3672218d6793f5a0d1c,991,/home/sieg/projects-wsl/worktrees/p4-agent4,true,991,e7047af70405ad01aee7c3672218d6793f5a0d1c,true,PASS
SBS_dataScience,P4-A4-NCS,origin/agent/p4-ncs-mapping-v2,7a9feccc7a2fc99b8b86b95bdb73699620bc7ff0,ncs_mapping,DSJA/project_4/ncs_mapping/data/runs/observed-dev/NCS_MAPPING_OBSERVED_20260806_01/A4-02-RETRIEVAL/stage_quality.csv,100644,blob,a881e38d44bea15d8325f13acd2d48a79d86ecf2,408,/home/sieg/projects-wsl/worktrees/p4-agent4,true,408,a881e38d44bea15d8325f13acd2d48a79d86ecf2,true,PASS
SBS_dataScience,P4-A4-NCS,origin/agent/p4-ncs-mapping-v2,7a9feccc7a2fc99b8b86b95bdb73699620bc7ff0,ncs_mapping,DSJA/project_4/ncs_mapping/data/runs/observed-dev/NCS_MAPPING_OBSERVED_20260806_01/A4-03-MAP-OBSERVED/CHECKSUMS.sha256,100644,blob,b578c5005ead3f808676b95af000fef39737e5eb,255,/home/sieg/projects-wsl/worktrees/p4-agent4,true,255,b578c5005ead3f808676b95af000fef39737e5eb,true,PASS
SBS_dataScience,P4-A4-NCS,origin/agent/p4-ncs-mapping-v2,7a9feccc7a2fc99b8b86b95bdb73699620bc7ff0,ncs_mapping,DSJA/project_4/ncs_mapping/data/runs/observed-dev/NCS_MAPPING_OBSERVED_20260806_01/A4-03-MAP-OBSERVED/stage_manifest.json,100644,blob,50ce03991b9ff41b3a2d200aa4b549fc1d1b28d9,3606,/home/sieg/projects-wsl/worktrees/p4-agent4,true,3606,50ce03991b9ff41b3a2d200aa4b549fc1d1b28d9,true,PASS
SBS_dataScience,P4-A4-NCS,origin/agent/p4-ncs-mapping-v2,7a9feccc7a2fc99b8b86b95bdb73699620bc7ff0,ncs_mapping,DSJA/project_4/ncs_mapping/data/runs/observed-dev/NCS_MAPPING_OBSERVED_20260806_01/A4-03-MAP-OBSERVED/stage_metrics.json,100644,blob,33cd5a6ed47de4699fba3b3dd379e9d531461276,1282,/home/sieg/projects-wsl/worktrees/p4-agent4,true,1282,33cd5a6ed47de4699fba3b3dd379e9d531461276,true,PASS
SBS_dataScience,P4-A4-NCS,origin/agent/p4-ncs-mapping-v2,7a9feccc7a2fc99b8b86b95bdb73699620bc7ff0,ncs_mapping,DSJA/project_4/ncs_mapping/data/runs/observed-dev/NCS_MAPPING_OBSERVED_20260806_01/A4-03-MAP-OBSERVED/stage_quality.csv,100644,blob,c76c278c54f84ed073ed86cd43987b87b1cc3c42,831,/home/sieg/projects-wsl/worktrees/p4-agent4,true,831,c76c278c54f84ed073ed86cd43987b87b1cc3c42,true,PASS
SBS_dataScience,P4-A4-NCS,origin/agent/p4-ncs-mapping-v2,7a9feccc7a2fc99b8b86b95bdb73699620bc7ff0,ncs_mapping,DSJA/project_4/ncs_mapping/data/runs/observed-dev/NCS_MAPPING_OBSERVED_20260806_01/A4-04-EXPORT/CHECKSUMS.sha256,100644,blob,47846fe06398b38219b62c351497298a22f5d336,255,/home/sieg/projects-wsl/worktrees/p4-agent4,true,255,47846fe06398b38219b62c351497298a22f5d336,true,PASS
SBS_dataScience,P4-A4-NCS,origin/agent/p4-ncs-mapping-v2,7a9feccc7a2fc99b8b86b95bdb73699620bc7ff0,ncs_mapping,DSJA/project_4/ncs_mapping/data/runs/observed-dev/NCS_MAPPING_OBSERVED_20260806_01/A4-04-EXPORT/stage_manifest.json,100644,blob,f4f853b7e8f314ee829061b75b89e4bc8f5b6253,8487,/home/sieg/projects-wsl/worktrees/p4-agent4,true,8487,f4f853b7e8f314ee829061b75b89e4bc8f5b6253,true,PASS
SBS_dataScience,P4-A4-NCS,origin/agent/p4-ncs-mapping-v2,7a9feccc7a2fc99b8b86b95bdb73699620bc7ff0,ncs_mapping,DSJA/project_4/ncs_mapping/data/runs/observed-dev/NCS_MAPPING_OBSERVED_20260806_01/A4-04-EXPORT/stage_metrics.json,100644,blob,74a1e443efde01d07f5b9cb63a34c56868df0a49,2177,/home/sieg/projects-wsl/worktrees/p4-agent4,true,2177,74a1e443efde01d07f5b9cb63a34c56868df0a49,true,PASS
SBS_dataScience,P4-A4-NCS,origin/agent/p4-ncs-mapping-v2,7a9feccc7a2fc99b8b86b95bdb73699620bc7ff0,ncs_mapping,DSJA/project_4/ncs_mapping/data/runs/observed-dev/NCS_MAPPING_OBSERVED_20260806_01/A4-04-EXPORT/stage_quality.csv,100644,blob,fa74aff931a1e235e2e079f84c57907d13afcf09,485,/home/sieg/projects-wsl/worktrees/p4-agent4,true,485,fa74aff931a1e235e2e079f84c57907d13afcf09,true,PASS
SBS_dataScience,P4-A4-NCS,origin/agent/p4-ncs-mapping-v2,7a9feccc7a2fc99b8b86b95bdb73699620bc7ff0,ncs_mapping,DSJA/project_4/ncs_mapping/data/runs/observed-dev/NCS_MAPPING_OBSERVED_20260806_01/A4-05-EVALUATE/CHECKSUMS.sha256,100644,blob,7e3f3b73466e89a95f2da2f024d3540d52326709,255,/home/sieg/projects-wsl/worktrees/p4-agent4,true,255,7e3f3b73466e89a95f2da2f024d3540d52326709,true,PASS
SBS_dataScience,P4-A4-NCS,origin/agent/p4-ncs-mapping-v2,7a9feccc7a2fc99b8b86b95bdb73699620bc7ff0,ncs_mapping,DSJA/project_4/ncs_mapping/data/runs/observed-dev/NCS_MAPPING_OBSERVED_20260806_01/A4-05-EVALUATE/stage_manifest.json,100644,blob,8db6a5aecd2a72d397d1d01512724299317ce077,2443,/home/sieg/projects-wsl/worktrees/p4-agent4,true,2443,8db6a5aecd2a72d397d1d01512724299317ce077,true,PASS
SBS_dataScience,P4-A4-NCS,origin/agent/p4-ncs-mapping-v2,7a9feccc7a2fc99b8b86b95bdb73699620bc7ff0,ncs_mapping,DSJA/project_4/ncs_mapping/data/runs/observed-dev/NCS_MAPPING_OBSERVED_20260806_01/A4-05-EVALUATE/stage_metrics.json,100644,blob,c56671841ebe4a1a16257def70d768d7ac4b3ebd,1218,/home/sieg/projects-wsl/worktrees/p4-agent4,true,1218,c56671841ebe4a1a16257def70d768d7ac4b3ebd,true,PASS
SBS_dataScience,P4-A4-NCS,origin/agent/p4-ncs-mapping-v2,7a9feccc7a2fc99b8b86b95bdb73699620bc7ff0,ncs_mapping,DSJA/project_4/ncs_mapping/data/runs/observed-dev/NCS_MAPPING_OBSERVED_20260806_01/A4-05-EVALUATE/stage_quality.csv,100644,blob,7637950668f297e60aa838247792974db9e97495,396,/home/sieg/projects-wsl/worktrees/p4-agent4,true,396,7637950668f297e60aa838247792974db9e97495,true,PASS
SBS_dataScience,P4-A4-NCS,origin/agent/p4-ncs-mapping-v2,7a9feccc7a2fc99b8b86b95bdb73699620bc7ff0,ncs_mapping,DSJA/project_4/ncs_mapping/docs/CORE_AI_IT_CODESET_DECISION.md,100644,blob,c38002dd2e427b312cbe39b0c42fa800ebc79c1f,5180,/home/sieg/projects-wsl/worktrees/p4-agent4,true,5180,c38002dd2e427b312cbe39b0c42fa800ebc79c1f,true,PASS
SBS_dataScience,P4-A4-NCS,origin/agent/p4-ncs-mapping-v2,7a9feccc7a2fc99b8b86b95bdb73699620bc7ff0,ncs_mapping,DSJA/project_4/ncs_mapping/docs/KSA_SOURCE_CONNECTIVITY_NOTE.md,100644,blob,1ecf1a96f4b28a7e600de65de803355edb67826e,4019,/home/sieg/projects-wsl/worktrees/p4-agent4,true,4019,1ecf1a96f4b28a7e600de65de803355edb67826e,true,PASS
SBS_dataScience,P4-A4-NCS,origin/agent/p4-ncs-mapping-v2,7a9feccc7a2fc99b8b86b95bdb73699620bc7ff0,ncs_mapping,DSJA/project_4/ncs_mapping/docs/NCS_MAPPING_ANNOTATION_GUIDE.md,100644,blob,8fffcee5860c57e501dd6a07bcef16a13e7b9d01,3317,/home/sieg/projects-wsl/worktrees/p4-agent4,true,3317,8fffcee5860c57e501dd6a07bcef16a13e7b9d01,true,PASS
SBS_dataScience,P4-A4-NCS,origin/agent/p4-ncs-mapping-v2,7a9feccc7a2fc99b8b86b95bdb73699620bc7ff0,ncs_mapping,DSJA/project_4/ncs_mapping/notebooks/00NcsSourceAudit.ipynb,100644,blob,79cb7a3f662ff7ea85a71043524de0d8630bd8ae,6008,/home/sieg/projects-wsl/worktrees/p4-agent4,true,6008,79cb7a3f662ff7ea85a71043524de0d8630bd8ae,true,PASS
SBS_dataScience,P4-A4-NCS,origin/agent/p4-ncs-mapping-v2,7a9feccc7a2fc99b8b86b95bdb73699620bc7ff0,ncs_mapping,DSJA/project_4/ncs_mapping/notebooks/01BuildCoreAiItCodeSet.ipynb,100644,blob,77e921da924711abb4abf3bc4d4d0ea7fb18c33e,5600,/home/sieg/projects-wsl/worktrees/p4-agent4,true,5600,77e921da924711abb4abf3bc4d4d0ea7fb18c33e,true,PASS
SBS_dataScience,P4-A4-NCS,origin/agent/p4-ncs-mapping-v2,7a9feccc7a2fc99b8b86b95bdb73699620bc7ff0,ncs_mapping,DSJA/project_4/ncs_mapping/notebooks/02BuildNcsRetrievalIndex.ipynb,100644,blob,87bdbaf5a53517ae4478fdd762dbdd776e6563f9,6070,/home/sieg/projects-wsl/worktrees/p4-agent4,true,6070,87bdbaf5a53517ae4478fdd762dbdd776e6563f9,true,PASS
SBS_dataScience,P4-A4-NCS,origin/agent/p4-ncs-mapping-v2,7a9feccc7a2fc99b8b86b95bdb73699620bc7ff0,ncs_mapping,DSJA/project_4/ncs_mapping/notebooks/03MapObservedDuties.ipynb,100644,blob,afe6d0220fb9fdec4fe451a8bf937ee263b430d0,6663,/home/sieg/projects-wsl/worktrees/p4-agent4,true,6663,afe6d0220fb9fdec4fe451a8bf937ee263b430d0,true,PASS
SBS_dataScience,P4-A4-NCS,origin/agent/p4-ncs-mapping-v2,7a9feccc7a2fc99b8b86b95bdb73699620bc7ff0,ncs_mapping,DSJA/project_4/ncs_mapping/notebooks/04ExportNcsMappingCsv.ipynb,100644,blob,c3624cb654c9ce9f4be8736d542bc29602d8a680,5661,/home/sieg/projects-wsl/worktrees/p4-agent4,true,5661,c3624cb654c9ce9f4be8736d542bc29602d8a680,true,PASS
SBS_dataScience,P4-A4-NCS,origin/agent/p4-ncs-mapping-v2,7a9feccc7a2fc99b8b86b95bdb73699620bc7ff0,ncs_mapping,DSJA/project_4/ncs_mapping/notebooks/05EvaluateNcsMapping.ipynb,100644,blob,47e118ececcbccee0945d7477c9be1c7158bfa62,5700,/home/sieg/projects-wsl/worktrees/p4-agent4,true,5700,47e118ececcbccee0945d7477c9be1c7158bfa62,true,PASS
SBS_dataScience,P4-A4-NCS,origin/agent/p4-ncs-mapping-v2,7a9feccc7a2fc99b8b86b95bdb73699620bc7ff0,ncs_mapping,DSJA/project_4/ncs_mapping/reports/m1/AGENT4_M1_NCS_REPORT.json,100644,blob,f4d428e22da4c82605b1c396a2ca43bd0baad0e2,1978,/home/sieg/projects-wsl/worktrees/p4-agent4,true,1978,f4d428e22da4c82605b1c396a2ca43bd0baad0e2,true,PASS
SBS_dataScience,P4-A4-NCS,origin/agent/p4-ncs-mapping-v2,7a9feccc7a2fc99b8b86b95bdb73699620bc7ff0,ncs_mapping,DSJA/project_4/ncs_mapping/reports/m1/AGENT4_M1_NCS_REPORT.md,100644,blob,0c6e7bf4abfafd2375c3c16ae34ee7264263bcef,4657,/home/sieg/projects-wsl/worktrees/p4-agent4,true,4657,0c6e7bf4abfafd2375c3c16ae34ee7264263bcef,true,PASS
SBS_dataScience,P4-A4-NCS,origin/agent/p4-ncs-mapping-v2,7a9feccc7a2fc99b8b86b95bdb73699620bc7ff0,ncs_mapping,DSJA/project_4/ncs_mapping/runs/notebooks/observed-dev/AGENT4_20260806_01/RUN_MANIFEST.json,100644,blob,7e8119552cf09dd39b2970a96558b3f21feca9de,1929,/home/sieg/projects-wsl/worktrees/p4-agent4,true,1929,7e8119552cf09dd39b2970a96558b3f21feca9de,true,PASS
SBS_dataScience,P4-A4-NCS,origin/agent/p4-ncs-mapping-v2,7a9feccc7a2fc99b8b86b95bdb73699620bc7ff0,ncs_mapping,DSJA/project_4/ncs_mapping/runs/notebooks/observed-dev/AGENT4_20260806_01/artifacts/A4-00-NCS-SOURCE/CHECKSUMS.sha256,100644,blob,cb0eae727edb318ff73285078748a621fa76e7ca,255,/home/sieg/projects-wsl/worktrees/p4-agent4,true,255,cb0eae727edb318ff73285078748a621fa76e7ca,true,PASS
SBS_dataScience,P4-A4-NCS,origin/agent/p4-ncs-mapping-v2,7a9feccc7a2fc99b8b86b95bdb73699620bc7ff0,ncs_mapping,DSJA/project_4/ncs_mapping/runs/notebooks/observed-dev/AGENT4_20260806_01/artifacts/A4-00-NCS-SOURCE/stage_manifest.json,100644,blob,64b5a6d11028887fa6981aa776bed23ac0dbcc63,2472,/home/sieg/projects-wsl/worktrees/p4-agent4,true,2472,64b5a6d11028887fa6981aa776bed23ac0dbcc63,true,PASS
SBS_dataScience,P4-A4-NCS,origin/agent/p4-ncs-mapping-v2,7a9feccc7a2fc99b8b86b95bdb73699620bc7ff0,ncs_mapping,DSJA/project_4/ncs_mapping/runs/notebooks/observed-dev/AGENT4_20260806_01/artifacts/A4-00-NCS-SOURCE/stage_metrics.json,100644,blob,b40908262a6d735b70842d00b0ea63c941462873,1836,/home/sieg/projects-wsl/worktrees/p4-agent4,true,1836,b40908262a6d735b70842d00b0ea63c941462873,true,PASS
SBS_dataScience,P4-A4-NCS,origin/agent/p4-ncs-mapping-v2,7a9feccc7a2fc99b8b86b95bdb73699620bc7ff0,ncs_mapping,DSJA/project_4/ncs_mapping/runs/notebooks/observed-dev/AGENT4_20260806_01/artifacts/A4-00-NCS-SOURCE/stage_quality.csv,100644,blob,6f09b450a9888427a82427b4e0a72dbec7cda9b5,692,/home/sieg/projects-wsl/worktrees/p4-agent4,true,692,6f09b450a9888427a82427b4e0a72dbec7cda9b5,true,PASS
SBS_dataScience,P4-A4-NCS,origin/agent/p4-ncs-mapping-v2,7a9feccc7a2fc99b8b86b95bdb73699620bc7ff0,ncs_mapping,DSJA/project_4/ncs_mapping/runs/notebooks/observed-dev/AGENT4_20260806_01/artifacts/A4-01-CODESET/CHECKSUMS.sha256,100644,blob,3c1d0ac8e36fbb6e765ab3e66a0c08c83a78cfac,255,/home/sieg/projects-wsl/worktrees/p4-agent4,true,255,3c1d0ac8e36fbb6e765ab3e66a0c08c83a78cfac,true,PASS
SBS_dataScience,P4-A4-NCS,origin/agent/p4-ncs-mapping-v2,7a9feccc7a2fc99b8b86b95bdb73699620bc7ff0,ncs_mapping,DSJA/project_4/ncs_mapping/runs/notebooks/observed-dev/AGENT4_20260806_01/artifacts/A4-01-CODESET/stage_manifest.json,100644,blob,fd6917a85c7af84038d404675e831d92ff5e4702,2203,/home/sieg/projects-wsl/worktrees/p4-agent4,true,2203,fd6917a85c7af84038d404675e831d92ff5e4702,true,PASS
SBS_dataScience,P4-A4-NCS,origin/agent/p4-ncs-mapping-v2,7a9feccc7a2fc99b8b86b95bdb73699620bc7ff0,ncs_mapping,DSJA/project_4/ncs_mapping/runs/notebooks/observed-dev/AGENT4_20260806_01/artifacts/A4-01-CODESET/stage_metrics.json,100644,blob,43ad7c099519978414d204281a0661b7165667bf,1284,/home/sieg/projects-wsl/worktrees/p4-agent4,true,1284,43ad7c099519978414d204281a0661b7165667bf,true,PASS
SBS_dataScience,P4-A4-NCS,origin/agent/p4-ncs-mapping-v2,7a9feccc7a2fc99b8b86b95bdb73699620bc7ff0,ncs_mapping,DSJA/project_4/ncs_mapping/runs/notebooks/observed-dev/AGENT4_20260806_01/artifacts/A4-01-CODESET/stage_quality.csv,100644,blob,3b84e8f572db0787b82cdf75479308efbd65616f,564,/home/sieg/projects-wsl/worktrees/p4-agent4,true,564,3b84e8f572db0787b82cdf75479308efbd65616f,true,PASS
SBS_dataScience,P4-A4-NCS,origin/agent/p4-ncs-mapping-v2,7a9feccc7a2fc99b8b86b95bdb73699620bc7ff0,ncs_mapping,DSJA/project_4/ncs_mapping/runs/notebooks/observed-dev/AGENT4_20260806_01/artifacts/A4-02-RETRIEVAL/CHECKSUMS.sha256,100644,blob,15ae58142a3123f0a1203e0199851770e14736da,255,/home/sieg/projects-wsl/worktrees/p4-agent4,true,255,15ae58142a3123f0a1203e0199851770e14736da,true,PASS
SBS_dataScience,P4-A4-NCS,origin/agent/p4-ncs-mapping-v2,7a9feccc7a2fc99b8b86b95bdb73699620bc7ff0,ncs_mapping,DSJA/project_4/ncs_mapping/runs/notebooks/observed-dev/AGENT4_20260806_01/artifacts/A4-02-RETRIEVAL/stage_manifest.json,100644,blob,62b0069e7977eadf20ebe3dffe6e95c2489fd756,2510,/home/sieg/projects-wsl/worktrees/p4-agent4,true,2510,62b0069e7977eadf20ebe3dffe6e95c2489fd756,true,PASS
SBS_dataScience,P4-A4-NCS,origin/agent/p4-ncs-mapping-v2,7a9feccc7a2fc99b8b86b95bdb73699620bc7ff0,ncs_mapping,DSJA/project_4/ncs_mapping/runs/notebooks/observed-dev/AGENT4_20260806_01/artifacts/A4-02-RETRIEVAL/stage_metrics.json,100644,blob,e7047af70405ad01aee7c3672218d6793f5a0d1c,991,/home/sieg/projects-wsl/worktrees/p4-agent4,true,991,e7047af70405ad01aee7c3672218d6793f5a0d1c,true,PASS
SBS_dataScience,P4-A4-NCS,origin/agent/p4-ncs-mapping-v2,7a9feccc7a2fc99b8b86b95bdb73699620bc7ff0,ncs_mapping,DSJA/project_4/ncs_mapping/runs/notebooks/observed-dev/AGENT4_20260806_01/artifacts/A4-02-RETRIEVAL/stage_quality.csv,100644,blob,a881e38d44bea15d8325f13acd2d48a79d86ecf2,408,/home/sieg/projects-wsl/worktrees/p4-agent4,true,408,a881e38d44bea15d8325f13acd2d48a79d86ecf2,true,PASS
SBS_dataScience,P4-A4-NCS,origin/agent/p4-ncs-mapping-v2,7a9feccc7a2fc99b8b86b95bdb73699620bc7ff0,ncs_mapping,DSJA/project_4/ncs_mapping/runs/notebooks/observed-dev/AGENT4_20260806_01/artifacts/A4-03-MAP-OBSERVED/CHECKSUMS.sha256,100644,blob,b578c5005ead3f808676b95af000fef39737e5eb,255,/home/sieg/projects-wsl/worktrees/p4-agent4,true,255,b578c5005ead3f808676b95af000fef39737e5eb,true,PASS
SBS_dataScience,P4-A4-NCS,origin/agent/p4-ncs-mapping-v2,7a9feccc7a2fc99b8b86b95bdb73699620bc7ff0,ncs_mapping,DSJA/project_4/ncs_mapping/runs/notebooks/observed-dev/AGENT4_20260806_01/artifacts/A4-03-MAP-OBSERVED/stage_manifest.json,100644,blob,50ce03991b9ff41b3a2d200aa4b549fc1d1b28d9,3606,/home/sieg/projects-wsl/worktrees/p4-agent4,true,3606,50ce03991b9ff41b3a2d200aa4b549fc1d1b28d9,true,PASS
SBS_dataScience,P4-A4-NCS,origin/agent/p4-ncs-mapping-v2,7a9feccc7a2fc99b8b86b95bdb73699620bc7ff0,ncs_mapping,DSJA/project_4/ncs_mapping/runs/notebooks/observed-dev/AGENT4_20260806_01/artifacts/A4-03-MAP-OBSERVED/stage_metrics.json,100644,blob,33cd5a6ed47de4699fba3b3dd379e9d531461276,1282,/home/sieg/projects-wsl/worktrees/p4-agent4,true,1282,33cd5a6ed47de4699fba3b3dd379e9d531461276,true,PASS
SBS_dataScience,P4-A4-NCS,origin/agent/p4-ncs-mapping-v2,7a9feccc7a2fc99b8b86b95bdb73699620bc7ff0,ncs_mapping,DSJA/project_4/ncs_mapping/runs/notebooks/observed-dev/AGENT4_20260806_01/artifacts/A4-03-MAP-OBSERVED/stage_quality.csv,100644,blob,c76c278c54f84ed073ed86cd43987b87b1cc3c42,831,/home/sieg/projects-wsl/worktrees/p4-agent4,true,831,c76c278c54f84ed073ed86cd43987b87b1cc3c42,true,PASS
SBS_dataScience,P4-A4-NCS,origin/agent/p4-ncs-mapping-v2,7a9feccc7a2fc99b8b86b95bdb73699620bc7ff0,ncs_mapping,DSJA/project_4/ncs_mapping/runs/notebooks/observed-dev/AGENT4_20260806_01/artifacts/A4-04-EXPORT/CHECKSUMS.sha256,100644,blob,47846fe06398b38219b62c351497298a22f5d336,255,/home/sieg/projects-wsl/worktrees/p4-agent4,true,255,47846fe06398b38219b62c351497298a22f5d336,true,PASS
SBS_dataScience,P4-A4-NCS,origin/agent/p4-ncs-mapping-v2,7a9feccc7a2fc99b8b86b95bdb73699620bc7ff0,ncs_mapping,DSJA/project_4/ncs_mapping/runs/notebooks/observed-dev/AGENT4_20260806_01/artifacts/A4-04-EXPORT/stage_manifest.json,100644,blob,f4f853b7e8f314ee829061b75b89e4bc8f5b6253,8487,/home/sieg/projects-wsl/worktrees/p4-agent4,true,8487,f4f853b7e8f314ee829061b75b89e4bc8f5b6253,true,PASS
SBS_dataScience,P4-A4-NCS,origin/agent/p4-ncs-mapping-v2,7a9feccc7a2fc99b8b86b95bdb73699620bc7ff0,ncs_mapping,DSJA/project_4/ncs_mapping/runs/notebooks/observed-dev/AGENT4_20260806_01/artifacts/A4-04-EXPORT/stage_metrics.json,100644,blob,74a1e443efde01d07f5b9cb63a34c56868df0a49,2177,/home/sieg/projects-wsl/worktrees/p4-agent4,true,2177,74a1e443efde01d07f5b9cb63a34c56868df0a49,true,PASS
SBS_dataScience,P4-A4-NCS,origin/agent/p4-ncs-mapping-v2,7a9feccc7a2fc99b8b86b95bdb73699620bc7ff0,ncs_mapping,DSJA/project_4/ncs_mapping/runs/notebooks/observed-dev/AGENT4_20260806_01/artifacts/A4-04-EXPORT/stage_quality.csv,100644,blob,fa74aff931a1e235e2e079f84c57907d13afcf09,485,/home/sieg/projects-wsl/worktrees/p4-agent4,true,485,fa74aff931a1e235e2e079f84c57907d13afcf09,true,PASS
SBS_dataScience,P4-A4-NCS,origin/agent/p4-ncs-mapping-v2,7a9feccc7a2fc99b8b86b95bdb73699620bc7ff0,ncs_mapping,DSJA/project_4/ncs_mapping/runs/notebooks/observed-dev/AGENT4_20260806_01/artifacts/A4-05-EVALUATE/CHECKSUMS.sha256,100644,blob,7e3f3b73466e89a95f2da2f024d3540d52326709,255,/home/sieg/projects-wsl/worktrees/p4-agent4,true,255,7e3f3b73466e89a95f2da2f024d3540d52326709,true,PASS
SBS_dataScience,P4-A4-NCS,origin/agent/p4-ncs-mapping-v2,7a9feccc7a2fc99b8b86b95bdb73699620bc7ff0,ncs_mapping,DSJA/project_4/ncs_mapping/runs/notebooks/observed-dev/AGENT4_20260806_01/artifacts/A4-05-EVALUATE/stage_manifest.json,100644,blob,8db6a5aecd2a72d397d1d01512724299317ce077,2443,/home/sieg/projects-wsl/worktrees/p4-agent4,true,2443,8db6a5aecd2a72d397d1d01512724299317ce077,true,PASS
SBS_dataScience,P4-A4-NCS,origin/agent/p4-ncs-mapping-v2,7a9feccc7a2fc99b8b86b95bdb73699620bc7ff0,ncs_mapping,DSJA/project_4/ncs_mapping/runs/notebooks/observed-dev/AGENT4_20260806_01/artifacts/A4-05-EVALUATE/stage_metrics.json,100644,blob,c56671841ebe4a1a16257def70d768d7ac4b3ebd,1218,/home/sieg/projects-wsl/worktrees/p4-agent4,true,1218,c56671841ebe4a1a16257def70d768d7ac4b3ebd,true,PASS
SBS_dataScience,P4-A4-NCS,origin/agent/p4-ncs-mapping-v2,7a9feccc7a2fc99b8b86b95bdb73699620bc7ff0,ncs_mapping,DSJA/project_4/ncs_mapping/runs/notebooks/observed-dev/AGENT4_20260806_01/artifacts/A4-05-EVALUATE/stage_quality.csv,100644,blob,7637950668f297e60aa838247792974db9e97495,396,/home/sieg/projects-wsl/worktrees/p4-agent4,true,396,7637950668f297e60aa838247792974db9e97495,true,PASS
SBS_dataScience,P4-A4-NCS,origin/agent/p4-ncs-mapping-v2,7a9feccc7a2fc99b8b86b95bdb73699620bc7ff0,ncs_mapping,DSJA/project_4/ncs_mapping/runs/notebooks/observed-dev/AGENT4_20260806_01/executed/00NcsSourceAudit.ipynb,100644,blob,9d12e3e82e374546fcab9c9fe520babbafa7e6d9,11632,/home/sieg/projects-wsl/worktrees/p4-agent4,true,11632,9d12e3e82e374546fcab9c9fe520babbafa7e6d9,true,PASS
SBS_dataScience,P4-A4-NCS,origin/agent/p4-ncs-mapping-v2,7a9feccc7a2fc99b8b86b95bdb73699620bc7ff0,ncs_mapping,DSJA/project_4/ncs_mapping/runs/notebooks/observed-dev/AGENT4_20260806_01/executed/01BuildCoreAiItCodeSet.ipynb,100644,blob,7a38e51a1ee2b7f5282e60438427b6e6e61256f3,10594,/home/sieg/projects-wsl/worktrees/p4-agent4,true,10594,7a38e51a1ee2b7f5282e60438427b6e6e61256f3,true,PASS
SBS_dataScience,P4-A4-NCS,origin/agent/p4-ncs-mapping-v2,7a9feccc7a2fc99b8b86b95bdb73699620bc7ff0,ncs_mapping,DSJA/project_4/ncs_mapping/runs/notebooks/observed-dev/AGENT4_20260806_01/executed/02BuildNcsRetrievalIndex.ipynb,100644,blob,267c957593dd27f5e4ef9ad7d4b49bf2afca156d,11439,/home/sieg/projects-wsl/worktrees/p4-agent4,true,11439,267c957593dd27f5e4ef9ad7d4b49bf2afca156d,true,PASS
SBS_dataScience,P4-A4-NCS,origin/agent/p4-ncs-mapping-v2,7a9feccc7a2fc99b8b86b95bdb73699620bc7ff0,ncs_mapping,DSJA/project_4/ncs_mapping/runs/notebooks/observed-dev/AGENT4_20260806_01/executed/03MapObservedDuties.ipynb,100644,blob,4c4bfe2ed5320762fea096534781fa355f96fd1f,13390,/home/sieg/projects-wsl/worktrees/p4-agent4,true,13390,4c4bfe2ed5320762fea096534781fa355f96fd1f,true,PASS
SBS_dataScience,P4-A4-NCS,origin/agent/p4-ncs-mapping-v2,7a9feccc7a2fc99b8b86b95bdb73699620bc7ff0,ncs_mapping,DSJA/project_4/ncs_mapping/runs/notebooks/observed-dev/AGENT4_20260806_01/executed/04ExportNcsMappingCsv.ipynb,100644,blob,90accbaf2c9c9d8e47168d54445a06cafd1ff459,18291,/home/sieg/projects-wsl/worktrees/p4-agent4,true,18291,90accbaf2c9c9d8e47168d54445a06cafd1ff459,true,PASS
SBS_dataScience,P4-A4-NCS,origin/agent/p4-ncs-mapping-v2,7a9feccc7a2fc99b8b86b95bdb73699620bc7ff0,ncs_mapping,DSJA/project_4/ncs_mapping/runs/notebooks/observed-dev/AGENT4_20260806_01/executed/05EvaluateNcsMapping.ipynb,100644,blob,5723ec92c2492a17c34dc0d639057cd8973f844e,11211,/home/sieg/projects-wsl/worktrees/p4-agent4,true,11211,5723ec92c2492a17c34dc0d639057cd8973f844e,true,PASS
SBS_dataScience,P4-A4-NCS,origin/agent/p4-ncs-mapping-v2,7a9feccc7a2fc99b8b86b95bdb73699620bc7ff0,ncs_mapping,DSJA/project_4/ncs_mapping/scripts/execute_notebooks.py,100644,blob,ee9a92cad730e3e056ca8fad8db62ff8d4171f89,3225,/home/sieg/projects-wsl/worktrees/p4-agent4,true,3225,ee9a92cad730e3e056ca8fad8db62ff8d4171f89,true,PASS
SBS_dataScience,P4-A4-NCS,origin/agent/p4-ncs-mapping-v2,7a9feccc7a2fc99b8b86b95bdb73699620bc7ff0,ncs_mapping,DSJA/project_4/ncs_mapping/scripts/render_notebooks.py,100644,blob,a57e7205f1b4383d6c9050c3c0b5c28bbd3e94c5,16365,/home/sieg/projects-wsl/worktrees/p4-agent4,true,16365,a57e7205f1b4383d6c9050c3c0b5c28bbd3e94c5,true,PASS
SBS_dataScience,P4-A4-NCS,origin/agent/p4-ncs-mapping-v2,7a9feccc7a2fc99b8b86b95bdb73699620bc7ff0,ncs_mapping,DSJA/project_4/ncs_mapping/scripts/run_observed_m1.py,100644,blob,0770f25e01ad32c1c71eb533b9abc149e001b542,1214,/home/sieg/projects-wsl/worktrees/p4-agent4,true,1214,0770f25e01ad32c1c71eb533b9abc149e001b542,true,PASS
SBS_dataScience,P4-A4-NCS,origin/agent/p4-ncs-mapping-v2,7a9feccc7a2fc99b8b86b95bdb73699620bc7ff0,ncs_mapping,DSJA/project_4/ncs_mapping/scripts/validate_m1_artifacts.py,100644,blob,85c7850f06cfba331f4cd0936a813cd62264ee20,4243,/home/sieg/projects-wsl/worktrees/p4-agent4,true,4243,85c7850f06cfba331f4cd0936a813cd62264ee20,true,PASS
SBS_dataScience,P4-A4-NCS,origin/agent/p4-ncs-mapping-v2,7a9feccc7a2fc99b8b86b95bdb73699620bc7ff0,ncs_mapping,DSJA/project_4/ncs_mapping/src/p4_ncs/__init__.py,100644,blob,e69de29bb2d1d6434b8b29ae775ad8c2e48c5391,0,/home/sieg/projects-wsl/worktrees/p4-agent4,true,0,e69de29bb2d1d6434b8b29ae775ad8c2e48c5391,true,PASS
SBS_dataScience,P4-A4-NCS,origin/agent/p4-ncs-mapping-v2,7a9feccc7a2fc99b8b86b95bdb73699620bc7ff0,ncs_mapping,DSJA/project_4/ncs_mapping/src/p4_ncs/codeset/__init__.py,100644,blob,e69de29bb2d1d6434b8b29ae775ad8c2e48c5391,0,/home/sieg/projects-wsl/worktrees/p4-agent4,true,0,e69de29bb2d1d6434b8b29ae775ad8c2e48c5391,true,PASS
SBS_dataScience,P4-A4-NCS,origin/agent/p4-ncs-mapping-v2,7a9feccc7a2fc99b8b86b95bdb73699620bc7ff0,ncs_mapping,DSJA/project_4/ncs_mapping/src/p4_ncs/codeset/core_ai_it.py,100644,blob,ccb030d301baecba8504063c634c9b1563618a5f,3346,/home/sieg/projects-wsl/worktrees/p4-agent4,true,3346,ccb030d301baecba8504063c634c9b1563618a5f,true,PASS
SBS_dataScience,P4-A4-NCS,origin/agent/p4-ncs-mapping-v2,7a9feccc7a2fc99b8b86b95bdb73699620bc7ff0,ncs_mapping,DSJA/project_4/ncs_mapping/src/p4_ncs/contracts/__init__.py,100644,blob,f710288efd2f191b0f3a11d5f2e71cd5b00eb03b,231,/home/sieg/projects-wsl/worktrees/p4-agent4,true,231,f710288efd2f191b0f3a11d5f2e71cd5b00eb03b,true,PASS
SBS_dataScience,P4-A4-NCS,origin/agent/p4-ncs-mapping-v2,7a9feccc7a2fc99b8b86b95bdb73699620bc7ff0,ncs_mapping,DSJA/project_4/ncs_mapping/src/p4_ncs/contracts/observed_duty.py,100644,blob,fd8b07397b12cc1d41a163063b0c47d24480e05c,4266,/home/sieg/projects-wsl/worktrees/p4-agent4,true,4266,fd8b07397b12cc1d41a163063b0c47d24480e05c,true,PASS
SBS_dataScience,P4-A4-NCS,origin/agent/p4-ncs-mapping-v2,7a9feccc7a2fc99b8b86b95bdb73699620bc7ff0,ncs_mapping,DSJA/project_4/ncs_mapping/src/p4_ncs/dictionary/__init__.py,100644,blob,e69de29bb2d1d6434b8b29ae775ad8c2e48c5391,0,/home/sieg/projects-wsl/worktrees/p4-agent4,true,0,e69de29bb2d1d6434b8b29ae775ad8c2e48c5391,true,PASS
SBS_dataScience,P4-A4-NCS,origin/agent/p4-ncs-mapping-v2,7a9feccc7a2fc99b8b86b95bdb73699620bc7ff0,ncs_mapping,DSJA/project_4/ncs_mapping/src/p4_ncs/dictionary/alias_dictionary.py,100644,blob,fd619411ea51a7479aaff3d428d472c06b264b6c,941,/home/sieg/projects-wsl/worktrees/p4-agent4,true,941,fd619411ea51a7479aaff3d428d472c06b264b6c,true,PASS
SBS_dataScience,P4-A4-NCS,origin/agent/p4-ncs-mapping-v2,7a9feccc7a2fc99b8b86b95bdb73699620bc7ff0,ncs_mapping,DSJA/project_4/ncs_mapping/src/p4_ncs/evaluation/__init__.py,100644,blob,0d931198c2c1a8cff9dceda110e41638f88bc274,229,/home/sieg/projects-wsl/worktrees/p4-agent4,true,229,0d931198c2c1a8cff9dceda110e41638f88bc274,true,PASS
SBS_dataScience,P4-A4-NCS,origin/agent/p4-ncs-mapping-v2,7a9feccc7a2fc99b8b86b95bdb73699620bc7ff0,ncs_mapping,DSJA/project_4/ncs_mapping/src/p4_ncs/evaluation/gold_evaluation.py,100644,blob,509ac06501d4eafc742a83bdf783ea0b88b71296,2391,/home/sieg/projects-wsl/worktrees/p4-agent4,true,2391,509ac06501d4eafc742a83bdf783ea0b88b71296,true,PASS
SBS_dataScience,P4-A4-NCS,origin/agent/p4-ncs-mapping-v2,7a9feccc7a2fc99b8b86b95bdb73699620bc7ff0,ncs_mapping,DSJA/project_4/ncs_mapping/src/p4_ncs/ingest/__init__.py,100644,blob,e69de29bb2d1d6434b8b29ae775ad8c2e48c5391,0,/home/sieg/projects-wsl/worktrees/p4-agent4,true,0,e69de29bb2d1d6434b8b29ae775ad8c2e48c5391,true,PASS
SBS_dataScience,P4-A4-NCS,origin/agent/p4-ncs-mapping-v2,7a9feccc7a2fc99b8b86b95bdb73699620bc7ff0,ncs_mapping,DSJA/project_4/ncs_mapping/src/p4_ncs/ingest/ncs_unit_source.py,100644,blob,33502224ed93d8fe8d7aeecb083fa4f3a155b17e,2000,/home/sieg/projects-wsl/worktrees/p4-agent4,true,2000,33502224ed93d8fe8d7aeecb083fa4f3a155b17e,true,PASS
SBS_dataScience,P4-A4-NCS,origin/agent/p4-ncs-mapping-v2,7a9feccc7a2fc99b8b86b95bdb73699620bc7ff0,ncs_mapping,DSJA/project_4/ncs_mapping/src/p4_ncs/mapping/__init__.py,100644,blob,642f9b26f8e525e4f83cd9af82495b4694f1c5a8,207,/home/sieg/projects-wsl/worktrees/p4-agent4,true,207,642f9b26f8e525e4f83cd9af82495b4694f1c5a8,true,PASS
SBS_dataScience,P4-A4-NCS,origin/agent/p4-ncs-mapping-v2,7a9feccc7a2fc99b8b86b95bdb73699620bc7ff0,ncs_mapping,DSJA/project_4/ncs_mapping/src/p4_ncs/mapping/mapping_basis.py,100644,blob,b97d7ad67beb206da16829c78b7927cf76f570ae,1725,/home/sieg/projects-wsl/worktrees/p4-agent4,true,1725,b97d7ad67beb206da16829c78b7927cf76f570ae,true,PASS
SBS_dataScience,P4-A4-NCS,origin/agent/p4-ncs-mapping-v2,7a9feccc7a2fc99b8b86b95bdb73699620bc7ff0,ncs_mapping,DSJA/project_4/ncs_mapping/src/p4_ncs/mapping/observed_baseline.py,100644,blob,4820ca710ab71271079f72593fb46d74c0bef82d,6678,/home/sieg/projects-wsl/worktrees/p4-agent4,true,6678,4820ca710ab71271079f72593fb46d74c0bef82d,true,PASS
SBS_dataScience,P4-A4-NCS,origin/agent/p4-ncs-mapping-v2,7a9feccc7a2fc99b8b86b95bdb73699620bc7ff0,ncs_mapping,DSJA/project_4/ncs_mapping/src/p4_ncs/marts/__init__.py,100644,blob,e69de29bb2d1d6434b8b29ae775ad8c2e48c5391,0,/home/sieg/projects-wsl/worktrees/p4-agent4,true,0,e69de29bb2d1d6434b8b29ae775ad8c2e48c5391,true,PASS
SBS_dataScience,P4-A4-NCS,origin/agent/p4-ncs-mapping-v2,7a9feccc7a2fc99b8b86b95bdb73699620bc7ff0,ncs_mapping,DSJA/project_4/ncs_mapping/src/p4_ncs/normalize/__init__.py,100644,blob,e69de29bb2d1d6434b8b29ae775ad8c2e48c5391,0,/home/sieg/projects-wsl/worktrees/p4-agent4,true,0,e69de29bb2d1d6434b8b29ae775ad8c2e48c5391,true,PASS
SBS_dataScience,P4-A4-NCS,origin/agent/p4-ncs-mapping-v2,7a9feccc7a2fc99b8b86b95bdb73699620bc7ff0,ncs_mapping,DSJA/project_4/ncs_mapping/src/p4_ncs/normalize/ncs_unit.py,100644,blob,291bfc0a676b7955c9b91969982091e299320d5b,2950,/home/sieg/projects-wsl/worktrees/p4-agent4,true,2950,291bfc0a676b7955c9b91969982091e299320d5b,true,PASS
SBS_dataScience,P4-A4-NCS,origin/agent/p4-ncs-mapping-v2,7a9feccc7a2fc99b8b86b95bdb73699620bc7ff0,ncs_mapping,DSJA/project_4/ncs_mapping/src/p4_ncs/quality/__init__.py,100644,blob,4f42e10f66ae94a5123b447773b88e732d6ad715,146,/home/sieg/projects-wsl/worktrees/p4-agent4,true,146,4f42e10f66ae94a5123b447773b88e732d6ad715,true,PASS
SBS_dataScience,P4-A4-NCS,origin/agent/p4-ncs-mapping-v2,7a9feccc7a2fc99b8b86b95bdb73699620bc7ff0,ncs_mapping,DSJA/project_4/ncs_mapping/src/p4_ncs/quality/stage_artifacts.py,100644,blob,ddb55ed137a2479b35d1563ed754182d3d727e1a,7715,/home/sieg/projects-wsl/worktrees/p4-agent4,true,7715,ddb55ed137a2479b35d1563ed754182d3d727e1a,true,PASS
SBS_dataScience,P4-A4-NCS,origin/agent/p4-ncs-mapping-v2,7a9feccc7a2fc99b8b86b95bdb73699620bc7ff0,ncs_mapping,DSJA/project_4/ncs_mapping/src/p4_ncs/retrieval/__init__.py,100644,blob,581dcc8621f9c5ef0afcd21a44f10cecb4e4e276,162,/home/sieg/projects-wsl/worktrees/p4-agent4,true,162,581dcc8621f9c5ef0afcd21a44f10cecb4e4e276,true,PASS
SBS_dataScience,P4-A4-NCS,origin/agent/p4-ncs-mapping-v2,7a9feccc7a2fc99b8b86b95bdb73699620bc7ff0,ncs_mapping,DSJA/project_4/ncs_mapping/src/p4_ncs/retrieval/candidate_retrieval.py,100644,blob,2ffc35fc6de8eb37bd5ee026a82ae3359834d5bc,2394,/home/sieg/projects-wsl/worktrees/p4-agent4,true,2394,2ffc35fc6de8eb37bd5ee026a82ae3359834d5bc,true,PASS
SBS_dataScience,P4-A4-NCS,origin/agent/p4-ncs-mapping-v2,7a9feccc7a2fc99b8b86b95bdb73699620bc7ff0,ncs_mapping,DSJA/project_4/ncs_mapping/src/p4_ncs/retrieval/lexical_index.py,100644,blob,946d487e1c350151ff6e7c753db6c9d0bc75528f,5269,/home/sieg/projects-wsl/worktrees/p4-agent4,true,5269,946d487e1c350151ff6e7c753db6c9d0bc75528f,true,PASS
SBS_dataScience,P4-A4-NCS,origin/agent/p4-ncs-mapping-v2,7a9feccc7a2fc99b8b86b95bdb73699620bc7ff0,ncs_mapping,DSJA/project_4/ncs_mapping/src/p4_ncs/workflow/__init__.py,100644,blob,836e3aeaf7d45aba4bbe6bd26521dc80fa3f63b4,102,/home/sieg/projects-wsl/worktrees/p4-agent4,true,102,836e3aeaf7d45aba4bbe6bd26521dc80fa3f63b4,true,PASS
SBS_dataScience,P4-A4-NCS,origin/agent/p4-ncs-mapping-v2,7a9feccc7a2fc99b8b86b95bdb73699620bc7ff0,ncs_mapping,DSJA/project_4/ncs_mapping/src/p4_ncs/workflow/observed.py,100644,blob,ec6acd84a61e4d69c6f6ba8a9c3977fa7e9a2b97,21672,/home/sieg/projects-wsl/worktrees/p4-agent4,true,21672,ec6acd84a61e4d69c6f6ba8a9c3977fa7e9a2b97,true,PASS
SBS_dataScience,P4-A4-NCS,origin/agent/p4-ncs-mapping-v2,7a9feccc7a2fc99b8b86b95bdb73699620bc7ff0,ncs_mapping,DSJA/project_4/ncs_mapping/tests/conftest.py,100644,blob,8d9f89895a7f0977a88f5ed3ff767a083ae8bff2,99,/home/sieg/projects-wsl/worktrees/p4-agent4,true,99,8d9f89895a7f0977a88f5ed3ff767a083ae8bff2,true,PASS
SBS_dataScience,P4-A4-NCS,origin/agent/p4-ncs-mapping-v2,7a9feccc7a2fc99b8b86b95bdb73699620bc7ff0,ncs_mapping,DSJA/project_4/ncs_mapping/tests/fixtures/ncsUnit_sample.csv,100644,blob,22eb0834f0de7f40a60106ed73ce293ac01ed5c1,369,/home/sieg/projects-wsl/worktrees/p4-agent4,true,369,22eb0834f0de7f40a60106ed73ce293ac01ed5c1,true,PASS
SBS_dataScience,P4-A4-NCS,origin/agent/p4-ncs-mapping-v2,7a9feccc7a2fc99b8b86b95bdb73699620bc7ff0,ncs_mapping,DSJA/project_4/ncs_mapping/tests/test_mapping_foundation.py,100644,blob,82d5c57f7a8dce2b186bd5c021d545f7d774712d,2791,/home/sieg/projects-wsl/worktrees/p4-agent4,true,2791,82d5c57f7a8dce2b186bd5c021d545f7d774712d,true,PASS
SBS_dataScience,P4-A4-NCS,origin/agent/p4-ncs-mapping-v2,7a9feccc7a2fc99b8b86b95bdb73699620bc7ff0,ncs_mapping,DSJA/project_4/ncs_mapping/tests/test_normalize_ncs_unit.py,100644,blob,9922a9c0f8e2818f7c96e0ab318c963a09a16294,2480,/home/sieg/projects-wsl/worktrees/p4-agent4,true,2480,9922a9c0f8e2818f7c96e0ab318c963a09a16294,true,PASS
SBS_dataScience,P4-A4-NCS,origin/agent/p4-ncs-mapping-v2,7a9feccc7a2fc99b8b86b95bdb73699620bc7ff0,ncs_mapping,DSJA/project_4/ncs_mapping/tests/test_notebooks_m1.py,100644,blob,053b4d2424241e9806f545686a2760e36a07ad6e,2670,/home/sieg/projects-wsl/worktrees/p4-agent4,true,2670,053b4d2424241e9806f545686a2760e36a07ad6e,true,PASS
SBS_dataScience,P4-A4-NCS,origin/agent/p4-ncs-mapping-v2,7a9feccc7a2fc99b8b86b95bdb73699620bc7ff0,ncs_mapping,DSJA/project_4/ncs_mapping/tests/test_observed_m1.py,100644,blob,c514502a0a639b1324258a72ac5dc311950edf35,6519,/home/sieg/projects-wsl/worktrees/p4-agent4,true,6519,c514502a0a639b1324258a72ac5dc311950edf35,true,PASS
SBS_dataScience,P4-A4-NCS,origin/agent/p4-ncs-mapping-v2,7a9feccc7a2fc99b8b86b95bdb73699620bc7ff0,reports,DSJA/project_4/reports/agent4/CRAWL_20260806_02_ACCEPTANCE.json,100644,blob,da1f8f81021554155e7dff40e22e1c184bedbdf4,13410,/home/sieg/projects-wsl/worktrees/p4-agent4,true,13410,da1f8f81021554155e7dff40e22e1c184bedbdf4,true,PASS
SBS_dataScience,P4-A4-NCS,origin/agent/p4-ncs-mapping-v2,7a9feccc7a2fc99b8b86b95bdb73699620bc7ff0,reports,DSJA/project_4/reports/agent4/CRAWL_20260806_02_ACCEPTANCE.md,100644,blob,58d06b6a940b7673fcf1bdd5d680897457acb8dc,11773,/home/sieg/projects-wsl/worktrees/p4-agent4,true,11773,58d06b6a940b7673fcf1bdd5d680897457acb8dc,true,PASS
SBS_dataScience,P4-A4-NCS,origin/agent/p4-ncs-mapping-v2,7a9feccc7a2fc99b8b86b95bdb73699620bc7ff0,shared,DSJA/project_4/shared/contracts/P4_CONTRACT_v2.1.2/AGENT3_TO_AGENT1_HANDOFF.json,100644,blob,52cd6917cb481967093e8a17e7446a5e4f6d317b,2724,/home/sieg/projects-wsl/worktrees/p4-agent4,true,2724,52cd6917cb481967093e8a17e7446a5e4f6d317b,true,PASS
SBS_dataScience,P4-A4-NCS,origin/agent/p4-ncs-mapping-v2,7a9feccc7a2fc99b8b86b95bdb73699620bc7ff0,shared,DSJA/project_4/shared/contracts/P4_CONTRACT_v2.1.2/AGENT3_TO_AGENT2_HANDOFF.json,100644,blob,51abfd3c93b72dbfbe774d5bc63ae9118011bb79,3671,/home/sieg/projects-wsl/worktrees/p4-agent4,true,3671,51abfd3c93b72dbfbe774d5bc63ae9118011bb79,true,PASS
SBS_dataScience,P4-A4-NCS,origin/agent/p4-ncs-mapping-v2,7a9feccc7a2fc99b8b86b95bdb73699620bc7ff0,shared,DSJA/project_4/shared/contracts/P4_CONTRACT_v2.1.2/CHECKSUMS.sha256,100644,blob,2a0a4135e043a2e57a2808bd012039b3c8b23e60,951,/home/sieg/projects-wsl/worktrees/p4-agent4,true,951,2a0a4135e043a2e57a2808bd012039b3c8b23e60,true,PASS
SBS_dataScience,P4-A4-NCS,origin/agent/p4-ncs-mapping-v2,7a9feccc7a2fc99b8b86b95bdb73699620bc7ff0,shared,DSJA/project_4/shared/contracts/P4_CONTRACT_v2.1.2/CONTRACT_MANIFEST.json,100644,blob,88d362a7b81d56ef623e6f2b0f3105bf29986819,2815,/home/sieg/projects-wsl/worktrees/p4-agent4,true,2815,88d362a7b81d56ef623e6f2b0f3105bf29986819,true,PASS
SBS_dataScience,P4-A4-NCS,origin/agent/p4-ncs-mapping-v2,7a9feccc7a2fc99b8b86b95bdb73699620bc7ff0,shared,DSJA/project_4/shared/contracts/P4_CONTRACT_v2.1.2/QUALITY_GATES.md,100644,blob,29efbf97117d11928413090bcb622598da519807,1994,/home/sieg/projects-wsl/worktrees/p4-agent4,true,1994,29efbf97117d11928413090bcb622598da519807,true,PASS
SBS_dataScience,P4-A4-NCS,origin/agent/p4-ncs-mapping-v2,7a9feccc7a2fc99b8b86b95bdb73699620bc7ff0,shared,DSJA/project_4/shared/contracts/P4_CONTRACT_v2.1.2/SOURCE_POLICY_GATE.md,100644,blob,21a1b9286290c4c87f577a43630b0ea60d10749b,1801,/home/sieg/projects-wsl/worktrees/p4-agent4,true,1801,21a1b9286290c4c87f577a43630b0ea60d10749b,true,PASS
SBS_dataScience,P4-A4-NCS,origin/agent/p4-ncs-mapping-v2,7a9feccc7a2fc99b8b86b95bdb73699620bc7ff0,shared,DSJA/project_4/shared/contracts/P4_CONTRACT_v2.1.2/data_dictionary.csv,100644,blob,de151df6fb5617586f14121756c9a09a621f80e3,152097,/home/sieg/projects-wsl/worktrees/p4-agent4,true,152097,de151df6fb5617586f14121756c9a09a621f80e3,true,PASS
SBS_dataScience,P4-A4-NCS,origin/agent/p4-ncs-mapping-v2,7a9feccc7a2fc99b8b86b95bdb73699620bc7ff0,shared,DSJA/project_4/shared/contracts/P4_CONTRACT_v2.1.2/data_dictionary.xlsx,100644,blob,af34fc4c08a5b5c16510f8d46e8fd7980de9a957,46709,/home/sieg/projects-wsl/worktrees/p4-agent4,true,46709,af34fc4c08a5b5c16510f8d46e8fd7980de9a957,true,PASS
SBS_dataScience,P4-A4-NCS,origin/agent/p4-ncs-mapping-v2,7a9feccc7a2fc99b8b86b95bdb73699620bc7ff0,shared,DSJA/project_4/shared/contracts/P4_CONTRACT_v2.1.2/erd.mmd,100644,blob,8f4ab7bf8a33f290f311f64b967473b661cea2fd,14535,/home/sieg/projects-wsl/worktrees/p4-agent4,true,14535,8f4ab7bf8a33f290f311f64b967473b661cea2fd,true,PASS
SBS_dataScience,P4-A4-NCS,origin/agent/p4-ncs-mapping-v2,7a9feccc7a2fc99b8b86b95bdb73699620bc7ff0,shared,DSJA/project_4/shared/contracts/P4_CONTRACT_v2.1.2/metrics.yaml,100644,blob,e6eaf5b43ef0cae26c96a4485d5b3df7dcd5ace7,15018,/home/sieg/projects-wsl/worktrees/p4-agent4,true,15018,e6eaf5b43ef0cae26c96a4485d5b3df7dcd5ace7,true,PASS
SBS_dataScience,P4-A4-NCS,origin/agent/p4-ncs-mapping-v2,7a9feccc7a2fc99b8b86b95bdb73699620bc7ff0,shared,DSJA/project_4/shared/contracts/P4_CONTRACT_v2.1.2/p4_contract.schema.json,100644,blob,8a2767b3f4c600458c9b3859dfac514b3d6e32dc,3898,/home/sieg/projects-wsl/worktrees/p4-agent4,true,3898,8a2767b3f4c600458c9b3859dfac514b3d6e32dc,true,PASS
SBS_dataScience,P4-A4-NCS,origin/agent/p4-ncs-mapping-v2,7a9feccc7a2fc99b8b86b95bdb73699620bc7ff0,shared,DSJA/project_4/shared/contracts/P4_CONTRACT_v2.1.2/p4_contract.yaml,100644,blob,760673d7b66d1d13eced6468d4daa264ba078457,146543,/home/sieg/projects-wsl/worktrees/p4-agent4,true,146543,760673d7b66d1d13eced6468d4daa264ba078457,true,PASS
SBS_dataScience,P4-A4-NCS,origin/agent/p4-ncs-mapping-v2,7a9feccc7a2fc99b8b86b95bdb73699620bc7ff0,shared,DSJA/project_4/shared/contracts/P4_CONTRACT_v2.1.2/warehouse_duckdb.sql,100644,blob,8b58de213b78807995aae59a3d5392223a183462,101209,/home/sieg/projects-wsl/worktrees/p4-agent4,true,101209,8b58de213b78807995aae59a3d5392223a183462,true,PASS
SBS_dataScience,P4-A4-NCS,origin/agent/p4-ncs-mapping-v2,7a9feccc7a2fc99b8b86b95bdb73699620bc7ff0,shared,DSJA/project_4/shared/handoffs/AGENT3_TO_AGENT1_HANDOFF.json,100644,blob,52cd6917cb481967093e8a17e7446a5e4f6d317b,2724,/home/sieg/projects-wsl/worktrees/p4-agent4,true,2724,52cd6917cb481967093e8a17e7446a5e4f6d317b,true,PASS
SBS_dataScience,P4-A4-NCS,origin/agent/p4-ncs-mapping-v2,7a9feccc7a2fc99b8b86b95bdb73699620bc7ff0,shared,DSJA/project_4/shared/handoffs/AGENT3_TO_AGENT2_HANDOFF.json,100644,blob,51abfd3c93b72dbfbe774d5bc63ae9118011bb79,3671,/home/sieg/projects-wsl/worktrees/p4-agent4,true,3671,51abfd3c93b72dbfbe774d5bc63ae9118011bb79,true,PASS
SBS_dataScience,P4-A4-NCS,origin/agent/p4-ncs-mapping-v2,7a9feccc7a2fc99b8b86b95bdb73699620bc7ff0,shared,DSJA/project_4/shared/handoffs/AGENT4_DUTY_INPUT_REQUIREMENTS.json,100644,blob,b62f21562a97f348009bf1e0ee819431f53cb690,3124,/home/sieg/projects-wsl/worktrees/p4-agent4,true,3124,b62f21562a97f348009bf1e0ee819431f53cb690,true,PASS
SBS_dataScience,P4-A4-NCS,origin/agent/p4-ncs-mapping-v2,7a9feccc7a2fc99b8b86b95bdb73699620bc7ff0,shared,DSJA/project_4/shared/handoffs/AGENT4_TO_AGENT2_NCS_MAPPING_OBSERVED_DEV.json,100644,blob,89ab334207fd31e898b3ed43e3b761e87ac26026,3666,/home/sieg/projects-wsl/worktrees/p4-agent4,true,3666,89ab334207fd31e898b3ed43e3b761e87ac26026,true,PASS
SBS_P4_PROJECT4_DOCS,P4-A3-CONTROL,main,c65253f806dc95fa87c6c7dcc7d583a00de45e09,.github,.github/workflows/contract-check.yml,100644,blob,9e403b233cb4fdf06cc24b9106d515d886a74f45,1699,/home/sieg/projects-wsl/SBS_P4_PROJECT4_DOCS,true,1699,9e403b233cb4fdf06cc24b9106d515d886a74f45,true,PASS
SBS_P4_PROJECT4_DOCS,P4-A3-CONTROL,main,c65253f806dc95fa87c6c7dcc7d583a00de45e09,.gitignore,.gitignore,100644,blob,a5c7cd60deccdd788d8ec1138c065df295ad137a,151,/home/sieg/projects-wsl/SBS_P4_PROJECT4_DOCS,true,151,a5c7cd60deccdd788d8ec1138c065df295ad137a,true,PASS
SBS_P4_PROJECT4_DOCS,P4-A3-CONTROL,main,c65253f806dc95fa87c6c7dcc7d583a00de45e09,CHANGELOG.md,CHANGELOG.md,100644,blob,80a0e4d4b114aad49be854938b697325cfd8042f,1669,/home/sieg/projects-wsl/SBS_P4_PROJECT4_DOCS,true,1669,80a0e4d4b114aad49be854938b697325cfd8042f,true,PASS
SBS_P4_PROJECT4_DOCS,P4-A3-CONTROL,main,c65253f806dc95fa87c6c7dcc7d583a00de45e09,CODE_REPOSITORY_POINTER.md,CODE_REPOSITORY_POINTER.md,100644,blob,d4e8288946c127afb7ccc5ebb79304359a7e271e,722,/home/sieg/projects-wsl/SBS_P4_PROJECT4_DOCS,true,722,d4e8288946c127afb7ccc5ebb79304359a7e271e,true,PASS
SBS_P4_PROJECT4_DOCS,P4-A3-CONTROL,main,c65253f806dc95fa87c6c7dcc7d583a00de45e09,README.md,README.md,100644,blob,d34c61f77e053f11b8067781e00c4e7ecf46bc53,828,/home/sieg/projects-wsl/SBS_P4_PROJECT4_DOCS,true,828,d34c61f77e053f11b8067781e00c4e7ecf46bc53,true,PASS
SBS_P4_PROJECT4_DOCS,P4-A3-CONTROL,main,c65253f806dc95fa87c6c7dcc7d583a00de45e09,archive,archive/precanonical_v2/ARCHIVE_MANIFEST.csv,100644,blob,9def7e6faf7d44ce299ebbc40a7ae47e3d015adc,10423,/home/sieg/projects-wsl/SBS_P4_PROJECT4_DOCS,true,10423,9def7e6faf7d44ce299ebbc40a7ae47e3d015adc,true,PASS
SBS_P4_PROJECT4_DOCS,P4-A3-CONTROL,main,c65253f806dc95fa87c6c7dcc7d583a00de45e09,archive,archive/precanonical_v2/README.md,100644,blob,cac19605e0c8e78a9be6c2d81bcd8e8c2aae361d,415,/home/sieg/projects-wsl/SBS_P4_PROJECT4_DOCS,true,415,cac19605e0c8e78a9be6c2d81bcd8e8c2aae361d,true,PASS
SBS_P4_PROJECT4_DOCS,P4-A3-CONTROL,main,c65253f806dc95fa87c6c7dcc7d583a00de45e09,archive,archive/precanonical_v2/agent1_evidence_patch_20260806/README.md,100644,blob,df33256bc028c1fe5a1af7027e1e100ed57818ea,456,/home/sieg/projects-wsl/SBS_P4_PROJECT4_DOCS,true,456,df33256bc028c1fe5a1af7027e1e100ed57818ea,true,PASS
SBS_P4_PROJECT4_DOCS,P4-A3-CONTROL,main,c65253f806dc95fa87c6c7dcc7d583a00de45e09,archive,archive/precanonical_v2/agent1_evidence_patch_20260806/source_tree/P4_DOCS/SBS_P4_PROJECT4_v2_bootstrap/SBS_P4_PROJECT4_v2_bootstrap/docs/ssot/P4_DATASET_SPEC_v2.0.md,100644,blob,a9a72ef07d16880fd1594503605da61ff8a2991d,15494,/home/sieg/projects-wsl/SBS_P4_PROJECT4_DOCS,true,15494,a9a72ef07d16880fd1594503605da61ff8a2991d,true,PASS
SBS_P4_PROJECT4_DOCS,P4-A3-CONTROL,main,c65253f806dc95fa87c6c7dcc7d583a00de45e09,archive,archive/precanonical_v2/agent1_evidence_patch_20260806/source_tree/P4_DOCS/SBS_P4_PROJECT4_v2_bootstrap/SBS_P4_PROJECT4_v2_bootstrap/docs/ssot/P4_WAREHOUSE_DDL_v2.0.sql,100644,blob,648e4513ca5d33b43212a08e3ee30ebe28ece452,36992,/home/sieg/projects-wsl/SBS_P4_PROJECT4_DOCS,true,36992,648e4513ca5d33b43212a08e3ee30ebe28ece452,true,PASS
SBS_P4_PROJECT4_DOCS,P4-A3-CONTROL,main,c65253f806dc95fa87c6c7dcc7d583a00de45e09,archive,archive/precanonical_v2/agent1_evidence_patch_20260806/source_tree/crawl/P4_DATASET_SPEC_v2.0.md,100644,blob,a9a72ef07d16880fd1594503605da61ff8a2991d,15494,/home/sieg/projects-wsl/SBS_P4_PROJECT4_DOCS,true,15494,a9a72ef07d16880fd1594503605da61ff8a2991d,true,PASS
SBS_P4_PROJECT4_DOCS,P4-A3-CONTROL,main,c65253f806dc95fa87c6c7dcc7d583a00de45e09,archive,archive/precanonical_v2/agent1_evidence_patch_20260806/source_tree/crawl/P4_WAREHOUSE_DDL_v2.0.sql,100644,blob,648e4513ca5d33b43212a08e3ee30ebe28ece452,36992,/home/sieg/projects-wsl/SBS_P4_PROJECT4_DOCS,true,36992,648e4513ca5d33b43212a08e3ee30ebe28ece452,true,PASS
SBS_P4_PROJECT4_DOCS,P4-A3-CONTROL,main,c65253f806dc95fa87c6c7dcc7d583a00de45e09,archive,archive/precanonical_v2/source_tree/P4_DOCS/P4_ERD_v2.mmd,100644,blob,040a08b8e17348871535ea5f0dda900403ea9345,997,/home/sieg/projects-wsl/SBS_P4_PROJECT4_DOCS,true,997,040a08b8e17348871535ea5f0dda900403ea9345,true,PASS
SBS_P4_PROJECT4_DOCS,P4-A3-CONTROL,main,c65253f806dc95fa87c6c7dcc7d583a00de45e09,archive,archive/precanonical_v2/source_tree/P4_DOCS/P4_SSOT_v2_user_reviewed.md,100644,blob,c7fd6f827803e83c0372224af733be98f4e8d46b,27641,/home/sieg/projects-wsl/SBS_P4_PROJECT4_DOCS,true,27641,c7fd6f827803e83c0372224af733be98f4e8d46b,true,PASS
SBS_P4_PROJECT4_DOCS,P4-A3-CONTROL,main,c65253f806dc95fa87c6c7dcc7d583a00de45e09,archive,archive/precanonical_v2/source_tree/P4_DOCS/P4_USER_REVIEW_DECISIONS.md,100644,blob,2867f43344a7954ba55ffb07f53450eb7b5b1cf5,1381,/home/sieg/projects-wsl/SBS_P4_PROJECT4_DOCS,true,1381,2867f43344a7954ba55ffb07f53450eb7b5b1cf5,true,PASS
SBS_P4_PROJECT4_DOCS,P4-A3-CONTROL,main,c65253f806dc95fa87c6c7dcc7d583a00de45e09,archive,archive/precanonical_v2/source_tree/P4_DOCS/P4_data_dictionary_v2.xlsx,100644,blob,9f374a1415f2b687cf46bb871165d029373c1dd9,46879,/home/sieg/projects-wsl/SBS_P4_PROJECT4_DOCS,true,46879,9f374a1415f2b687cf46bb871165d029373c1dd9,true,PASS
SBS_P4_PROJECT4_DOCS,P4-A3-CONTROL,main,c65253f806dc95fa87c6c7dcc7d583a00de45e09,archive,archive/precanonical_v2/source_tree/P4_DOCS/P4_pipeline_master_v2.ipynb,100644,blob,83a0f480791efe1d6a26669572540c374fd633ed,17437,/home/sieg/projects-wsl/SBS_P4_PROJECT4_DOCS,true,17437,83a0f480791efe1d6a26669572540c374fd633ed,true,PASS
SBS_P4_PROJECT4_DOCS,P4-A3-CONTROL,main,c65253f806dc95fa87c6c7dcc7d583a00de45e09,archive,archive/precanonical_v2/source_tree/P4_DOCS/SBS_P4_PROJECT4_v2_bootstrap/SBS_P4_PROJECT4_v2_bootstrap/docs/architecture/BRANCH_WORKFLOW.md,100644,blob,a12d61a63e835904010f7c4753845de03523c8a1,1279,/home/sieg/projects-wsl/SBS_P4_PROJECT4_DOCS,true,1279,a12d61a63e835904010f7c4753845de03523c8a1,true,PASS
SBS_P4_PROJECT4_DOCS,P4-A3-CONTROL,main,c65253f806dc95fa87c6c7dcc7d583a00de45e09,archive,archive/precanonical_v2/source_tree/P4_DOCS/SBS_P4_PROJECT4_v2_bootstrap/SBS_P4_PROJECT4_v2_bootstrap/docs/architecture/DATA_LINEAGE.md,100644,blob,027fed952d5fb032cb294f15e6308dfb7f84cc09,91,/home/sieg/projects-wsl/SBS_P4_PROJECT4_DOCS,true,91,027fed952d5fb032cb294f15e6308dfb7f84cc09,true,PASS
SBS_P4_PROJECT4_DOCS,P4-A3-CONTROL,main,c65253f806dc95fa87c6c7dcc7d583a00de45e09,archive,archive/precanonical_v2/source_tree/P4_DOCS/SBS_P4_PROJECT4_v2_bootstrap/SBS_P4_PROJECT4_v2_bootstrap/docs/architecture/ERD.mmd,100644,blob,040a08b8e17348871535ea5f0dda900403ea9345,997,/home/sieg/projects-wsl/SBS_P4_PROJECT4_DOCS,true,997,040a08b8e17348871535ea5f0dda900403ea9345,true,PASS
SBS_P4_PROJECT4_DOCS,P4-A3-CONTROL,main,c65253f806dc95fa87c6c7dcc7d583a00de45e09,archive,archive/precanonical_v2/source_tree/P4_DOCS/SBS_P4_PROJECT4_v2_bootstrap/SBS_P4_PROJECT4_v2_bootstrap/docs/audit/robots_20260806.txt,100644,blob,69652ab67f540a9989f3c1fcda206289c81a03a7,1071,/home/sieg/projects-wsl/SBS_P4_PROJECT4_DOCS,true,1071,69652ab67f540a9989f3c1fcda206289c81a03a7,true,PASS
SBS_P4_PROJECT4_DOCS,P4-A3-CONTROL,main,c65253f806dc95fa87c6c7dcc7d583a00de45e09,archive,archive/precanonical_v2/source_tree/P4_DOCS/SBS_P4_PROJECT4_v2_bootstrap/SBS_P4_PROJECT4_v2_bootstrap/docs/ssot/DATA_DICTIONARY_v2.xlsx,100644,blob,9f374a1415f2b687cf46bb871165d029373c1dd9,46879,/home/sieg/projects-wsl/SBS_P4_PROJECT4_DOCS,true,46879,9f374a1415f2b687cf46bb871165d029373c1dd9,true,PASS
SBS_P4_PROJECT4_DOCS,P4-A3-CONTROL,main,c65253f806dc95fa87c6c7dcc7d583a00de45e09,archive,archive/precanonical_v2/source_tree/P4_DOCS/SBS_P4_PROJECT4_v2_bootstrap/SBS_P4_PROJECT4_v2_bootstrap/docs/ssot/P4_PROJECT_SSOT_v2.md,100644,blob,c7fd6f827803e83c0372224af733be98f4e8d46b,27641,/home/sieg/projects-wsl/SBS_P4_PROJECT4_DOCS,true,27641,c7fd6f827803e83c0372224af733be98f4e8d46b,true,PASS
SBS_P4_PROJECT4_DOCS,P4-A3-CONTROL,main,c65253f806dc95fa87c6c7dcc7d583a00de45e09,archive,archive/precanonical_v2/source_tree/P4_DOCS/SBS_P4_PROJECT4_v2_bootstrap/SBS_P4_PROJECT4_v2_bootstrap/docs/ssot/USER_REVIEW_DECISIONS.md,100644,blob,2867f43344a7954ba55ffb07f53450eb7b5b1cf5,1381,/home/sieg/projects-wsl/SBS_P4_PROJECT4_DOCS,true,1381,2867f43344a7954ba55ffb07f53450eb7b5b1cf5,true,PASS
SBS_P4_PROJECT4_DOCS,P4-A3-CONTROL,main,c65253f806dc95fa87c6c7dcc7d583a00de45e09,archive,archive/precanonical_v2/source_tree/P4_DOCS/SBS_P4_PROJECT4_v2_bootstrap/SBS_P4_PROJECT4_v2_bootstrap/notebooks/P4_pipeline_master_v2.ipynb,100644,blob,83a0f480791efe1d6a26669572540c374fd633ed,17437,/home/sieg/projects-wsl/SBS_P4_PROJECT4_DOCS,true,17437,83a0f480791efe1d6a26669572540c374fd633ed,true,PASS
SBS_P4_PROJECT4_DOCS,P4-A3-CONTROL,main,c65253f806dc95fa87c6c7dcc7d583a00de45e09,archive,archive/precanonical_v2/source_tree/P4_DOCS/SBS_P4_PROJECT4_v2_bootstrap/SBS_P4_PROJECT4_v2_bootstrap/schemas/linkareer_calendar_activities.json,100644,blob,4541e27563dc2b3ad6d9414a775e8fa44e3abc3e,3024,/home/sieg/projects-wsl/SBS_P4_PROJECT4_DOCS,true,3024,4541e27563dc2b3ad6d9414a775e8fa44e3abc3e,true,PASS
SBS_P4_PROJECT4_DOCS,P4-A3-CONTROL,main,c65253f806dc95fa87c6c7dcc7d583a00de45e09,archive,archive/precanonical_v2/source_tree/crawl/.md,100644,blob,c7fd6f827803e83c0372224af733be98f4e8d46b,27641,/home/sieg/projects-wsl/SBS_P4_PROJECT4_DOCS,true,27641,c7fd6f827803e83c0372224af733be98f4e8d46b,true,PASS
SBS_P4_PROJECT4_DOCS,P4-A3-CONTROL,main,c65253f806dc95fa87c6c7dcc7d583a00de45e09,archive,archive/precanonical_v2/source_tree/crawl/P4_CLAUDE_CODE_PROMPT_PACK_v2.0.md,100644,blob,c547a914a555a8a21d88e2ba3047141d167b5e12,25214,/home/sieg/projects-wsl/SBS_P4_PROJECT4_DOCS,true,25214,c547a914a555a8a21d88e2ba3047141d167b5e12,true,PASS
SBS_P4_PROJECT4_DOCS,P4-A3-CONTROL,main,c65253f806dc95fa87c6c7dcc7d583a00de45e09,archive,archive/precanonical_v2/source_tree/crawl/P4_DATASET_SPEC_v2.0.md,100644,blob,126d425e58774f740d7f997be1e15feb59ef8dbb,12594,/home/sieg/projects-wsl/SBS_P4_PROJECT4_DOCS,true,12594,126d425e58774f740d7f997be1e15feb59ef8dbb,true,PASS
SBS_P4_PROJECT4_DOCS,P4-A3-CONTROL,main,c65253f806dc95fa87c6c7dcc7d583a00de45e09,archive,archive/precanonical_v2/source_tree/crawl/P4_USER_REVIEW_DECISIONS.md,100644,blob,2867f43344a7954ba55ffb07f53450eb7b5b1cf5,1381,/home/sieg/projects-wsl/SBS_P4_PROJECT4_DOCS,true,1381,2867f43344a7954ba55ffb07f53450eb7b5b1cf5,true,PASS
SBS_P4_PROJECT4_DOCS,P4-A3-CONTROL,main,c65253f806dc95fa87c6c7dcc7d583a00de45e09,archive,archive/precanonical_v2/source_tree/crawl/P4_WAREHOUSE_DDL_v2.0.sql,100644,blob,70a893b52cfecba37d7a686f659738b6b2397dd9,33716,/home/sieg/projects-wsl/SBS_P4_PROJECT4_DOCS,true,33716,70a893b52cfecba37d7a686f659738b6b2397dd9,true,PASS
SBS_P4_PROJECT4_DOCS,P4-A3-CONTROL,main,c65253f806dc95fa87c6c7dcc7d583a00de45e09,dist,dist/P4_CONTRACT_FIELDS_v2.1.csv,100644,blob,de151df6fb5617586f14121756c9a09a621f80e3,152097,/home/sieg/projects-wsl/SBS_P4_PROJECT4_DOCS,true,152097,de151df6fb5617586f14121756c9a09a621f80e3,true,PASS
SBS_P4_PROJECT4_DOCS,P4-A3-CONTROL,main,c65253f806dc95fa87c6c7dcc7d583a00de45e09,dist,dist/P4_DATA_DICTIONARY_v2.1.csv,100644,blob,de151df6fb5617586f14121756c9a09a621f80e3,152097,/home/sieg/projects-wsl/SBS_P4_PROJECT4_DOCS,true,152097,de151df6fb5617586f14121756c9a09a621f80e3,true,PASS
SBS_P4_PROJECT4_DOCS,P4-A3-CONTROL,main,c65253f806dc95fa87c6c7dcc7d583a00de45e09,dist,dist/P4_DATA_DICTIONARY_v2.1.xlsx,100644,blob,af34fc4c08a5b5c16510f8d46e8fd7980de9a957,46709,/home/sieg/projects-wsl/SBS_P4_PROJECT4_DOCS,true,46709,af34fc4c08a5b5c16510f8d46e8fd7980de9a957,true,PASS
SBS_P4_PROJECT4_DOCS,P4-A3-CONTROL,main,c65253f806dc95fa87c6c7dcc7d583a00de45e09,dist,dist/P4_ERD_v2.1.mmd,100644,blob,8f4ab7bf8a33f290f311f64b967473b661cea2fd,14535,/home/sieg/projects-wsl/SBS_P4_PROJECT4_DOCS,true,14535,8f4ab7bf8a33f290f311f64b967473b661cea2fd,true,PASS
SBS_P4_PROJECT4_DOCS,P4-A3-CONTROL,main,c65253f806dc95fa87c6c7dcc7d583a00de45e09,dist,dist/P4_WAREHOUSE_DDL_v2.1.sql,100644,blob,8b58de213b78807995aae59a3d5392223a183462,101209,/home/sieg/projects-wsl/SBS_P4_PROJECT4_DOCS,true,101209,8b58de213b78807995aae59a3d5392223a183462,true,PASS
SBS_P4_PROJECT4_DOCS,P4-A3-CONTROL,main,c65253f806dc95fa87c6c7dcc7d583a00de45e09,dist,dist/p4_contract_manifest.json,100644,blob,42f6e8e56fb620fc0ad95f6614b35985f85091b2,1580,/home/sieg/projects-wsl/SBS_P4_PROJECT4_DOCS,true,1580,42f6e8e56fb620fc0ad95f6614b35985f85091b2,true,PASS
SBS_P4_PROJECT4_DOCS,P4-A3-CONTROL,main,c65253f806dc95fa87c6c7dcc7d583a00de45e09,docs,docs/architecture/BRANCH_AND_RELEASE_WORKFLOW.md,100644,blob,98731ec01e65b54f3f0106af7fc1c8e32437ff93,855,/home/sieg/projects-wsl/SBS_P4_PROJECT4_DOCS,true,855,98731ec01e65b54f3f0106af7fc1c8e32437ff93,true,PASS
SBS_P4_PROJECT4_DOCS,P4-A3-CONTROL,main,c65253f806dc95fa87c6c7dcc7d583a00de45e09,docs,docs/architecture/DATA_LINEAGE.md,100644,blob,c4a61a50be70275b670c95c30267ec3be572a4a9,1043,/home/sieg/projects-wsl/SBS_P4_PROJECT4_DOCS,true,1043,c4a61a50be70275b670c95c30267ec3be572a4a9,true,PASS
SBS_P4_PROJECT4_DOCS,P4-A3-CONTROL,main,c65253f806dc95fa87c6c7dcc7d583a00de45e09,docs,docs/architecture/HANDOFF_CONTRACT.md,100644,blob,63f9d95c71e59ae5bbb618dc741d5a90e74eaf59,669,/home/sieg/projects-wsl/SBS_P4_PROJECT4_DOCS,true,669,63f9d95c71e59ae5bbb618dc741d5a90e74eaf59,true,PASS
SBS_P4_PROJECT4_DOCS,P4-A3-CONTROL,main,c65253f806dc95fa87c6c7dcc7d583a00de45e09,docs,docs/architecture/REPOSITORY_ARCHITECTURE.md,100644,blob,7a23532784a22e62e2aea5799c53ff11282406cf,709,/home/sieg/projects-wsl/SBS_P4_PROJECT4_DOCS,true,709,7a23532784a22e62e2aea5799c53ff11282406cf,true,PASS
SBS_P4_PROJECT4_DOCS,P4-A3-CONTROL,main,c65253f806dc95fa87c6c7dcc7d583a00de45e09,docs,docs/article/ORIGINAL_ARTICLE_PLAN_REFERENCE.md,100644,blob,f96a1d69aa69d6eb01290c2a18f7d7d3fe99205e,406,/home/sieg/projects-wsl/SBS_P4_PROJECT4_DOCS,true,406,f96a1d69aa69d6eb01290c2a18f7d7d3fe99205e,true,PASS
SBS_P4_PROJECT4_DOCS,P4-A3-CONTROL,main,c65253f806dc95fa87c6c7dcc7d583a00de45e09,docs,docs/audit/LINKAREER_SOURCE_ARCHITECTURE_20260806.md,100644,blob,b4bfda7ad5e06cbbf1e0ad5920b64d4a35c3cfb6,4950,/home/sieg/projects-wsl/SBS_P4_PROJECT4_DOCS,true,4950,b4bfda7ad5e06cbbf1e0ad5920b64d4a35c3cfb6,true,PASS
SBS_P4_PROJECT4_DOCS,P4-A3-CONTROL,main,c65253f806dc95fa87c6c7dcc7d583a00de45e09,docs,docs/ssot/DECISION_LOG.md,100644,blob,4399dce7891ceb8425f889247232a8b49b5e7637,3855,/home/sieg/projects-wsl/SBS_P4_PROJECT4_DOCS,true,3855,4399dce7891ceb8425f889247232a8b49b5e7637,true,PASS
SBS_P4_PROJECT4_DOCS,P4-A3-CONTROL,main,c65253f806dc95fa87c6c7dcc7d583a00de45e09,docs,docs/ssot/METRIC_REGISTRY.md,100644,blob,85d4a570e16fe6bddfc97087f925943502df2ebe,14488,/home/sieg/projects-wsl/SBS_P4_PROJECT4_DOCS,true,14488,85d4a570e16fe6bddfc97087f925943502df2ebe,true,PASS
SBS_P4_PROJECT4_DOCS,P4-A3-CONTROL,main,c65253f806dc95fa87c6c7dcc7d583a00de45e09,docs,docs/ssot/P4_DATASET_SPEC_v2.1.md,100644,blob,ff3884b5cc549e2acdc57cfe62c8344c44aa1a9a,4905,/home/sieg/projects-wsl/SBS_P4_PROJECT4_DOCS,true,4905,ff3884b5cc549e2acdc57cfe62c8344c44aa1a9a,true,PASS
SBS_P4_PROJECT4_DOCS,P4-A3-CONTROL,main,c65253f806dc95fa87c6c7dcc7d583a00de45e09,docs,docs/ssot/P4_PROJECT_SSOT_v2.1.md,100644,blob,7200daab4eb7772a8fc3ed413e1dcd4191db1d6f,7850,/home/sieg/projects-wsl/SBS_P4_PROJECT4_DOCS,true,7850,7200daab4eb7772a8fc3ed413e1dcd4191db1d6f,true,PASS
SBS_P4_PROJECT4_DOCS,P4-A3-CONTROL,main,c65253f806dc95fa87c6c7dcc7d583a00de45e09,docs,docs/ssot/QUALITY_GATES.md,100644,blob,29efbf97117d11928413090bcb622598da519807,1994,/home/sieg/projects-wsl/SBS_P4_PROJECT4_DOCS,true,1994,29efbf97117d11928413090bcb622598da519807,true,PASS
SBS_P4_PROJECT4_DOCS,P4-A3-CONTROL,main,c65253f806dc95fa87c6c7dcc7d583a00de45e09,docs,docs/ssot/SOURCE_POLICY_GATE.md,100644,blob,d4451e4a39bed931a832f1df44029a89aa79f115,2349,/home/sieg/projects-wsl/SBS_P4_PROJECT4_DOCS,true,2349,d4451e4a39bed931a832f1df44029a89aa79f115,true,PASS
SBS_P4_PROJECT4_DOCS,P4-A3-CONTROL,main,c65253f806dc95fa87c6c7dcc7d583a00de45e09,docs,docs/ssot/USER_REVIEW_DECISIONS.md,100644,blob,fa1c25e10390870ce24b064dcb67e1ca57f58916,2833,/home/sieg/projects-wsl/SBS_P4_PROJECT4_DOCS,true,2833,fa1c25e10390870ce24b064dcb67e1ca57f58916,true,PASS
SBS_P4_PROJECT4_DOCS,P4-A3-CONTROL,main,c65253f806dc95fa87c6c7dcc7d583a00de45e09,releases,releases/contracts/P4_CONTRACT_v2.1.1/AGENT3_TO_AGENT2_HANDOFF.json,100644,blob,257edd123a2f6cabe1c9db1079d547b5f85c2192,1969,/home/sieg/projects-wsl/SBS_P4_PROJECT4_DOCS,true,1969,257edd123a2f6cabe1c9db1079d547b5f85c2192,true,PASS
SBS_P4_PROJECT4_DOCS,P4-A3-CONTROL,main,c65253f806dc95fa87c6c7dcc7d583a00de45e09,releases,releases/contracts/P4_CONTRACT_v2.1.1/CHECKSUMS.sha256,100644,blob,a3978f9b8cb16c341d5f8d694cd2e2a0a2a3bdfd,758,/home/sieg/projects-wsl/SBS_P4_PROJECT4_DOCS,true,758,a3978f9b8cb16c341d5f8d694cd2e2a0a2a3bdfd,true,PASS
SBS_P4_PROJECT4_DOCS,P4-A3-CONTROL,main,c65253f806dc95fa87c6c7dcc7d583a00de45e09,releases,releases/contracts/P4_CONTRACT_v2.1.1/CONTRACT_MANIFEST.json,100644,blob,9ed034db4f00957fdee1050a585ef7d4ba28e4bf,1554,/home/sieg/projects-wsl/SBS_P4_PROJECT4_DOCS,true,1554,9ed034db4f00957fdee1050a585ef7d4ba28e4bf,true,PASS
SBS_P4_PROJECT4_DOCS,P4-A3-CONTROL,main,c65253f806dc95fa87c6c7dcc7d583a00de45e09,releases,releases/contracts/P4_CONTRACT_v2.1.1/QUALITY_GATES.md,100644,blob,c47b85421ac6755d9189332a3af8786f25ec2b71,1534,/home/sieg/projects-wsl/SBS_P4_PROJECT4_DOCS,true,1534,c47b85421ac6755d9189332a3af8786f25ec2b71,true,PASS
SBS_P4_PROJECT4_DOCS,P4-A3-CONTROL,main,c65253f806dc95fa87c6c7dcc7d583a00de45e09,releases,releases/contracts/P4_CONTRACT_v2.1.1/data_dictionary.csv,100644,blob,a44af1bedd349d50b8ec2b091f5299e0824a8ac3,82922,/home/sieg/projects-wsl/SBS_P4_PROJECT4_DOCS,true,82922,a44af1bedd349d50b8ec2b091f5299e0824a8ac3,true,PASS
SBS_P4_PROJECT4_DOCS,P4-A3-CONTROL,main,c65253f806dc95fa87c6c7dcc7d583a00de45e09,releases,releases/contracts/P4_CONTRACT_v2.1.1/data_dictionary.xlsx,100644,blob,e50027e89d23e416dfaa91c58ccca6618267e93d,39674,/home/sieg/projects-wsl/SBS_P4_PROJECT4_DOCS,true,39674,e50027e89d23e416dfaa91c58ccca6618267e93d,true,PASS
SBS_P4_PROJECT4_DOCS,P4-A3-CONTROL,main,c65253f806dc95fa87c6c7dcc7d583a00de45e09,releases,releases/contracts/P4_CONTRACT_v2.1.1/erd.mmd,100644,blob,a45d95399c65eb9ced2cf64764fac28ddd110b26,13784,/home/sieg/projects-wsl/SBS_P4_PROJECT4_DOCS,true,13784,a45d95399c65eb9ced2cf64764fac28ddd110b26,true,PASS
SBS_P4_PROJECT4_DOCS,P4-A3-CONTROL,main,c65253f806dc95fa87c6c7dcc7d583a00de45e09,releases,releases/contracts/P4_CONTRACT_v2.1.1/metrics.yaml,100644,blob,187b263b1b9ad143c5244fc740a79b55f531b7dc,10487,/home/sieg/projects-wsl/SBS_P4_PROJECT4_DOCS,true,10487,187b263b1b9ad143c5244fc740a79b55f531b7dc,true,PASS
SBS_P4_PROJECT4_DOCS,P4-A3-CONTROL,main,c65253f806dc95fa87c6c7dcc7d583a00de45e09,releases,releases/contracts/P4_CONTRACT_v2.1.1/p4_contract.schema.json,100644,blob,f164660cf46d88034109336ba77ad113896bf994,3709,/home/sieg/projects-wsl/SBS_P4_PROJECT4_DOCS,true,3709,f164660cf46d88034109336ba77ad113896bf994,true,PASS
SBS_P4_PROJECT4_DOCS,P4-A3-CONTROL,main,c65253f806dc95fa87c6c7dcc7d583a00de45e09,releases,releases/contracts/P4_CONTRACT_v2.1.1/p4_contract.yaml,100644,blob,c076927f6009d13b3f52e59f05ddb046a88591c7,43780,/home/sieg/projects-wsl/SBS_P4_PROJECT4_DOCS,true,43780,c076927f6009d13b3f52e59f05ddb046a88591c7,true,PASS
SBS_P4_PROJECT4_DOCS,P4-A3-CONTROL,main,c65253f806dc95fa87c6c7dcc7d583a00de45e09,releases,releases/contracts/P4_CONTRACT_v2.1.1/warehouse_duckdb.sql,100644,blob,cd87a6546ea9734839f5a9505aadb9654a3a7d6a,92267,/home/sieg/projects-wsl/SBS_P4_PROJECT4_DOCS,true,92267,cd87a6546ea9734839f5a9505aadb9654a3a7d6a,true,PASS
SBS_P4_PROJECT4_DOCS,P4-A3-CONTROL,main,c65253f806dc95fa87c6c7dcc7d583a00de45e09,releases,releases/contracts/P4_CONTRACT_v2.1.2/AGENT3_TO_AGENT1_HANDOFF.json,100644,blob,52cd6917cb481967093e8a17e7446a5e4f6d317b,2724,/home/sieg/projects-wsl/SBS_P4_PROJECT4_DOCS,true,2724,52cd6917cb481967093e8a17e7446a5e4f6d317b,true,PASS
SBS_P4_PROJECT4_DOCS,P4-A3-CONTROL,main,c65253f806dc95fa87c6c7dcc7d583a00de45e09,releases,releases/contracts/P4_CONTRACT_v2.1.2/AGENT3_TO_AGENT2_HANDOFF.json,100644,blob,51abfd3c93b72dbfbe774d5bc63ae9118011bb79,3671,/home/sieg/projects-wsl/SBS_P4_PROJECT4_DOCS,true,3671,51abfd3c93b72dbfbe774d5bc63ae9118011bb79,true,PASS
SBS_P4_PROJECT4_DOCS,P4-A3-CONTROL,main,c65253f806dc95fa87c6c7dcc7d583a00de45e09,releases,releases/contracts/P4_CONTRACT_v2.1.2/CHECKSUMS.sha256,100644,blob,2a0a4135e043a2e57a2808bd012039b3c8b23e60,951,/home/sieg/projects-wsl/SBS_P4_PROJECT4_DOCS,true,951,2a0a4135e043a2e57a2808bd012039b3c8b23e60,true,PASS
SBS_P4_PROJECT4_DOCS,P4-A3-CONTROL,main,c65253f806dc95fa87c6c7dcc7d583a00de45e09,releases,releases/contracts/P4_CONTRACT_v2.1.2/CONTRACT_MANIFEST.json,100644,blob,88d362a7b81d56ef623e6f2b0f3105bf29986819,2815,/home/sieg/projects-wsl/SBS_P4_PROJECT4_DOCS,true,2815,88d362a7b81d56ef623e6f2b0f3105bf29986819,true,PASS
SBS_P4_PROJECT4_DOCS,P4-A3-CONTROL,main,c65253f806dc95fa87c6c7dcc7d583a00de45e09,releases,releases/contracts/P4_CONTRACT_v2.1.2/QUALITY_GATES.md,100644,blob,29efbf97117d11928413090bcb622598da519807,1994,/home/sieg/projects-wsl/SBS_P4_PROJECT4_DOCS,true,1994,29efbf97117d11928413090bcb622598da519807,true,PASS
SBS_P4_PROJECT4_DOCS,P4-A3-CONTROL,main,c65253f806dc95fa87c6c7dcc7d583a00de45e09,releases,releases/contracts/P4_CONTRACT_v2.1.2/SOURCE_POLICY_GATE.md,100644,blob,21a1b9286290c4c87f577a43630b0ea60d10749b,1801,/home/sieg/projects-wsl/SBS_P4_PROJECT4_DOCS,true,1801,21a1b9286290c4c87f577a43630b0ea60d10749b,true,PASS
SBS_P4_PROJECT4_DOCS,P4-A3-CONTROL,main,c65253f806dc95fa87c6c7dcc7d583a00de45e09,releases,releases/contracts/P4_CONTRACT_v2.1.2/data_dictionary.csv,100644,blob,de151df6fb5617586f14121756c9a09a621f80e3,152097,/home/sieg/projects-wsl/SBS_P4_PROJECT4_DOCS,true,152097,de151df6fb5617586f14121756c9a09a621f80e3,true,PASS
SBS_P4_PROJECT4_DOCS,P4-A3-CONTROL,main,c65253f806dc95fa87c6c7dcc7d583a00de45e09,releases,releases/contracts/P4_CONTRACT_v2.1.2/data_dictionary.xlsx,100644,blob,af34fc4c08a5b5c16510f8d46e8fd7980de9a957,46709,/home/sieg/projects-wsl/SBS_P4_PROJECT4_DOCS,true,46709,af34fc4c08a5b5c16510f8d46e8fd7980de9a957,true,PASS
SBS_P4_PROJECT4_DOCS,P4-A3-CONTROL,main,c65253f806dc95fa87c6c7dcc7d583a00de45e09,releases,releases/contracts/P4_CONTRACT_v2.1.2/erd.mmd,100644,blob,8f4ab7bf8a33f290f311f64b967473b661cea2fd,14535,/home/sieg/projects-wsl/SBS_P4_PROJECT4_DOCS,true,14535,8f4ab7bf8a33f290f311f64b967473b661cea2fd,true,PASS
SBS_P4_PROJECT4_DOCS,P4-A3-CONTROL,main,c65253f806dc95fa87c6c7dcc7d583a00de45e09,releases,releases/contracts/P4_CONTRACT_v2.1.2/metrics.yaml,100644,blob,e6eaf5b43ef0cae26c96a4485d5b3df7dcd5ace7,15018,/home/sieg/projects-wsl/SBS_P4_PROJECT4_DOCS,true,15018,e6eaf5b43ef0cae26c96a4485d5b3df7dcd5ace7,true,PASS
SBS_P4_PROJECT4_DOCS,P4-A3-CONTROL,main,c65253f806dc95fa87c6c7dcc7d583a00de45e09,releases,releases/contracts/P4_CONTRACT_v2.1.2/p4_contract.schema.json,100644,blob,8a2767b3f4c600458c9b3859dfac514b3d6e32dc,3898,/home/sieg/projects-wsl/SBS_P4_PROJECT4_DOCS,true,3898,8a2767b3f4c600458c9b3859dfac514b3d6e32dc,true,PASS
SBS_P4_PROJECT4_DOCS,P4-A3-CONTROL,main,c65253f806dc95fa87c6c7dcc7d583a00de45e09,releases,releases/contracts/P4_CONTRACT_v2.1.2/p4_contract.yaml,100644,blob,760673d7b66d1d13eced6468d4daa264ba078457,146543,/home/sieg/projects-wsl/SBS_P4_PROJECT4_DOCS,true,146543,760673d7b66d1d13eced6468d4daa264ba078457,true,PASS
SBS_P4_PROJECT4_DOCS,P4-A3-CONTROL,main,c65253f806dc95fa87c6c7dcc7d583a00de45e09,releases,releases/contracts/P4_CONTRACT_v2.1.2/warehouse_duckdb.sql,100644,blob,8b58de213b78807995aae59a3d5392223a183462,101209,/home/sieg/projects-wsl/SBS_P4_PROJECT4_DOCS,true,101209,8b58de213b78807995aae59a3d5392223a183462,true,PASS
SBS_P4_PROJECT4_DOCS,P4-A3-CONTROL,main,c65253f806dc95fa87c6c7dcc7d583a00de45e09,reports,reports/AGENT3_CONTROL_PLANE_REPORT.json,100644,blob,dc7835db95d99bd2b66395bea7a52869370910d8,2007,/home/sieg/projects-wsl/SBS_P4_PROJECT4_DOCS,true,2007,dc7835db95d99bd2b66395bea7a52869370910d8,true,PASS
SBS_P4_PROJECT4_DOCS,P4-A3-CONTROL,main,c65253f806dc95fa87c6c7dcc7d583a00de45e09,reports,reports/AGENT3_CONTROL_PLANE_REPORT.md,100644,blob,76484c3a6b419019eb956dca25efef34347a5810,3879,/home/sieg/projects-wsl/SBS_P4_PROJECT4_DOCS,true,3879,76484c3a6b419019eb956dca25efef34347a5810,true,PASS
SBS_P4_PROJECT4_DOCS,P4-A3-CONTROL,main,c65253f806dc95fa87c6c7dcc7d583a00de45e09,schema,schema/enums.yaml,100644,blob,d0c3f2e490a163d7c0acd818b81a1f8800b06c2f,3245,/home/sieg/projects-wsl/SBS_P4_PROJECT4_DOCS,true,3245,d0c3f2e490a163d7c0acd818b81a1f8800b06c2f,true,PASS
SBS_P4_PROJECT4_DOCS,P4-A3-CONTROL,main,c65253f806dc95fa87c6c7dcc7d583a00de45e09,schema,schema/metrics.yaml,100644,blob,e6eaf5b43ef0cae26c96a4485d5b3df7dcd5ace7,15018,/home/sieg/projects-wsl/SBS_P4_PROJECT4_DOCS,true,15018,e6eaf5b43ef0cae26c96a4485d5b3df7dcd5ace7,true,PASS
SBS_P4_PROJECT4_DOCS,P4-A3-CONTROL,main,c65253f806dc95fa87c6c7dcc7d583a00de45e09,schema,schema/p4_contract.schema.json,100644,blob,8a2767b3f4c600458c9b3859dfac514b3d6e32dc,3898,/home/sieg/projects-wsl/SBS_P4_PROJECT4_DOCS,true,3898,8a2767b3f4c600458c9b3859dfac514b3d6e32dc,true,PASS
SBS_P4_PROJECT4_DOCS,P4-A3-CONTROL,main,c65253f806dc95fa87c6c7dcc7d583a00de45e09,schema,schema/p4_contract.yaml,100644,blob,760673d7b66d1d13eced6468d4daa264ba078457,146543,/home/sieg/projects-wsl/SBS_P4_PROJECT4_DOCS,true,146543,760673d7b66d1d13eced6468d4daa264ba078457,true,PASS
SBS_P4_PROJECT4_DOCS,P4-A3-CONTROL,main,c65253f806dc95fa87c6c7dcc7d583a00de45e09,tools,tools/audit_docs.py,100644,blob,26a6a6db46a9f02863e6a1cb917426c0490ccd50,8488,/home/sieg/projects-wsl/SBS_P4_PROJECT4_DOCS,true,8488,26a6a6db46a9f02863e6a1cb917426c0490ccd50,true,PASS
SBS_P4_PROJECT4_DOCS,P4-A3-CONTROL,main,c65253f806dc95fa87c6c7dcc7d583a00de45e09,tools,tools/build_archive.py,100644,blob,2684d5c7b6de103677a695e1a584b09ebc310888,3393,/home/sieg/projects-wsl/SBS_P4_PROJECT4_DOCS,true,3393,2684d5c7b6de103677a695e1a584b09ebc310888,true,PASS
SBS_P4_PROJECT4_DOCS,P4-A3-CONTROL,main,c65253f806dc95fa87c6c7dcc7d583a00de45e09,tools,tools/compare_xlsx_semantics.py,100644,blob,6b80929e60642dce1220687d88320f7993879faf,847,/home/sieg/projects-wsl/SBS_P4_PROJECT4_DOCS,true,847,6b80929e60642dce1220687d88320f7993879faf,true,PASS
SBS_P4_PROJECT4_DOCS,P4-A3-CONTROL,main,c65253f806dc95fa87c6c7dcc7d583a00de45e09,tools,tools/generate_contract_artifacts.py,100644,blob,e9106e65dc226ee8888f1d10e9d16d89f8dd6b43,33298,/home/sieg/projects-wsl/SBS_P4_PROJECT4_DOCS,true,33298,e9106e65dc226ee8888f1d10e9d16d89f8dd6b43,true,PASS
SBS_P4_PROJECT4_DOCS,P4-A3-CONTROL,main,c65253f806dc95fa87c6c7dcc7d583a00de45e09,tools,tools/validate_contract.py,100644,blob,d67b0373fa9cf638ba23bfd416d2b2b8d173cabd,10030,/home/sieg/projects-wsl/SBS_P4_PROJECT4_DOCS,true,10030,d67b0373fa9cf638ba23bfd416d2b2b8d173cabd,true,PASS
