tableName,tableDescription,columnOrder,columnName,type,nullable,description,enum,primaryKey,unique,default,check,source,derivation,qualityRule,contractVersion,sourceContractSha256
raw.queryRegistry,Versioned registry of verified Linkareer APQ and SSR query architecture,1,operationName,VARCHAR,False,GraphQL operation name,,True,False,,,Agent 1 APQ/SSR discovery evidence,direct extraction or normalized source metadata; no analytical inference,non-null and unique within primary key of raw.queryRegistry,2.1.2,f92380cdfc16967f1e363800cd9a575e44532f18a86b2f28f8c3e2404ed675e9
raw.queryRegistry,Versioned registry of verified Linkareer APQ and SSR query architecture,2,sha256Hash,VARCHAR,False,Apollo persisted-query SHA-256,,True,False,,length(sha256Hash) = 64,Agent 1 APQ/SSR discovery evidence,direct extraction or normalized source metadata; no analytical inference,non-null and unique within primary key of raw.queryRegistry; must satisfy length(sha256Hash) = 64,2.1.2,f92380cdfc16967f1e363800cd9a575e44532f18a86b2f28f8c3e2404ed675e9
raw.queryRegistry,Versioned registry of verified Linkareer APQ and SSR query architecture,3,transportType,VARCHAR,False,APQ SSR or Apollo transport,graphqlApq|nextDataSsr|apolloCache|html,False,False,,,Agent 1 APQ/SSR discovery evidence,direct extraction or normalized source metadata; no analytical inference,must be non-null; must belong to enum transportType,2.1.2,f92380cdfc16967f1e363800cd9a575e44532f18a86b2f28f8c3e2404ed675e9
raw.queryRegistry,Versioned registry of verified Linkareer APQ and SSR query architecture,4,httpMethod,VARCHAR,False,HTTP method,GET|POST,False,False,,,Agent 1 APQ/SSR discovery evidence,direct extraction or normalized source metadata; no analytical inference,must be non-null; must belong to enum httpMethod,2.1.2,f92380cdfc16967f1e363800cd9a575e44532f18a86b2f28f8c3e2404ed675e9
raw.queryRegistry,Versioned registry of verified Linkareer APQ and SSR query architecture,5,variablesSchemaJson,JSON,True,JSON schema for operation variables,,False,False,,,Agent 1 APQ/SSR discovery evidence,direct extraction or normalized source metadata; no analytical inference,nullable value must preserve source missingness; no sentinel substitution,2.1.2,f92380cdfc16967f1e363800cd9a575e44532f18a86b2f28f8c3e2404ed675e9
raw.queryRegistry,Versioned registry of verified Linkareer APQ and SSR query architecture,6,responseSchemaJson,JSON,True,JSON schema for response payload,,False,False,,,Agent 1 APQ/SSR discovery evidence,direct extraction or normalized source metadata; no analytical inference,nullable value must preserve source missingness; no sentinel substitution,2.1.2,f92380cdfc16967f1e363800cd9a575e44532f18a86b2f28f8c3e2404ed675e9
raw.queryRegistry,Versioned registry of verified Linkareer APQ and SSR query architecture,7,frontendBuildId,VARCHAR,True,Next.js frontend build identifier,,False,False,,,Agent 1 APQ/SSR discovery evidence,direct extraction or normalized source metadata; no analytical inference,nullable value must preserve source missingness; no sentinel substitution,2.1.2,f92380cdfc16967f1e363800cd9a575e44532f18a86b2f28f8c3e2404ed675e9
raw.queryRegistry,Versioned registry of verified Linkareer APQ and SSR query architecture,8,discoveredAt,TIMESTAMPTZ,False,Initial discovery timestamp,,False,False,,,Agent 1 APQ/SSR discovery evidence,direct extraction or normalized source metadata; no analytical inference,must be non-null,2.1.2,f92380cdfc16967f1e363800cd9a575e44532f18a86b2f28f8c3e2404ed675e9
raw.queryRegistry,Versioned registry of verified Linkareer APQ and SSR query architecture,9,lastVerifiedAt,TIMESTAMPTZ,False,Most recent verification timestamp,,False,False,,,Agent 1 APQ/SSR discovery evidence,direct extraction or normalized source metadata; no analytical inference,must be non-null,2.1.2,f92380cdfc16967f1e363800cd9a575e44532f18a86b2f28f8c3e2404ed675e9
raw.queryRegistry,Versioned registry of verified Linkareer APQ and SSR query architecture,10,activeFlag,BOOLEAN,False,Operation remains active,,False,False,,,Agent 1 APQ/SSR discovery evidence,direct extraction or normalized source metadata; no analytical inference,must be non-null,2.1.2,f92380cdfc16967f1e363800cd9a575e44532f18a86b2f28f8c3e2404ed675e9
raw.queryRegistry,Versioned registry of verified Linkareer APQ and SSR query architecture,11,verificationStatus,VARCHAR,False,Verification status,verified|stale|failed|pending,False,False,,,Agent 1 APQ/SSR discovery evidence,direct extraction or normalized source metadata; no analytical inference,must be non-null; must belong to enum verificationStatus,2.1.2,f92380cdfc16967f1e363800cd9a575e44532f18a86b2f28f8c3e2404ed675e9
raw.sourceRegistry,Source authorization and coverage registry,1,sourceName,VARCHAR,False,Stable source name,linkareer|ncs,True,False,,,source authorization registry,direct extraction or normalized source metadata; no analytical inference,non-null and unique within primary key of raw.sourceRegistry; must belong to the inline enum,2.1.2,f92380cdfc16967f1e363800cd9a575e44532f18a86b2f28f8c3e2404ed675e9
raw.sourceRegistry,Source authorization and coverage registry,2,sourceType,VARCHAR,False,Access medium,web|api|fileDownload,False,False,,,source authorization registry,direct extraction or normalized source metadata; no analytical inference,must be non-null; must belong to enum sourceType,2.1.2,f92380cdfc16967f1e363800cd9a575e44532f18a86b2f28f8c3e2404ed675e9
raw.sourceRegistry,Source authorization and coverage registry,3,sourceRole,VARCHAR,False,Analytical source role,posting|competency,False,False,,,source authorization registry,direct extraction or normalized source metadata; no analytical inference,must be non-null; must belong to enum sourceRole,2.1.2,f92380cdfc16967f1e363800cd9a575e44532f18a86b2f28f8c3e2404ed675e9
raw.sourceRegistry,Source authorization and coverage registry,4,baseUrl,VARCHAR,False,Canonical source base URL,,False,False,,,source authorization registry,direct extraction or normalized source metadata; no analytical inference,must be non-null,2.1.2,f92380cdfc16967f1e363800cd9a575e44532f18a86b2f28f8c3e2404ed675e9
raw.sourceRegistry,Source authorization and coverage registry,5,termsStatus,VARCHAR,False,Terms review status,reviewedConditional|permissionGranted|permitted|restricted|unverified,False,False,'unverified',,source authorization registry,direct extraction or normalized source metadata; no analytical inference,must be non-null; must belong to enum termsStatus,2.1.2,f92380cdfc16967f1e363800cd9a575e44532f18a86b2f28f8c3e2404ed675e9
raw.sourceRegistry,Source authorization and coverage registry,6,robotsStatus,VARCHAR,False,Robots review status,allowed|restricted|notApplicable|unverified,False,False,'unverified',,source authorization registry,direct extraction or normalized source metadata; no analytical inference,must be non-null; must belong to enum robotsStatus,2.1.2,f92380cdfc16967f1e363800cd9a575e44532f18a86b2f28f8c3e2404ed675e9
raw.sourceRegistry,Source authorization and coverage registry,7,historyStart,DATE,True,Earliest confirmed accessible date,,False,False,,,source authorization registry,direct extraction or normalized source metadata; no analytical inference,nullable value must preserve source missingness; no sentinel substitution,2.1.2,f92380cdfc16967f1e363800cd9a575e44532f18a86b2f28f8c3e2404ed675e9
raw.sourceRegistry,Source authorization and coverage registry,8,historyEnd,DATE,True,Latest confirmed accessible date,,False,False,,,source authorization registry,direct extraction or normalized source metadata; no analytical inference,nullable value must preserve source missingness; no sentinel substitution,2.1.2,f92380cdfc16967f1e363800cd9a575e44532f18a86b2f28f8c3e2404ed675e9
raw.sourceRegistry,Source authorization and coverage registry,9,historyStatus,VARCHAR,False,Historical coverage status,confirmed|partial|unavailable|unverified,False,False,'unverified',,source authorization registry,direct extraction or normalized source metadata; no analytical inference,must be non-null; must belong to enum historyStatus,2.1.2,f92380cdfc16967f1e363800cd9a575e44532f18a86b2f28f8c3e2404ed675e9
raw.sourceRegistry,Source authorization and coverage registry,10,paginationType,VARCHAR,True,Observed index pagination mechanism,page|cursor|infiniteScroll|internalJson|unknown,False,False,,,source authorization registry,direct extraction or normalized source metadata; no analytical inference,must belong to enum paginationType,2.1.2,f92380cdfc16967f1e363800cd9a575e44532f18a86b2f28f8c3e2404ed675e9
raw.sourceRegistry,Source authorization and coverage registry,11,verifiedAt,TIMESTAMPTZ,True,Last verification timestamp,,False,False,,,source authorization registry,direct extraction or normalized source metadata; no analytical inference,nullable value must preserve source missingness; no sentinel substitution,2.1.2,f92380cdfc16967f1e363800cd9a575e44532f18a86b2f28f8c3e2404ed675e9
raw.crawlRun,Collection run metadata,1,crawlRunId,VARCHAR,False,Stable run identifier,,True,False,,,collector runtime metadata,direct extraction or normalized source metadata; no analytical inference,non-null and unique within primary key of raw.crawlRun,2.1.2,f92380cdfc16967f1e363800cd9a575e44532f18a86b2f28f8c3e2404ed675e9
raw.crawlRun,Collection run metadata,2,sourceName,VARCHAR,False,Source name,,False,False,,,collector runtime metadata,direct extraction or normalized source metadata; no analytical inference,must be non-null,2.1.2,f92380cdfc16967f1e363800cd9a575e44532f18a86b2f28f8c3e2404ed675e9
raw.crawlRun,Collection run metadata,3,runPhase,VARCHAR,False,Audit index detail asset or NCS phase,,False,False,,,collector runtime metadata,direct extraction or normalized source metadata; no analytical inference,must be non-null,2.1.2,f92380cdfc16967f1e363800cd9a575e44532f18a86b2f28f8c3e2404ed675e9
raw.crawlRun,Collection run metadata,4,collectorVersion,VARCHAR,False,Collector version,,False,False,,,collector runtime metadata,direct extraction or normalized source metadata; no analytical inference,must be non-null,2.1.2,f92380cdfc16967f1e363800cd9a575e44532f18a86b2f28f8c3e2404ed675e9
raw.crawlRun,Collection run metadata,5,configSha256,VARCHAR,False,Configuration SHA-256,,False,False,,length(configSha256) = 64,collector runtime metadata,direct extraction or normalized source metadata; no analytical inference,must be non-null; must satisfy length(configSha256) = 64,2.1.2,f92380cdfc16967f1e363800cd9a575e44532f18a86b2f28f8c3e2404ed675e9
raw.crawlRun,Collection run metadata,6,startedAt,TIMESTAMPTZ,False,Run start,,False,False,,,collector runtime metadata,direct extraction or normalized source metadata; no analytical inference,must be non-null,2.1.2,f92380cdfc16967f1e363800cd9a575e44532f18a86b2f28f8c3e2404ed675e9
raw.crawlRun,Collection run metadata,7,endedAt,TIMESTAMPTZ,True,Run end,,False,False,,,collector runtime metadata,direct extraction or normalized source metadata; no analytical inference,nullable value must preserve source missingness; no sentinel substitution,2.1.2,f92380cdfc16967f1e363800cd9a575e44532f18a86b2f28f8c3e2404ed675e9
raw.crawlRun,Collection run metadata,8,status,VARCHAR,False,Run status,running|completed|aborted|failed|partial,False,False,,,collector runtime metadata,direct extraction or normalized source metadata; no analytical inference,must be non-null; must belong to enum runStatus,2.1.2,f92380cdfc16967f1e363800cd9a575e44532f18a86b2f28f8c3e2404ed675e9
raw.crawlRun,Collection run metadata,9,requestCount,INTEGER,False,Requests attempted,,False,False,0,requestCount >= 0,collector runtime metadata,direct extraction or normalized source metadata; no analytical inference,must be non-null; must satisfy requestCount >= 0,2.1.2,f92380cdfc16967f1e363800cd9a575e44532f18a86b2f28f8c3e2404ed675e9
raw.crawlRun,Collection run metadata,10,successCount,INTEGER,False,Successful requests,,False,False,0,successCount >= 0,collector runtime metadata,direct extraction or normalized source metadata; no analytical inference,must be non-null; must satisfy successCount >= 0,2.1.2,f92380cdfc16967f1e363800cd9a575e44532f18a86b2f28f8c3e2404ed675e9
raw.crawlRun,Collection run metadata,11,failCount,INTEGER,False,Failed requests,,False,False,0,failCount >= 0,collector runtime metadata,direct extraction or normalized source metadata; no analytical inference,must be non-null; must satisfy failCount >= 0,2.1.2,f92380cdfc16967f1e363800cd9a575e44532f18a86b2f28f8c3e2404ed675e9
raw.crawlRun,Collection run metadata,12,gitCommitSha,VARCHAR,True,Code monorepo commit,,False,False,,,collector runtime metadata,direct extraction or normalized source metadata; no analytical inference,nullable value must preserve source missingness; no sentinel substitution,2.1.2,f92380cdfc16967f1e363800cd9a575e44532f18a86b2f28f8c3e2404ed675e9
raw.linkareerIndexRaw,Immutable index discovery record,1,indexItemId,VARCHAR,False,Deterministic index record key,,True,False,,,Linkareer Calendar APQ response,direct extraction or normalized source metadata; no analytical inference,non-null and unique within primary key of raw.linkareerIndexRaw,2.1.2,f92380cdfc16967f1e363800cd9a575e44532f18a86b2f28f8c3e2404ed675e9
raw.linkareerIndexRaw,Immutable index discovery record,2,crawlRunId,VARCHAR,False,Collection run,,False,False,,,Linkareer Calendar APQ response,direct extraction or normalized source metadata; no analytical inference,must be non-null,2.1.2,f92380cdfc16967f1e363800cd9a575e44532f18a86b2f28f8c3e2404ed675e9
raw.linkareerIndexRaw,Immutable index discovery record,3,discoveryType,VARCHAR,False,Discovery route,,False,False,,,Linkareer Calendar APQ response,direct extraction or normalized source metadata; no analytical inference,must be non-null,2.1.2,f92380cdfc16967f1e363800cd9a575e44532f18a86b2f28f8c3e2404ed675e9
raw.linkareerIndexRaw,Immutable index discovery record,4,sourcePostingId,VARCHAR,True,Linkareer activity identifier,,False,False,,,Linkareer Calendar APQ response,direct extraction or normalized source metadata; no analytical inference,nullable value must preserve source missingness; no sentinel substitution,2.1.2,f92380cdfc16967f1e363800cd9a575e44532f18a86b2f28f8c3e2404ed675e9
raw.linkareerIndexRaw,Immutable index discovery record,5,detailUrl,VARCHAR,False,Detail URL,,False,False,,,Linkareer Calendar APQ response,direct extraction or normalized source metadata; no analytical inference,must be non-null,2.1.2,f92380cdfc16967f1e363800cd9a575e44532f18a86b2f28f8c3e2404ed675e9
raw.linkareerIndexRaw,Immutable index discovery record,6,titleRaw,VARCHAR,True,Raw title,,False,False,,,Linkareer Calendar APQ response,direct extraction or normalized source metadata; no analytical inference,nullable value must preserve source missingness; no sentinel substitution,2.1.2,f92380cdfc16967f1e363800cd9a575e44532f18a86b2f28f8c3e2404ed675e9
raw.linkareerIndexRaw,Immutable index discovery record,7,companyRaw,VARCHAR,True,Raw company,,False,False,,,Linkareer Calendar APQ response,direct extraction or normalized source metadata; no analytical inference,nullable value must preserve source missingness; no sentinel substitution,2.1.2,f92380cdfc16967f1e363800cd9a575e44532f18a86b2f28f8c3e2404ed675e9
raw.linkareerIndexRaw,Immutable index discovery record,8,postedAtRaw,VARCHAR,True,Raw posted date,,False,False,,,Linkareer Calendar APQ response,direct extraction or normalized source metadata; no analytical inference,nullable value must preserve source missingness; no sentinel substitution,2.1.2,f92380cdfc16967f1e363800cd9a575e44532f18a86b2f28f8c3e2404ed675e9
raw.linkareerIndexRaw,Immutable index discovery record,9,categoryRaw,VARCHAR,True,Raw category,,False,False,,,Linkareer Calendar APQ response,direct extraction or normalized source metadata; no analytical inference,nullable value must preserve source missingness; no sentinel substitution,2.1.2,f92380cdfc16967f1e363800cd9a575e44532f18a86b2f28f8c3e2404ed675e9
raw.linkareerIndexRaw,Immutable index discovery record,10,activityTypeId,VARCHAR,False,Linkareer activity type identifier; recruit is 5,,False,False,,,Linkareer Calendar APQ response,direct extraction or normalized source metadata; no analytical inference,must be non-null,2.1.2,f92380cdfc16967f1e363800cd9a575e44532f18a86b2f28f8c3e2404ed675e9
raw.linkareerIndexRaw,Immutable index discovery record,11,groupRaw,VARCHAR,True,Raw GraphQL activity group,,False,False,,,Linkareer Calendar APQ response,direct extraction or normalized source metadata; no analytical inference,nullable value must preserve source missingness; no sentinel substitution,2.1.2,f92380cdfc16967f1e363800cd9a575e44532f18a86b2f28f8c3e2404ed675e9
raw.linkareerIndexRaw,Immutable index discovery record,12,jobTypesRawJson,JSON,True,Raw listing-level jobTypes JSON,,False,False,,,Linkareer Calendar APQ response,direct extraction or normalized source metadata; no analytical inference,nullable value must preserve source missingness; no sentinel substitution,2.1.2,f92380cdfc16967f1e363800cd9a575e44532f18a86b2f28f8c3e2404ed675e9
raw.linkareerIndexRaw,Immutable index discovery record,13,recruitStartAt,TIMESTAMPTZ,True,Recruitment start time,,False,False,,,Linkareer Calendar APQ response,direct extraction or normalized source metadata; no analytical inference,nullable value must preserve source missingness; no sentinel substitution,2.1.2,f92380cdfc16967f1e363800cd9a575e44532f18a86b2f28f8c3e2404ed675e9
raw.linkareerIndexRaw,Immutable index discovery record,14,recruitCloseAt,TIMESTAMPTZ,True,Recruitment close time,,False,False,,,Linkareer Calendar APQ response,direct extraction or normalized source metadata; no analytical inference,nullable value must preserve source missingness; no sentinel substitution,2.1.2,f92380cdfc16967f1e363800cd9a575e44532f18a86b2f28f8c3e2404ed675e9
raw.linkareerIndexRaw,Immutable index discovery record,15,activityStartAt,TIMESTAMPTZ,True,Activity start time,,False,False,,,Linkareer Calendar APQ response,direct extraction or normalized source metadata; no analytical inference,nullable value must preserve source missingness; no sentinel substitution,2.1.2,f92380cdfc16967f1e363800cd9a575e44532f18a86b2f28f8c3e2404ed675e9
raw.linkareerIndexRaw,Immutable index discovery record,16,activityEndAt,TIMESTAMPTZ,True,Activity end time,,False,False,,,Linkareer Calendar APQ response,direct extraction or normalized source metadata; no analytical inference,nullable value must preserve source missingness; no sentinel substitution,2.1.2,f92380cdfc16967f1e363800cd9a575e44532f18a86b2f28f8c3e2404ed675e9
raw.linkareerIndexRaw,Immutable index discovery record,17,createdAt,TIMESTAMPTZ,True,Source entity creation time,,False,False,,,Linkareer Calendar APQ response,direct extraction or normalized source metadata; no analytical inference,nullable value must preserve source missingness; no sentinel substitution,2.1.2,f92380cdfc16967f1e363800cd9a575e44532f18a86b2f28f8c3e2404ed675e9
raw.linkareerIndexRaw,Immutable index discovery record,18,rawPath,VARCHAR,False,Immutable local raw path,,False,False,,,Linkareer Calendar APQ response,direct extraction or normalized source metadata; no analytical inference,must be non-null,2.1.2,f92380cdfc16967f1e363800cd9a575e44532f18a86b2f28f8c3e2404ed675e9
raw.linkareerIndexRaw,Immutable index discovery record,19,rawSha256,VARCHAR,False,Raw payload SHA-256,,False,False,,length(rawSha256) = 64,Linkareer Calendar APQ response,direct extraction or normalized source metadata; no analytical inference,must be non-null; must satisfy length(rawSha256) = 64,2.1.2,f92380cdfc16967f1e363800cd9a575e44532f18a86b2f28f8c3e2404ed675e9
raw.linkareerPostingRaw,Immutable posting detail snapshot; postingRawId is a superseded alias,1,rawPostingId,VARCHAR,False,Deterministic raw posting snapshot key,,True,False,,,Linkareer detail SSR __NEXT_DATA__ and Apollo cache,RAW_ + sha256(sourceName|sourcePostingId|rawSha256)[:20],non-null and unique within primary key of raw.linkareerPostingRaw,2.1.2,f92380cdfc16967f1e363800cd9a575e44532f18a86b2f28f8c3e2404ed675e9
raw.linkareerPostingRaw,Immutable posting detail snapshot; postingRawId is a superseded alias,2,indexItemId,VARCHAR,True,Index discovery record,,False,False,,,Linkareer detail SSR __NEXT_DATA__ and Apollo cache,direct extraction or normalized source metadata; no analytical inference,nullable value must preserve source missingness; no sentinel substitution,2.1.2,f92380cdfc16967f1e363800cd9a575e44532f18a86b2f28f8c3e2404ed675e9
raw.linkareerPostingRaw,Immutable posting detail snapshot; postingRawId is a superseded alias,3,crawlRunId,VARCHAR,False,Collection run,,False,False,,,Linkareer detail SSR __NEXT_DATA__ and Apollo cache,direct extraction or normalized source metadata; no analytical inference,must be non-null,2.1.2,f92380cdfc16967f1e363800cd9a575e44532f18a86b2f28f8c3e2404ed675e9
raw.linkareerPostingRaw,Immutable posting detail snapshot; postingRawId is a superseded alias,4,sourcePostingId,VARCHAR,False,Linkareer activity identifier,,False,False,,,Linkareer detail SSR __NEXT_DATA__ and Apollo cache,direct extraction or normalized source metadata; no analytical inference,must be non-null,2.1.2,f92380cdfc16967f1e363800cd9a575e44532f18a86b2f28f8c3e2404ed675e9
raw.linkareerPostingRaw,Immutable posting detail snapshot; postingRawId is a superseded alias,5,sourceUrl,VARCHAR,False,Posting URL,,False,False,,,Linkareer detail SSR __NEXT_DATA__ and Apollo cache,direct extraction or normalized source metadata; no analytical inference,must be non-null,2.1.2,f92380cdfc16967f1e363800cd9a575e44532f18a86b2f28f8c3e2404ed675e9
raw.linkareerPostingRaw,Immutable posting detail snapshot; postingRawId is a superseded alias,6,fetchedAt,TIMESTAMPTZ,False,Fetch timestamp,,False,False,,,Linkareer detail SSR __NEXT_DATA__ and Apollo cache,direct extraction or normalized source metadata; no analytical inference,must be non-null,2.1.2,f92380cdfc16967f1e363800cd9a575e44532f18a86b2f28f8c3e2404ed675e9
raw.linkareerPostingRaw,Immutable posting detail snapshot; postingRawId is a superseded alias,7,httpStatus,SMALLINT,False,HTTP status,,False,False,,httpStatus BETWEEN 100 AND 599,Linkareer detail SSR __NEXT_DATA__ and Apollo cache,direct extraction or normalized source metadata; no analytical inference,must be non-null; must satisfy httpStatus BETWEEN 100 AND 599,2.1.2,f92380cdfc16967f1e363800cd9a575e44532f18a86b2f28f8c3e2404ed675e9
raw.linkareerPostingRaw,Immutable posting detail snapshot; postingRawId is a superseded alias,8,contentType,VARCHAR,True,Response content type,,False,False,,,Linkareer detail SSR __NEXT_DATA__ and Apollo cache,direct extraction or normalized source metadata; no analytical inference,nullable value must preserve source missingness; no sentinel substitution,2.1.2,f92380cdfc16967f1e363800cd9a575e44532f18a86b2f28f8c3e2404ed675e9
raw.linkareerPostingRaw,Immutable posting detail snapshot; postingRawId is a superseded alias,9,rawPath,VARCHAR,False,Immutable payload path,,False,False,,,Linkareer detail SSR __NEXT_DATA__ and Apollo cache,direct extraction or normalized source metadata; no analytical inference,must be non-null,2.1.2,f92380cdfc16967f1e363800cd9a575e44532f18a86b2f28f8c3e2404ed675e9
raw.linkareerPostingRaw,Immutable posting detail snapshot; postingRawId is a superseded alias,10,rawSha256,VARCHAR,False,Payload SHA-256,,False,False,,length(rawSha256) = 64,Linkareer detail SSR __NEXT_DATA__ and Apollo cache,direct extraction or normalized source metadata; no analytical inference,must be non-null; must satisfy length(rawSha256) = 64,2.1.2,f92380cdfc16967f1e363800cd9a575e44532f18a86b2f28f8c3e2404ed675e9
raw.linkareerPostingRaw,Immutable posting detail snapshot; postingRawId is a superseded alias,11,textAvailableFlag,BOOLEAN,False,Text body available,,False,False,False,,Linkareer detail SSR __NEXT_DATA__ and Apollo cache,direct extraction or normalized source metadata; no analytical inference,must be non-null,2.1.2,f92380cdfc16967f1e363800cd9a575e44532f18a86b2f28f8c3e2404ed675e9
raw.linkareerPostingRaw,Immutable posting detail snapshot; postingRawId is a superseded alias,12,assetCount,SMALLINT,False,Asset count,,False,False,0,assetCount >= 0,Linkareer detail SSR __NEXT_DATA__ and Apollo cache,direct extraction or normalized source metadata; no analytical inference,must be non-null; must satisfy assetCount >= 0,2.1.2,f92380cdfc16967f1e363800cd9a575e44532f18a86b2f28f8c3e2404ed675e9
raw.linkareerPostingRaw,Immutable posting detail snapshot; postingRawId is a superseded alias,13,nextDataJsonPath,VARCHAR,True,Local path to extracted __NEXT_DATA__ JSON,,False,False,,,Linkareer detail SSR __NEXT_DATA__ and Apollo cache,direct extraction or normalized source metadata; no analytical inference,nullable value must preserve source missingness; no sentinel substitution,2.1.2,f92380cdfc16967f1e363800cd9a575e44532f18a86b2f28f8c3e2404ed675e9
raw.linkareerPostingRaw,Immutable posting detail snapshot; postingRawId is a superseded alias,14,activityJsonPath,VARCHAR,True,Local path to normalized Activity entity JSON,,False,False,,,Linkareer detail SSR __NEXT_DATA__ and Apollo cache,direct extraction or normalized source metadata; no analytical inference,nullable value must preserve source missingness; no sentinel substitution,2.1.2,f92380cdfc16967f1e363800cd9a575e44532f18a86b2f28f8c3e2404ed675e9
raw.linkareerPostingRaw,Immutable posting detail snapshot; postingRawId is a superseded alias,15,apolloCacheJsonPath,VARCHAR,True,Local path to extracted Apollo cache JSON,,False,False,,,Linkareer detail SSR __NEXT_DATA__ and Apollo cache,direct extraction or normalized source metadata; no analytical inference,nullable value must preserve source missingness; no sentinel substitution,2.1.2,f92380cdfc16967f1e363800cd9a575e44532f18a86b2f28f8c3e2404ed675e9
raw.linkareerPostingRaw,Immutable posting detail snapshot; postingRawId is a superseded alias,16,activityTextEntityKey,VARCHAR,True,Apollo cache key for ActivityText entity,,False,False,,,Linkareer detail SSR __NEXT_DATA__ and Apollo cache,direct extraction or normalized source metadata; no analytical inference,nullable value must preserve source missingness; no sentinel substitution,2.1.2,f92380cdfc16967f1e363800cd9a575e44532f18a86b2f28f8c3e2404ed675e9
raw.linkareerPostingRaw,Immutable posting detail snapshot; postingRawId is a superseded alias,17,dutiesRawJson,JSON,True,Raw duties array including duties[].jobType from SSR activity entity,,False,False,,,Linkareer detail SSR __NEXT_DATA__ and Apollo cache,direct extraction or normalized source metadata; no analytical inference,nullable value must preserve source missingness; no sentinel substitution,2.1.2,f92380cdfc16967f1e363800cd9a575e44532f18a86b2f28f8c3e2404ed675e9
raw.linkareerPostingRaw,Immutable posting detail snapshot; postingRawId is a superseded alias,18,activityTextHtml,VARCHAR,True,Raw ActivityText.text HTML from Apollo cache,,False,False,,,Linkareer detail SSR __NEXT_DATA__ and Apollo cache,direct extraction or normalized source metadata; no analytical inference,nullable value must preserve source missingness; no sentinel substitution,2.1.2,f92380cdfc16967f1e363800cd9a575e44532f18a86b2f28f8c3e2404ed675e9
raw.linkareerPostingRaw,Immutable posting detail snapshot; postingRawId is a superseded alias,19,activityTextAvailableFlag,BOOLEAN,False,ActivityText.text is available,,False,False,False,,Linkareer detail SSR __NEXT_DATA__ and Apollo cache,direct extraction or normalized source metadata; no analytical inference,must be non-null,2.1.2,f92380cdfc16967f1e363800cd9a575e44532f18a86b2f28f8c3e2404ed675e9
raw.linkareerPostingRaw,Immutable posting detail snapshot; postingRawId is a superseded alias,20,externalApplyUrl,VARCHAR,True,External application or ATS URL,,False,False,,,Linkareer detail SSR __NEXT_DATA__ and Apollo cache,direct extraction or normalized source metadata; no analytical inference,nullable value must preserve source missingness; no sentinel substitution,2.1.2,f92380cdfc16967f1e363800cd9a575e44532f18a86b2f28f8c3e2404ed675e9
raw.linkareerPostingRaw,Immutable posting detail snapshot; postingRawId is a superseded alias,21,externalApplyFlag,BOOLEAN,False,External apply destination is present,,False,False,False,,Linkareer detail SSR __NEXT_DATA__ and Apollo cache,direct extraction or normalized source metadata; no analytical inference,must be non-null,2.1.2,f92380cdfc16967f1e363800cd9a575e44532f18a86b2f28f8c3e2404ed675e9
raw.linkareerPostingRaw,Immutable posting detail snapshot; postingRawId is a superseded alias,22,externalAtsDomain,VARCHAR,True,Normalized external ATS domain,,False,False,,,Linkareer detail SSR __NEXT_DATA__ and Apollo cache,direct extraction or normalized source metadata; no analytical inference,nullable value must preserve source missingness; no sentinel substitution,2.1.2,f92380cdfc16967f1e363800cd9a575e44532f18a86b2f28f8c3e2404ed675e9
raw.linkareerPostingRaw,Immutable posting detail snapshot; postingRawId is a superseded alias,23,externalDetailOnlyFlag,BOOLEAN,False,Full detail exists only on external ATS,,False,False,False,,Linkareer detail SSR __NEXT_DATA__ and Apollo cache,direct extraction or normalized source metadata; no analytical inference,must be non-null,2.1.2,f92380cdfc16967f1e363800cd9a575e44532f18a86b2f28f8c3e2404ed675e9
raw.postingAsset,Posting image PDF or attachment lineage,1,assetId,VARCHAR,False,Asset key,,True,False,,,Linkareer posting asset metadata,direct extraction or normalized source metadata; no analytical inference,non-null and unique within primary key of raw.postingAsset,2.1.2,f92380cdfc16967f1e363800cd9a575e44532f18a86b2f28f8c3e2404ed675e9
raw.postingAsset,Posting image PDF or attachment lineage,2,rawPostingId,VARCHAR,False,Raw posting key,,False,False,,,Linkareer posting asset metadata,RAW_ + sha256(sourceName|sourcePostingId|rawSha256)[:20],must be non-null,2.1.2,f92380cdfc16967f1e363800cd9a575e44532f18a86b2f28f8c3e2404ed675e9
raw.postingAsset,Posting image PDF or attachment lineage,3,assetType,VARCHAR,False,Asset type,image|pdf|attachment|other,False,False,,,Linkareer posting asset metadata,direct extraction or normalized source metadata; no analytical inference,must be non-null; must belong to the inline enum,2.1.2,f92380cdfc16967f1e363800cd9a575e44532f18a86b2f28f8c3e2404ed675e9
raw.postingAsset,Posting image PDF or attachment lineage,4,assetUrl,VARCHAR,True,Source URL,,False,False,,,Linkareer posting asset metadata,direct extraction or normalized source metadata; no analytical inference,nullable value must preserve source missingness; no sentinel substitution,2.1.2,f92380cdfc16967f1e363800cd9a575e44532f18a86b2f28f8c3e2404ed675e9
raw.postingAsset,Posting image PDF or attachment lineage,5,assetPath,VARCHAR,False,Immutable local path,,False,False,,,Linkareer posting asset metadata,direct extraction or normalized source metadata; no analytical inference,must be non-null,2.1.2,f92380cdfc16967f1e363800cd9a575e44532f18a86b2f28f8c3e2404ed675e9
raw.postingAsset,Posting image PDF or attachment lineage,6,assetSha256,VARCHAR,False,Asset SHA-256,,False,False,,length(assetSha256) = 64,Linkareer posting asset metadata,direct extraction or normalized source metadata; no analytical inference,must be non-null; must satisfy length(assetSha256) = 64,2.1.2,f92380cdfc16967f1e363800cd9a575e44532f18a86b2f28f8c3e2404ed675e9
raw.postingAsset,Posting image PDF or attachment lineage,7,widthPx,INTEGER,True,Pixel width,,False,False,,widthPx IS NULL OR widthPx > 0,Linkareer posting asset metadata,direct extraction or normalized source metadata; no analytical inference,must satisfy widthPx IS NULL OR widthPx > 0,2.1.2,f92380cdfc16967f1e363800cd9a575e44532f18a86b2f28f8c3e2404ed675e9
raw.postingAsset,Posting image PDF or attachment lineage,8,heightPx,INTEGER,True,Pixel height,,False,False,,heightPx IS NULL OR heightPx > 0,Linkareer posting asset metadata,direct extraction or normalized source metadata; no analytical inference,must satisfy heightPx IS NULL OR heightPx > 0,2.1.2,f92380cdfc16967f1e363800cd9a575e44532f18a86b2f28f8c3e2404ed675e9
raw.postingAsset,Posting image PDF or attachment lineage,9,bytes,BIGINT,True,Asset byte length,,False,False,,bytes IS NULL OR bytes >= 0,Linkareer posting asset metadata,direct extraction or normalized source metadata; no analytical inference,must satisfy bytes IS NULL OR bytes >= 0,2.1.2,f92380cdfc16967f1e363800cd9a575e44532f18a86b2f28f8c3e2404ed675e9
raw.ocrResult,OCR result and block lineage,1,ocrId,VARCHAR,False,OCR result key,,True,False,,,OCR engine output,direct extraction or normalized source metadata; no analytical inference,non-null and unique within primary key of raw.ocrResult,2.1.2,f92380cdfc16967f1e363800cd9a575e44532f18a86b2f28f8c3e2404ed675e9
raw.ocrResult,OCR result and block lineage,2,assetId,VARCHAR,False,Asset key,,False,False,,,OCR engine output,direct extraction or normalized source metadata; no analytical inference,must be non-null,2.1.2,f92380cdfc16967f1e363800cd9a575e44532f18a86b2f28f8c3e2404ed675e9
raw.ocrResult,OCR result and block lineage,3,ocrEngine,VARCHAR,False,OCR engine,,False,False,,,OCR engine output,direct extraction or normalized source metadata; no analytical inference,must be non-null,2.1.2,f92380cdfc16967f1e363800cd9a575e44532f18a86b2f28f8c3e2404ed675e9
raw.ocrResult,OCR result and block lineage,4,ocrModel,VARCHAR,False,OCR model,,False,False,,,OCR engine output,direct extraction or normalized source metadata; no analytical inference,must be non-null,2.1.2,f92380cdfc16967f1e363800cd9a575e44532f18a86b2f28f8c3e2404ed675e9
raw.ocrResult,OCR result and block lineage,5,ocrVersion,VARCHAR,False,OCR pipeline version,,False,False,,,OCR engine output,direct extraction or normalized source metadata; no analytical inference,must be non-null,2.1.2,f92380cdfc16967f1e363800cd9a575e44532f18a86b2f28f8c3e2404ed675e9
raw.ocrResult,OCR result and block lineage,6,ocrText,VARCHAR,True,Extracted text,,False,False,,,OCR engine output,direct extraction or normalized source metadata; no analytical inference,nullable value must preserve source missingness; no sentinel substitution,2.1.2,f92380cdfc16967f1e363800cd9a575e44532f18a86b2f28f8c3e2404ed675e9
raw.ocrResult,OCR result and block lineage,7,ocrBlocksJson,JSON,True,Block coordinates and text,,False,False,,,OCR engine output,direct extraction or normalized source metadata; no analytical inference,nullable value must preserve source missingness; no sentinel substitution,2.1.2,f92380cdfc16967f1e363800cd9a575e44532f18a86b2f28f8c3e2404ed675e9
raw.ocrResult,OCR result and block lineage,8,ocrConfidence,DOUBLE,True,OCR confidence,,False,False,,ocrConfidence IS NULL OR ocrConfidence BETWEEN 0 AND 1,OCR engine output,direct extraction or normalized source metadata; no analytical inference,must satisfy ocrConfidence IS NULL OR ocrConfidence BETWEEN 0 AND 1,2.1.2,f92380cdfc16967f1e363800cd9a575e44532f18a86b2f28f8c3e2404ed675e9
raw.ocrResult,OCR result and block lineage,9,ocrReviewFlag,BOOLEAN,False,Human review required,,False,False,False,,OCR engine output,direct extraction or normalized source metadata; no analytical inference,must be non-null,2.1.2,f92380cdfc16967f1e363800cd9a575e44532f18a86b2f28f8c3e2404ed675e9
raw.ocrResult,OCR result and block lineage,10,producedAt,TIMESTAMPTZ,False,Produced timestamp,,False,False,,,OCR engine output,direct extraction or normalized source metadata; no analytical inference,must be non-null,2.1.2,f92380cdfc16967f1e363800cd9a575e44532f18a86b2f28f8c3e2404ed675e9
core.postingNormalized,One normalized posting identity with dedup-independent eligibility,1,postingId,VARCHAR,False,Stable posting identity,,True,False,,,raw.linkareerPostingRaw and raw.ocrResult,PST_ + sha256(sourceName|sourcePostingId)[:20],non-null and unique within primary key of core.postingNormalized,2.1.2,f92380cdfc16967f1e363800cd9a575e44532f18a86b2f28f8c3e2404ed675e9
core.postingNormalized,One normalized posting identity with dedup-independent eligibility,2,rawPostingId,VARCHAR,False,Source snapshot used,,False,False,,,raw.linkareerPostingRaw and raw.ocrResult,RAW_ + sha256(sourceName|sourcePostingId|rawSha256)[:20],must be non-null,2.1.2,f92380cdfc16967f1e363800cd9a575e44532f18a86b2f28f8c3e2404ed675e9
core.postingNormalized,One normalized posting identity with dedup-independent eligibility,3,sourcePostingId,VARCHAR,False,Source posting identifier,,False,False,,,raw.linkareerPostingRaw and raw.ocrResult,deterministic transformation for core.postingNormalized under contract 2.1.2,must be non-null,2.1.2,f92380cdfc16967f1e363800cd9a575e44532f18a86b2f28f8c3e2404ed675e9
core.postingNormalized,One normalized posting identity with dedup-independent eligibility,4,sourceUrl,VARCHAR,False,Posting URL,,False,False,,,raw.linkareerPostingRaw and raw.ocrResult,deterministic transformation for core.postingNormalized under contract 2.1.2,must be non-null,2.1.2,f92380cdfc16967f1e363800cd9a575e44532f18a86b2f28f8c3e2404ed675e9
core.postingNormalized,One normalized posting identity with dedup-independent eligibility,5,companyKey,VARCHAR,True,Normalized company key,,False,False,,,raw.linkareerPostingRaw and raw.ocrResult,deterministic transformation for core.postingNormalized under contract 2.1.2,nullable value must preserve source missingness; no sentinel substitution,2.1.2,f92380cdfc16967f1e363800cd9a575e44532f18a86b2f28f8c3e2404ed675e9
core.postingNormalized,One normalized posting identity with dedup-independent eligibility,6,companyName,VARCHAR,True,Normalized company name,,False,False,,,raw.linkareerPostingRaw and raw.ocrResult,deterministic transformation for core.postingNormalized under contract 2.1.2,nullable value must preserve source missingness; no sentinel substitution,2.1.2,f92380cdfc16967f1e363800cd9a575e44532f18a86b2f28f8c3e2404ed675e9
core.postingNormalized,One normalized posting identity with dedup-independent eligibility,7,industryName,VARCHAR,True,Industry name,,False,False,,,raw.linkareerPostingRaw and raw.ocrResult,deterministic transformation for core.postingNormalized under contract 2.1.2,nullable value must preserve source missingness; no sentinel substitution,2.1.2,f92380cdfc16967f1e363800cd9a575e44532f18a86b2f28f8c3e2404ed675e9
core.postingNormalized,One normalized posting identity with dedup-independent eligibility,8,jobTitle,VARCHAR,True,Posting job title,,False,False,,,raw.linkareerPostingRaw and raw.ocrResult,deterministic transformation for core.postingNormalized under contract 2.1.2,nullable value must preserve source missingness; no sentinel substitution,2.1.2,f92380cdfc16967f1e363800cd9a575e44532f18a86b2f28f8c3e2404ed675e9
core.postingNormalized,One normalized posting identity with dedup-independent eligibility,9,bodyText,VARCHAR,True,Merged HTML and OCR text,,False,False,,,raw.linkareerPostingRaw and raw.ocrResult,deterministic transformation for core.postingNormalized under contract 2.1.2,nullable value must preserve source missingness; no sentinel substitution,2.1.2,f92380cdfc16967f1e363800cd9a575e44532f18a86b2f28f8c3e2404ed675e9
core.postingNormalized,One normalized posting identity with dedup-independent eligibility,10,postedAt,TIMESTAMPTZ,True,Observed posting time,,False,False,,,raw.linkareerPostingRaw and raw.ocrResult,deterministic transformation for core.postingNormalized under contract 2.1.2,nullable value must preserve source missingness; no sentinel substitution,2.1.2,f92380cdfc16967f1e363800cd9a575e44532f18a86b2f28f8c3e2404ed675e9
core.postingNormalized,One normalized posting identity with dedup-independent eligibility,11,deadlineAt,TIMESTAMPTZ,True,Deadline,,False,False,,,raw.linkareerPostingRaw and raw.ocrResult,deterministic transformation for core.postingNormalized under contract 2.1.2,nullable value must preserve source missingness; no sentinel substitution,2.1.2,f92380cdfc16967f1e363800cd9a575e44532f18a86b2f28f8c3e2404ed675e9
core.postingNormalized,One normalized posting identity with dedup-independent eligibility,12,postingKind,VARCHAR,False,Posting kind,recruitIntern|recruitNewGrad|recruitExperienced|recruitUnknown|contest|extracurricular|education|club|volunteer|other,False,False,,,raw.linkareerPostingRaw and raw.ocrResult,deterministic transformation for core.postingNormalized under contract 2.1.2,must be non-null; must belong to enum postingKind,2.1.2,f92380cdfc16967f1e363800cd9a575e44532f18a86b2f28f8c3e2404ed675e9
core.postingNormalized,One normalized posting identity with dedup-independent eligibility,13,recruitmentScope,VARCHAR,False,Recruitment scope,entryOnly|internOnly|experiencedOnly|entryInternMixed|entryExperiencedMixed|internExperiencedMixed|allMixed|mixedUnresolved|unknown,False,False,,,raw.linkareerPostingRaw and raw.ocrResult,deterministic transformation for core.postingNormalized under contract 2.1.2,must be non-null; must belong to enum recruitmentScope,2.1.2,f92380cdfc16967f1e363800cd9a575e44532f18a86b2f28f8c3e2404ed675e9
core.postingNormalized,One normalized posting identity with dedup-independent eligibility,14,postingEligibleFlag,BOOLEAN,False,Recruitment eligibility before dedup,,False,False,False,,raw.linkareerPostingRaw and raw.ocrResult,deterministic transformation for core.postingNormalized under contract 2.1.2,must be non-null,2.1.2,f92380cdfc16967f1e363800cd9a575e44532f18a86b2f28f8c3e2404ed675e9
core.postingNormalized,One normalized posting identity with dedup-independent eligibility,15,rq1EligibleFlag,BOOLEAN,False,Eligible for RQ1 posting composition after canonical selection,,False,False,False,,raw.linkareerPostingRaw and raw.ocrResult,deterministic transformation for core.postingNormalized under contract 2.1.2,must be non-null,2.1.2,f92380cdfc16967f1e363800cd9a575e44532f18a86b2f28f8c3e2404ed675e9
core.postingNormalized,One normalized posting identity with dedup-independent eligibility,16,rq2EligibleFlag,BOOLEAN,False,Eligible for resolved track-level barrier analysis,,False,False,False,,raw.linkareerPostingRaw and raw.ocrResult,deterministic transformation for core.postingNormalized under contract 2.1.2,must be non-null,2.1.2,f92380cdfc16967f1e363800cd9a575e44532f18a86b2f28f8c3e2404ed675e9
core.postingNormalized,One normalized posting identity with dedup-independent eligibility,17,ncsEligibleFlag,BOOLEAN,False,Eligible for task-context NCS mapping,,False,False,False,,raw.linkareerPostingRaw and raw.ocrResult,deterministic transformation for core.postingNormalized under contract 2.1.2,must be non-null,2.1.2,f92380cdfc16967f1e363800cd9a575e44532f18a86b2f28f8c3e2404ed675e9
core.postingNormalized,One normalized posting identity with dedup-independent eligibility,18,rq2ExclusionReason,VARCHAR,True,Reason the track or posting is unavailable for RQ2,activityTextMissing|externalAtsBodyUnavailable|boundaryUnresolved|trackUnresolved|textTooShort|nonRecruitPosting|other,False,False,,,raw.linkareerPostingRaw and raw.ocrResult,deterministic transformation for core.postingNormalized under contract 2.1.2,must belong to enum rq2ExclusionReason,2.1.2,f92380cdfc16967f1e363800cd9a575e44532f18a86b2f28f8c3e2404ed675e9
core.postingNormalized,One normalized posting identity with dedup-independent eligibility,19,invalidReason,VARCHAR,True,Eligibility failure reason,,False,False,,,raw.linkareerPostingRaw and raw.ocrResult,deterministic transformation for core.postingNormalized under contract 2.1.2,nullable value must preserve source missingness; no sentinel substitution,2.1.2,f92380cdfc16967f1e363800cd9a575e44532f18a86b2f28f8c3e2404ed675e9
core.postingNormalized,One normalized posting identity with dedup-independent eligibility,20,duplicateGroupId,VARCHAR,True,Ninety-day repost group,,False,False,,,raw.linkareerPostingRaw and raw.ocrResult,deterministic transformation for core.postingNormalized under contract 2.1.2,nullable value must preserve source missingness; no sentinel substitution,2.1.2,f92380cdfc16967f1e363800cd9a575e44532f18a86b2f28f8c3e2404ed675e9
core.postingNormalized,One normalized posting identity with dedup-independent eligibility,21,canonicalPostingId,VARCHAR,False,Canonical group identifier,,False,False,,,raw.linkareerPostingRaw and raw.ocrResult,deterministic transformation for core.postingNormalized under contract 2.1.2,must be non-null,2.1.2,f92380cdfc16967f1e363800cd9a575e44532f18a86b2f28f8c3e2404ed675e9
core.postingNormalized,One normalized posting identity with dedup-independent eligibility,22,canonicalPostedAt,TIMESTAMPTZ,False,First posting time in group,,False,False,,,raw.linkareerPostingRaw and raw.ocrResult,deterministic transformation for core.postingNormalized under contract 2.1.2,must be non-null,2.1.2,f92380cdfc16967f1e363800cd9a575e44532f18a86b2f28f8c3e2404ed675e9
core.postingNormalized,One normalized posting identity with dedup-independent eligibility,23,canonicalRecordFlag,BOOLEAN,False,Canonical record indicator,,False,False,True,,raw.linkareerPostingRaw and raw.ocrResult,deterministic transformation for core.postingNormalized under contract 2.1.2,must be non-null,2.1.2,f92380cdfc16967f1e363800cd9a575e44532f18a86b2f28f8c3e2404ed675e9
core.postingNormalized,One normalized posting identity with dedup-independent eligibility,24,repostCount,SMALLINT,False,Repost count,,False,False,0,repostCount >= 0,raw.linkareerPostingRaw and raw.ocrResult,deterministic transformation for core.postingNormalized under contract 2.1.2,must be non-null; must satisfy repostCount >= 0,2.1.2,f92380cdfc16967f1e363800cd9a575e44532f18a86b2f28f8c3e2404ed675e9
core.postingNormalized,One normalized posting identity with dedup-independent eligibility,25,rawSha256,VARCHAR,False,Source payload SHA-256,,False,False,,length(rawSha256) = 64,raw.linkareerPostingRaw and raw.ocrResult,deterministic transformation for core.postingNormalized under contract 2.1.2,must be non-null; must satisfy length(rawSha256) = 64,2.1.2,f92380cdfc16967f1e363800cd9a575e44532f18a86b2f28f8c3e2404ed675e9
core.postingNormalized,One normalized posting identity with dedup-independent eligibility,26,parseVersion,VARCHAR,False,Parser version,,False,False,,,raw.linkareerPostingRaw and raw.ocrResult,deterministic transformation for core.postingNormalized under contract 2.1.2,must be non-null,2.1.2,f92380cdfc16967f1e363800cd9a575e44532f18a86b2f28f8c3e2404ed675e9
core.postingNormalized,One normalized posting identity with dedup-independent eligibility,27,dataVersion,VARCHAR,False,Data version,,False,False,,,raw.linkareerPostingRaw and raw.ocrResult,deterministic transformation for core.postingNormalized under contract 2.1.2,must be non-null,2.1.2,f92380cdfc16967f1e363800cd9a575e44532f18a86b2f28f8c3e2404ed675e9
core.postingNormalized,One normalized posting identity with dedup-independent eligibility,28,normalizedAt,TIMESTAMPTZ,False,Normalization timestamp,,False,False,,,raw.linkareerPostingRaw and raw.ocrResult,deterministic transformation for core.postingNormalized under contract 2.1.2,must be non-null,2.1.2,f92380cdfc16967f1e363800cd9a575e44532f18a86b2f28f8c3e2404ed675e9
core.postingTrack,Recruitment track within a posting,1,trackId,VARCHAR,False,Track key,,True,False,,,core.postingNormalized plus jobTypes and duties evidence,TRK_ + sha256(postingId|trackIndex)[:20],non-null and unique within primary key of core.postingTrack,2.1.2,f92380cdfc16967f1e363800cd9a575e44532f18a86b2f28f8c3e2404ed675e9
core.postingTrack,Recruitment track within a posting,2,postingId,VARCHAR,False,Posting key,,False,True,,,core.postingNormalized plus jobTypes and duties evidence,PST_ + sha256(sourceName|sourcePostingId)[:20],must be non-null,2.1.2,f92380cdfc16967f1e363800cd9a575e44532f18a86b2f28f8c3e2404ed675e9
core.postingTrack,Recruitment track within a posting,3,trackIndex,SMALLINT,False,Stable zero-based track order,,False,True,,trackIndex >= 0,core.postingNormalized plus jobTypes and duties evidence,deterministic transformation for core.postingTrack under contract 2.1.2,must be non-null; must satisfy trackIndex >= 0,2.1.2,f92380cdfc16967f1e363800cd9a575e44532f18a86b2f28f8c3e2404ed675e9
core.postingTrack,Recruitment track within a posting,4,trackType,VARCHAR,False,Track type,entry|intern|experienced|mixedUnresolved|unknown,False,False,,,core.postingNormalized plus jobTypes and duties evidence,deterministic transformation for core.postingTrack under contract 2.1.2,must be non-null; must belong to enum trackType,2.1.2,f92380cdfc16967f1e363800cd9a575e44532f18a86b2f28f8c3e2404ed675e9
core.postingTrack,Recruitment track within a posting,5,trackTitle,VARCHAR,True,Track title,,False,False,,,core.postingNormalized plus jobTypes and duties evidence,deterministic transformation for core.postingTrack under contract 2.1.2,nullable value must preserve source missingness; no sentinel substitution,2.1.2,f92380cdfc16967f1e363800cd9a575e44532f18a86b2f28f8c3e2404ed675e9
core.postingTrack,Recruitment track within a posting,6,hasEntryFlag,BOOLEAN,False,Includes entry recruitment,,False,False,,,core.postingNormalized plus jobTypes and duties evidence,deterministic transformation for core.postingTrack under contract 2.1.2,must be non-null,2.1.2,f92380cdfc16967f1e363800cd9a575e44532f18a86b2f28f8c3e2404ed675e9
core.postingTrack,Recruitment track within a posting,7,hasInternFlag,BOOLEAN,False,Includes intern recruitment,,False,False,,,core.postingNormalized plus jobTypes and duties evidence,deterministic transformation for core.postingTrack under contract 2.1.2,must be non-null,2.1.2,f92380cdfc16967f1e363800cd9a575e44532f18a86b2f28f8c3e2404ed675e9
core.postingTrack,Recruitment track within a posting,8,hasExperiencedFlag,BOOLEAN,False,Includes experienced recruitment,,False,False,,,core.postingNormalized plus jobTypes and duties evidence,deterministic transformation for core.postingTrack under contract 2.1.2,must be non-null,2.1.2,f92380cdfc16967f1e363800cd9a575e44532f18a86b2f28f8c3e2404ed675e9
core.postingTrack,Recruitment track within a posting,9,recruitmentScope,VARCHAR,False,Posting recruitment scope,entryOnly|internOnly|experiencedOnly|entryInternMixed|entryExperiencedMixed|internExperiencedMixed|allMixed|mixedUnresolved|unknown,False,False,,,core.postingNormalized plus jobTypes and duties evidence,deterministic transformation for core.postingTrack under contract 2.1.2,must be non-null; must belong to enum recruitmentScope,2.1.2,f92380cdfc16967f1e363800cd9a575e44532f18a86b2f28f8c3e2404ed675e9
core.postingTrack,Recruitment track within a posting,10,mixedResolvedFlag,BOOLEAN,False,Mixed posting was split reliably,,False,False,,,core.postingNormalized plus jobTypes and duties evidence,deterministic transformation for core.postingTrack under contract 2.1.2,must be non-null,2.1.2,f92380cdfc16967f1e363800cd9a575e44532f18a86b2f28f8c3e2404ed675e9
core.postingTrack,Recruitment track within a posting,11,splitConfidence,DOUBLE,True,Track split confidence,,False,False,,splitConfidence IS NULL OR splitConfidence BETWEEN 0 AND 1,core.postingNormalized plus jobTypes and duties evidence,deterministic transformation for core.postingTrack under contract 2.1.2,must satisfy splitConfidence IS NULL OR splitConfidence BETWEEN 0 AND 1,2.1.2,f92380cdfc16967f1e363800cd9a575e44532f18a86b2f28f8c3e2404ed675e9
core.postingTrack,Recruitment track within a posting,12,trackVersion,VARCHAR,False,Track parser version,,False,False,,,core.postingNormalized plus jobTypes and duties evidence,deterministic transformation for core.postingTrack under contract 2.1.2,must be non-null,2.1.2,f92380cdfc16967f1e363800cd9a575e44532f18a86b2f28f8c3e2404ed675e9
core.postingTrack,Recruitment track within a posting,13,jobTypeSource,VARCHAR,False,Authority used for track job type,dutiesJobType|jobTypes|detailText|unresolved,False,False,,,core.postingNormalized plus jobTypes and duties evidence,deterministic transformation for core.postingTrack under contract 2.1.2,must be non-null; must belong to enum jobTypeSource,2.1.2,f92380cdfc16967f1e363800cd9a575e44532f18a86b2f28f8c3e2404ed675e9
core.postingTrack,Recruitment track within a posting,14,jobTypeConflictFlag,BOOLEAN,False,duties jobType conflicts with listing jobTypes,,False,False,False,,core.postingNormalized plus jobTypes and duties evidence,deterministic transformation for core.postingTrack under contract 2.1.2,must be non-null,2.1.2,f92380cdfc16967f1e363800cd9a575e44532f18a86b2f28f8c3e2404ed675e9
core.postingSection,Typed section within a track,1,sectionId,VARCHAR,False,Section key,,True,False,,,core.postingTrack and normalized body evidence,SEC_ + sha256(trackId|sectionOrder)[:20],non-null and unique within primary key of core.postingSection,2.1.2,f92380cdfc16967f1e363800cd9a575e44532f18a86b2f28f8c3e2404ed675e9
core.postingSection,Typed section within a track,2,trackId,VARCHAR,False,Track key,,False,True,,,core.postingTrack and normalized body evidence,TRK_ + sha256(postingId|trackIndex)[:20],must be non-null,2.1.2,f92380cdfc16967f1e363800cd9a575e44532f18a86b2f28f8c3e2404ed675e9
core.postingSection,Typed section within a track,3,postingId,VARCHAR,False,Posting key,,False,False,,,core.postingTrack and normalized body evidence,PST_ + sha256(sourceName|sourcePostingId)[:20],must be non-null,2.1.2,f92380cdfc16967f1e363800cd9a575e44532f18a86b2f28f8c3e2404ed675e9
core.postingSection,Typed section within a track,4,sectionOrder,SMALLINT,False,Stable section order,,False,True,,sectionOrder >= 0,core.postingTrack and normalized body evidence,deterministic transformation for core.postingSection under contract 2.1.2,must be non-null; must satisfy sectionOrder >= 0,2.1.2,f92380cdfc16967f1e363800cd9a575e44532f18a86b2f28f8c3e2404ed675e9
core.postingSection,Typed section within a track,5,sectionType,VARCHAR,False,Section type,title|duty|required|preferred|qualification|process|condition|benefit|company|other,False,False,,,core.postingTrack and normalized body evidence,deterministic transformation for core.postingSection under contract 2.1.2,must be non-null; must belong to enum sectionType,2.1.2,f92380cdfc16967f1e363800cd9a575e44532f18a86b2f28f8c3e2404ed675e9
core.postingSection,Typed section within a track,6,sectionText,VARCHAR,False,Section text,,False,False,,,core.postingTrack and normalized body evidence,deterministic transformation for core.postingSection under contract 2.1.2,must be non-null,2.1.2,f92380cdfc16967f1e363800cd9a575e44532f18a86b2f28f8c3e2404ed675e9
core.postingSection,Typed section within a track,7,sourceMode,VARCHAR,False,HTML OCR or merged source,html|ocr|merged,False,False,,,core.postingTrack and normalized body evidence,deterministic transformation for core.postingSection under contract 2.1.2,must be non-null; must belong to enum sourceMode,2.1.2,f92380cdfc16967f1e363800cd9a575e44532f18a86b2f28f8c3e2404ed675e9
core.postingSection,Typed section within a track,8,boundaryResolvedFlag,BOOLEAN,False,Required-preferred boundary resolved,,False,False,,,core.postingTrack and normalized body evidence,deterministic transformation for core.postingSection under contract 2.1.2,must be non-null,2.1.2,f92380cdfc16967f1e363800cd9a575e44532f18a86b2f28f8c3e2404ed675e9
core.postingSection,Typed section within a track,9,sectionConfidence,DOUBLE,True,Section confidence,,False,False,,sectionConfidence IS NULL OR sectionConfidence BETWEEN 0 AND 1,core.postingTrack and normalized body evidence,deterministic transformation for core.postingSection under contract 2.1.2,must satisfy sectionConfidence IS NULL OR sectionConfidence BETWEEN 0 AND 1,2.1.2,f92380cdfc16967f1e363800cd9a575e44532f18a86b2f28f8c3e2404ed675e9
core.postingSection,Typed section within a track,10,parseVersion,VARCHAR,False,Parser version,,False,False,,,core.postingTrack and normalized body evidence,deterministic transformation for core.postingSection under contract 2.1.2,must be non-null,2.1.2,f92380cdfc16967f1e363800cd9a575e44532f18a86b2f28f8c3e2404ed675e9
core.requirementFact,Atomic requirement evidence,1,requirementId,VARCHAR,False,Requirement key,,True,False,,,core.postingSection,REQ_ + sha256(sectionId|requirementType|normalizedEvidence)[:20],non-null and unique within primary key of core.requirementFact,2.1.2,f92380cdfc16967f1e363800cd9a575e44532f18a86b2f28f8c3e2404ed675e9
core.requirementFact,Atomic requirement evidence,2,sectionId,VARCHAR,False,Section key,,False,False,,,core.postingSection,SEC_ + sha256(trackId|sectionOrder)[:20],must be non-null,2.1.2,f92380cdfc16967f1e363800cd9a575e44532f18a86b2f28f8c3e2404ed675e9
core.requirementFact,Atomic requirement evidence,3,trackId,VARCHAR,False,Track key,,False,False,,,core.postingSection,TRK_ + sha256(postingId|trackIndex)[:20],must be non-null,2.1.2,f92380cdfc16967f1e363800cd9a575e44532f18a86b2f28f8c3e2404ed675e9
core.requirementFact,Atomic requirement evidence,4,postingId,VARCHAR,False,Posting key,,False,False,,,core.postingSection,PST_ + sha256(sourceName|sourcePostingId)[:20],must be non-null,2.1.2,f92380cdfc16967f1e363800cd9a575e44532f18a86b2f28f8c3e2404ed675e9
core.requirementFact,Atomic requirement evidence,5,requirementType,VARCHAR,False,Requirement type,careerMonths|priorExperience|portfolio|project|certificate|degree|major|skill|tool|language|duty|other,False,False,,,core.postingSection,deterministic transformation for core.requirementFact under contract 2.1.2,must be non-null; must belong to enum requirementType,2.1.2,f92380cdfc16967f1e363800cd9a575e44532f18a86b2f28f8c3e2404ed675e9
core.requirementFact,Atomic requirement evidence,6,obligation,VARCHAR,False,Required preferred or unknown,required|preferred|unknown,False,False,,,core.postingSection,deterministic transformation for core.requirementFact under contract 2.1.2,must be non-null; must belong to enum obligation,2.1.2,f92380cdfc16967f1e363800cd9a575e44532f18a86b2f28f8c3e2404ed675e9
core.requirementFact,Atomic requirement evidence,7,valueNum,DOUBLE,True,Numeric normalized value,,False,False,,,core.postingSection,deterministic transformation for core.requirementFact under contract 2.1.2,nullable value must preserve source missingness; no sentinel substitution,2.1.2,f92380cdfc16967f1e363800cd9a575e44532f18a86b2f28f8c3e2404ed675e9
core.requirementFact,Atomic requirement evidence,8,valueUnit,VARCHAR,True,Unit such as month count or level,,False,False,,,core.postingSection,deterministic transformation for core.requirementFact under contract 2.1.2,nullable value must preserve source missingness; no sentinel substitution,2.1.2,f92380cdfc16967f1e363800cd9a575e44532f18a86b2f28f8c3e2404ed675e9
core.requirementFact,Atomic requirement evidence,9,valueText,VARCHAR,True,Normalized text value,,False,False,,,core.postingSection,deterministic transformation for core.requirementFact under contract 2.1.2,nullable value must preserve source missingness; no sentinel substitution,2.1.2,f92380cdfc16967f1e363800cd9a575e44532f18a86b2f28f8c3e2404ed675e9
core.requirementFact,Atomic requirement evidence,10,certificateNameRaw,VARCHAR,True,Raw certificate name,,False,False,,,core.postingSection,deterministic transformation for core.requirementFact under contract 2.1.2,nullable value must preserve source missingness; no sentinel substitution,2.1.2,f92380cdfc16967f1e363800cd9a575e44532f18a86b2f28f8c3e2404ed675e9
core.requirementFact,Atomic requirement evidence,11,certificateClass,VARCHAR,True,National certificate class,craftsman|industrialEngineer|engineer|masterCraftsman|professionalEngineer|otherNational,False,False,,,core.postingSection,deterministic transformation for core.requirementFact under contract 2.1.2,must belong to enum certificateClass,2.1.2,f92380cdfc16967f1e363800cd9a575e44532f18a86b2f28f8c3e2404ed675e9
core.requirementFact,Atomic requirement evidence,12,degreeLevel,VARCHAR,True,Required degree level,highSchool|associate|bachelor|master|doctor,False,False,,,core.postingSection,deterministic transformation for core.requirementFact under contract 2.1.2,must belong to enum degreeLevel,2.1.2,f92380cdfc16967f1e363800cd9a575e44532f18a86b2f28f8c3e2404ed675e9
core.requirementFact,Atomic requirement evidence,13,evidenceText,VARCHAR,False,Source evidence text,,False,False,,,core.postingSection,deterministic transformation for core.requirementFact under contract 2.1.2,must be non-null,2.1.2,f92380cdfc16967f1e363800cd9a575e44532f18a86b2f28f8c3e2404ed675e9
core.requirementFact,Atomic requirement evidence,14,extractorVersion,VARCHAR,False,Extractor version,,False,False,,,core.postingSection,deterministic transformation for core.requirementFact under contract 2.1.2,must be non-null,2.1.2,f92380cdfc16967f1e363800cd9a575e44532f18a86b2f28f8c3e2404ed675e9
core.requirementFact,Atomic requirement evidence,15,confidence,DOUBLE,True,Extraction confidence,,False,False,,confidence IS NULL OR confidence BETWEEN 0 AND 1,core.postingSection,deterministic transformation for core.requirementFact under contract 2.1.2,must satisfy confidence IS NULL OR confidence BETWEEN 0 AND 1,2.1.2,f92380cdfc16967f1e363800cd9a575e44532f18a86b2f28f8c3e2404ed675e9
core.requirementFact,Atomic requirement evidence,16,reviewFlag,BOOLEAN,False,Human review required,,False,False,False,,core.postingSection,deterministic transformation for core.requirementFact under contract 2.1.2,must be non-null,2.1.2,f92380cdfc16967f1e363800cd9a575e44532f18a86b2f28f8c3e2404ed675e9
core.careerLabel,Career and intern access labels,1,trackId,VARCHAR,False,Track key,,True,False,,,core.requirementFact and core.postingTrack,TRK_ + sha256(postingId|trackIndex)[:20],non-null and unique within primary key of core.careerLabel,2.1.2,f92380cdfc16967f1e363800cd9a575e44532f18a86b2f28f8c3e2404ed675e9
core.careerLabel,Career and intern access labels,2,postingId,VARCHAR,False,Posting key,,False,False,,,core.requirementFact and core.postingTrack,PST_ + sha256(sourceName|sourcePostingId)[:20],must be non-null,2.1.2,f92380cdfc16967f1e363800cd9a575e44532f18a86b2f28f8c3e2404ed675e9
core.careerLabel,Career and intern access labels,3,careerClass,VARCHAR,False,Non-intern career class or U,E0|E1|E2|E3|U,False,False,,,core.requirementFact and core.postingTrack,deterministic transformation for core.careerLabel under contract 2.1.2,must be non-null; must belong to enum careerClass,2.1.2,f92380cdfc16967f1e363800cd9a575e44532f18a86b2f28f8c3e2404ed675e9
core.careerLabel,Career and intern access labels,4,internAccessClass,VARCHAR,True,Intern access class,I0|I1|IU,False,False,,,core.requirementFact and core.postingTrack,deterministic transformation for core.careerLabel under contract 2.1.2,must belong to enum internAccessClass,2.1.2,f92380cdfc16967f1e363800cd9a575e44532f18a86b2f28f8c3e2404ed675e9
core.careerLabel,Career and intern access labels,5,nominalEntryFlag,BOOLEAN,False,E0 or E1,,False,False,,,core.requirementFact and core.postingTrack,deterministic transformation for core.careerLabel under contract 2.1.2,must be non-null,2.1.2,f92380cdfc16967f1e363800cd9a575e44532f18a86b2f28f8c3e2404ed675e9
core.careerLabel,Career and intern access labels,6,openEntryFlag,BOOLEAN,False,E0 indicator,,False,False,,,core.requirementFact and core.postingTrack,deterministic transformation for core.careerLabel under contract 2.1.2,must be non-null,2.1.2,f92380cdfc16967f1e363800cd9a575e44532f18a86b2f28f8c3e2404ed675e9
core.careerLabel,Career and intern access labels,7,restrictedEntryFlag,BOOLEAN,False,E1 indicator,,False,False,,,core.requirementFact and core.postingTrack,deterministic transformation for core.careerLabel under contract 2.1.2,must be non-null,2.1.2,f92380cdfc16967f1e363800cd9a575e44532f18a86b2f28f8c3e2404ed675e9
core.careerLabel,Career and intern access labels,8,openInternFlag,BOOLEAN,False,I0 indicator,,False,False,,,core.requirementFact and core.postingTrack,deterministic transformation for core.careerLabel under contract 2.1.2,must be non-null,2.1.2,f92380cdfc16967f1e363800cd9a575e44532f18a86b2f28f8c3e2404ed675e9
core.careerLabel,Career and intern access labels,9,restrictedInternFlag,BOOLEAN,False,R or P required for intern,,False,False,,,core.requirementFact and core.postingTrack,deterministic transformation for core.careerLabel under contract 2.1.2,must be non-null,2.1.2,f92380cdfc16967f1e363800cd9a575e44532f18a86b2f28f8c3e2404ed675e9
core.careerLabel,Career and intern access labels,10,experiencedInternFlag,BOOLEAN,False,Strict required prior experience P,,False,False,,,core.requirementFact and core.postingTrack,deterministic transformation for core.careerLabel under contract 2.1.2,must be non-null,2.1.2,f92380cdfc16967f1e363800cd9a575e44532f18a86b2f28f8c3e2404ed675e9
core.careerLabel,Career and intern access labels,11,minCareerMonths,SMALLINT,True,Minimum required career months,,False,False,,minCareerMonths IS NULL OR minCareerMonths >= 0,core.requirementFact and core.postingTrack,deterministic transformation for core.careerLabel under contract 2.1.2,must satisfy minCareerMonths IS NULL OR minCareerMonths >= 0,2.1.2,f92380cdfc16967f1e363800cd9a575e44532f18a86b2f28f8c3e2404ed675e9
core.careerLabel,Career and intern access labels,12,requiredExperienceFlag,BOOLEAN,False,Required positive career duration,,False,False,,,core.requirementFact and core.postingTrack,deterministic transformation for core.careerLabel under contract 2.1.2,must be non-null,2.1.2,f92380cdfc16967f1e363800cd9a575e44532f18a86b2f28f8c3e2404ed675e9
core.careerLabel,Career and intern access labels,13,requiredPriorExperienceFlag,BOOLEAN,False,Required prior internship role or production project,,False,False,,,core.requirementFact and core.postingTrack,deterministic transformation for core.careerLabel under contract 2.1.2,must be non-null,2.1.2,f92380cdfc16967f1e363800cd9a575e44532f18a86b2f28f8c3e2404ed675e9
core.careerLabel,Career and intern access labels,14,boundaryResolvedFlag,BOOLEAN,False,Required-preferred boundary resolved,,False,False,,,core.requirementFact and core.postingTrack,deterministic transformation for core.careerLabel under contract 2.1.2,must be non-null,2.1.2,f92380cdfc16967f1e363800cd9a575e44532f18a86b2f28f8c3e2404ed675e9
core.careerLabel,Career and intern access labels,15,explicitCareerFlag,BOOLEAN,False,Explicit experienced-only wording,,False,False,,,core.requirementFact and core.postingTrack,deterministic transformation for core.careerLabel under contract 2.1.2,must be non-null,2.1.2,f92380cdfc16967f1e363800cd9a575e44532f18a86b2f28f8c3e2404ed675e9
core.careerLabel,Career and intern access labels,16,labelConfidence,DOUBLE,True,Label confidence,,False,False,,labelConfidence IS NULL OR labelConfidence BETWEEN 0 AND 1,core.requirementFact and core.postingTrack,deterministic transformation for core.careerLabel under contract 2.1.2,must satisfy labelConfidence IS NULL OR labelConfidence BETWEEN 0 AND 1,2.1.2,f92380cdfc16967f1e363800cd9a575e44532f18a86b2f28f8c3e2404ed675e9
core.careerLabel,Career and intern access labels,17,labelVersion,VARCHAR,False,Label version,,False,False,,,core.requirementFact and core.postingTrack,deterministic transformation for core.careerLabel under contract 2.1.2,must be non-null,2.1.2,f92380cdfc16967f1e363800cd9a575e44532f18a86b2f28f8c3e2404ed675e9
core.postingDedupEdge,Auditable pairwise repost decision,1,edgeId,VARCHAR,False,Edge key,,True,False,,,core.postingNormalized,deterministic transformation for core.postingDedupEdge under contract 2.1.2,non-null and unique within primary key of core.postingDedupEdge,2.1.2,f92380cdfc16967f1e363800cd9a575e44532f18a86b2f28f8c3e2404ed675e9
core.postingDedupEdge,Auditable pairwise repost decision,2,leftPostingId,VARCHAR,False,Left posting,,False,True,,,core.postingNormalized,deterministic transformation for core.postingDedupEdge under contract 2.1.2,must be non-null,2.1.2,f92380cdfc16967f1e363800cd9a575e44532f18a86b2f28f8c3e2404ed675e9
core.postingDedupEdge,Auditable pairwise repost decision,3,rightPostingId,VARCHAR,False,Right posting,,False,True,,,core.postingNormalized,deterministic transformation for core.postingDedupEdge under contract 2.1.2,must be non-null,2.1.2,f92380cdfc16967f1e363800cd9a575e44532f18a86b2f28f8c3e2404ed675e9
core.postingDedupEdge,Auditable pairwise repost decision,4,dayDiff,INTEGER,False,Absolute date gap,,False,False,,dayDiff BETWEEN 0 AND 90,core.postingNormalized,deterministic transformation for core.postingDedupEdge under contract 2.1.2,must be non-null; must satisfy dayDiff BETWEEN 0 AND 90,2.1.2,f92380cdfc16967f1e363800cd9a575e44532f18a86b2f28f8c3e2404ed675e9
core.postingDedupEdge,Auditable pairwise repost decision,5,titleSimilarity,DOUBLE,True,Title similarity,,False,False,,titleSimilarity IS NULL OR titleSimilarity BETWEEN 0 AND 1,core.postingNormalized,deterministic transformation for core.postingDedupEdge under contract 2.1.2,must satisfy titleSimilarity IS NULL OR titleSimilarity BETWEEN 0 AND 1,2.1.2,f92380cdfc16967f1e363800cd9a575e44532f18a86b2f28f8c3e2404ed675e9
core.postingDedupEdge,Auditable pairwise repost decision,6,bodySimilarity,DOUBLE,True,Body similarity,,False,False,,bodySimilarity IS NULL OR bodySimilarity BETWEEN 0 AND 1,core.postingNormalized,deterministic transformation for core.postingDedupEdge under contract 2.1.2,must satisfy bodySimilarity IS NULL OR bodySimilarity BETWEEN 0 AND 1,2.1.2,f92380cdfc16967f1e363800cd9a575e44532f18a86b2f28f8c3e2404ed675e9
core.postingDedupEdge,Auditable pairwise repost decision,7,decision,VARCHAR,False,Dedup decision,sameGroup|distinct|undecided,False,False,,,core.postingNormalized,deterministic transformation for core.postingDedupEdge under contract 2.1.2,must be non-null; must belong to enum dedupDecision,2.1.2,f92380cdfc16967f1e363800cd9a575e44532f18a86b2f28f8c3e2404ed675e9
core.postingDedupEdge,Auditable pairwise repost decision,8,decisionBasis,VARCHAR,True,Decision evidence,,False,False,,,core.postingNormalized,deterministic transformation for core.postingDedupEdge under contract 2.1.2,nullable value must preserve source missingness; no sentinel substitution,2.1.2,f92380cdfc16967f1e363800cd9a575e44532f18a86b2f28f8c3e2404ed675e9
core.postingDedupEdge,Auditable pairwise repost decision,9,dedupVersion,VARCHAR,False,Dedup version,,False,True,,,core.postingNormalized,deterministic transformation for core.postingDedupEdge under contract 2.1.2,must be non-null,2.1.2,f92380cdfc16967f1e363800cd9a575e44532f18a86b2f28f8c3e2404ed675e9
ncs.ncsUnit,NCS unit and level anchor,1,ncsUnitCode,VARCHAR,False,NCS unit code,,True,False,,,official NCS unit source,direct extraction or normalized source metadata; no analytical inference,non-null and unique within primary key of ncs.ncsUnit,2.1.2,f92380cdfc16967f1e363800cd9a575e44532f18a86b2f28f8c3e2404ed675e9
ncs.ncsUnit,NCS unit and level anchor,2,ncsUnitName,VARCHAR,False,NCS unit name,,False,False,,,official NCS unit source,direct extraction or normalized source metadata; no analytical inference,must be non-null,2.1.2,f92380cdfc16967f1e363800cd9a575e44532f18a86b2f28f8c3e2404ed675e9
ncs.ncsUnit,NCS unit and level anchor,3,ncsMajorCode,VARCHAR,True,Major classification code,,False,False,,,official NCS unit source,direct extraction or normalized source metadata; no analytical inference,nullable value must preserve source missingness; no sentinel substitution,2.1.2,f92380cdfc16967f1e363800cd9a575e44532f18a86b2f28f8c3e2404ed675e9
ncs.ncsUnit,NCS unit and level anchor,4,ncsMiddleCode,VARCHAR,True,Middle classification code,,False,False,,,official NCS unit source,direct extraction or normalized source metadata; no analytical inference,nullable value must preserve source missingness; no sentinel substitution,2.1.2,f92380cdfc16967f1e363800cd9a575e44532f18a86b2f28f8c3e2404ed675e9
ncs.ncsUnit,NCS unit and level anchor,5,ncsMinorCode,VARCHAR,True,Minor classification code,,False,False,,,official NCS unit source,direct extraction or normalized source metadata; no analytical inference,nullable value must preserve source missingness; no sentinel substitution,2.1.2,f92380cdfc16967f1e363800cd9a575e44532f18a86b2f28f8c3e2404ed675e9
ncs.ncsUnit,NCS unit and level anchor,6,ncsSubCode,VARCHAR,False,Subclassification code,,False,False,,,official NCS unit source,direct extraction or normalized source metadata; no analytical inference,must be non-null,2.1.2,f92380cdfc16967f1e363800cd9a575e44532f18a86b2f28f8c3e2404ed675e9
ncs.ncsUnit,NCS unit and level anchor,7,ncsLevel,SMALLINT,False,NCS level,,False,False,,ncsLevel BETWEEN 1 AND 8,official NCS unit source,direct extraction or normalized source metadata; no analytical inference,must be non-null; must satisfy ncsLevel BETWEEN 1 AND 8,2.1.2,f92380cdfc16967f1e363800cd9a575e44532f18a86b2f28f8c3e2404ed675e9
ncs.ncsUnit,NCS unit and level anchor,8,ncsBand,VARCHAR,False,Four-level article band,level1to2|level3to4|level5to6|level7to8,False,False,,,official NCS unit source,direct extraction or normalized source metadata; no analytical inference,must be non-null; must belong to enum ncsBand,2.1.2,f92380cdfc16967f1e363800cd9a575e44532f18a86b2f28f8c3e2404ed675e9
ncs.ncsUnit,NCS unit and level anchor,9,definitionText,VARCHAR,True,Unit definition,,False,False,,,official NCS unit source,direct extraction or normalized source metadata; no analytical inference,nullable value must preserve source missingness; no sentinel substitution,2.1.2,f92380cdfc16967f1e363800cd9a575e44532f18a86b2f28f8c3e2404ed675e9
ncs.ncsUnit,NCS unit and level anchor,10,performanceCriteriaText,VARCHAR,True,Performance criteria,,False,False,,,official NCS unit source,direct extraction or normalized source metadata; no analytical inference,nullable value must preserve source missingness; no sentinel substitution,2.1.2,f92380cdfc16967f1e363800cd9a575e44532f18a86b2f28f8c3e2404ed675e9
ncs.ncsUnit,NCS unit and level anchor,11,knowledgeText,VARCHAR,True,Knowledge evidence,,False,False,,,official NCS unit source,direct extraction or normalized source metadata; no analytical inference,nullable value must preserve source missingness; no sentinel substitution,2.1.2,f92380cdfc16967f1e363800cd9a575e44532f18a86b2f28f8c3e2404ed675e9
ncs.ncsUnit,NCS unit and level anchor,12,skillText,VARCHAR,True,Skill evidence,,False,False,,,official NCS unit source,direct extraction or normalized source metadata; no analytical inference,nullable value must preserve source missingness; no sentinel substitution,2.1.2,f92380cdfc16967f1e363800cd9a575e44532f18a86b2f28f8c3e2404ed675e9
ncs.ncsUnit,NCS unit and level anchor,13,attitudeText,VARCHAR,True,Attitude evidence,,False,False,,,official NCS unit source,direct extraction or normalized source metadata; no analytical inference,nullable value must preserve source missingness; no sentinel substitution,2.1.2,f92380cdfc16967f1e363800cd9a575e44532f18a86b2f28f8c3e2404ed675e9
ncs.ncsUnit,NCS unit and level anchor,14,developmentYear,SMALLINT,True,Development year,,False,False,,,official NCS unit source,direct extraction or normalized source metadata; no analytical inference,nullable value must preserve source missingness; no sentinel substitution,2.1.2,f92380cdfc16967f1e363800cd9a575e44532f18a86b2f28f8c3e2404ed675e9
ncs.ncsUnit,NCS unit and level anchor,15,sourceVersion,VARCHAR,False,NCS source version,,False,False,,,official NCS unit source,direct extraction or normalized source metadata; no analytical inference,must be non-null,2.1.2,f92380cdfc16967f1e363800cd9a575e44532f18a86b2f28f8c3e2404ed675e9
ncs.ncsUnit,NCS unit and level anchor,16,rawSha256,VARCHAR,False,Source SHA-256,,False,False,,length(rawSha256) = 64,official NCS unit source,direct extraction or normalized source metadata; no analytical inference,must be non-null; must satisfy length(rawSha256) = 64,2.1.2,f92380cdfc16967f1e363800cd9a575e44532f18a86b2f28f8c3e2404ed675e9
ncs.ncsLearningModule,NCS learning module task evidence,1,moduleId,VARCHAR,False,Module key,,True,False,,,official NCS learning module source,direct extraction or normalized source metadata; no analytical inference,non-null and unique within primary key of ncs.ncsLearningModule,2.1.2,f92380cdfc16967f1e363800cd9a575e44532f18a86b2f28f8c3e2404ed675e9
ncs.ncsLearningModule,NCS learning module task evidence,2,ncsUnitCode,VARCHAR,False,NCS unit code,,False,False,,,official NCS learning module source,direct extraction or normalized source metadata; no analytical inference,must be non-null,2.1.2,f92380cdfc16967f1e363800cd9a575e44532f18a86b2f28f8c3e2404ed675e9
ncs.ncsLearningModule,NCS learning module task evidence,3,moduleName,VARCHAR,False,Module name,,False,False,,,official NCS learning module source,direct extraction or normalized source metadata; no analytical inference,must be non-null,2.1.2,f92380cdfc16967f1e363800cd9a575e44532f18a86b2f28f8c3e2404ed675e9
ncs.ncsLearningModule,NCS learning module task evidence,4,taskText,VARCHAR,True,Task-context evidence,,False,False,,,official NCS learning module source,direct extraction or normalized source metadata; no analytical inference,nullable value must preserve source missingness; no sentinel substitution,2.1.2,f92380cdfc16967f1e363800cd9a575e44532f18a86b2f28f8c3e2404ed675e9
ncs.ncsLearningModule,NCS learning module task evidence,5,trainingLevel,SMALLINT,True,Training level,,False,False,,trainingLevel IS NULL OR trainingLevel BETWEEN 1 AND 8,official NCS learning module source,direct extraction or normalized source metadata; no analytical inference,must satisfy trainingLevel IS NULL OR trainingLevel BETWEEN 1 AND 8,2.1.2,f92380cdfc16967f1e363800cd9a575e44532f18a86b2f28f8c3e2404ed675e9
ncs.ncsLearningModule,NCS learning module task evidence,6,sourceUrl,VARCHAR,True,Source URL,,False,False,,,official NCS learning module source,direct extraction or normalized source metadata; no analytical inference,nullable value must preserve source missingness; no sentinel substitution,2.1.2,f92380cdfc16967f1e363800cd9a575e44532f18a86b2f28f8c3e2404ed675e9
ncs.ncsLearningModule,NCS learning module task evidence,7,localFilePath,VARCHAR,True,Non-redistributable local reference,,False,False,,,official NCS learning module source,direct extraction or normalized source metadata; no analytical inference,nullable value must preserve source missingness; no sentinel substitution,2.1.2,f92380cdfc16967f1e363800cd9a575e44532f18a86b2f28f8c3e2404ed675e9
ncs.ncsLearningModule,NCS learning module task evidence,8,redistributableFlag,BOOLEAN,False,Redistribution permission,,False,False,False,,official NCS learning module source,direct extraction or normalized source metadata; no analytical inference,must be non-null,2.1.2,f92380cdfc16967f1e363800cd9a575e44532f18a86b2f28f8c3e2404ed675e9
ncs.ncsLearningModule,NCS learning module task evidence,9,sourceVersion,VARCHAR,False,Source version,,False,False,,,official NCS learning module source,direct extraction or normalized source metadata; no analytical inference,must be non-null,2.1.2,f92380cdfc16967f1e363800cd9a575e44532f18a86b2f28f8c3e2404ed675e9
ncs.ncsLearningModule,NCS learning module task evidence,10,rawSha256,VARCHAR,False,Source SHA-256,,False,False,,length(rawSha256) = 64,official NCS learning module source,direct extraction or normalized source metadata; no analytical inference,must be non-null; must satisfy length(rawSha256) = 64,2.1.2,f92380cdfc16967f1e363800cd9a575e44532f18a86b2f28f8c3e2404ed675e9
ncs.postingNcsMatch,Evidence-bearing posting-task to NCS match,1,matchId,VARCHAR,False,Match key,,True,False,,,core task evidence and official NCS units,NMT_ + sha256(trackId|ncsUnitCode|mappingBasis|evidenceHash)[:20],non-null and unique within primary key of ncs.postingNcsMatch,2.1.2,f92380cdfc16967f1e363800cd9a575e44532f18a86b2f28f8c3e2404ed675e9
ncs.postingNcsMatch,Evidence-bearing posting-task to NCS match,2,postingId,VARCHAR,False,Posting key,,False,False,,,core task evidence and official NCS units,PST_ + sha256(sourceName|sourcePostingId)[:20],must be non-null,2.1.2,f92380cdfc16967f1e363800cd9a575e44532f18a86b2f28f8c3e2404ed675e9
ncs.postingNcsMatch,Evidence-bearing posting-task to NCS match,3,trackId,VARCHAR,False,Track key,,False,False,,,core task evidence and official NCS units,TRK_ + sha256(postingId|trackIndex)[:20],must be non-null,2.1.2,f92380cdfc16967f1e363800cd9a575e44532f18a86b2f28f8c3e2404ed675e9
ncs.postingNcsMatch,Evidence-bearing posting-task to NCS match,4,sectionId,VARCHAR,True,Section evidence key,,False,False,,,core task evidence and official NCS units,SEC_ + sha256(trackId|sectionOrder)[:20],nullable value must preserve source missingness; no sentinel substitution,2.1.2,f92380cdfc16967f1e363800cd9a575e44532f18a86b2f28f8c3e2404ed675e9
ncs.postingNcsMatch,Evidence-bearing posting-task to NCS match,5,requirementId,VARCHAR,True,Requirement evidence key,,False,False,,,core task evidence and official NCS units,REQ_ + sha256(sectionId|requirementType|normalizedEvidence)[:20],nullable value must preserve source missingness; no sentinel substitution,2.1.2,f92380cdfc16967f1e363800cd9a575e44532f18a86b2f28f8c3e2404ed675e9
ncs.postingNcsMatch,Evidence-bearing posting-task to NCS match,6,ncsUnitCode,VARCHAR,False,NCS unit code,,False,False,,,core task evidence and official NCS units,deterministic transformation for ncs.postingNcsMatch under contract 2.1.2,must be non-null,2.1.2,f92380cdfc16967f1e363800cd9a575e44532f18a86b2f28f8c3e2404ed675e9
ncs.postingNcsMatch,Evidence-bearing posting-task to NCS match,7,ncsLevel,SMALLINT,False,NCS level,,False,False,,ncsLevel BETWEEN 1 AND 8,core task evidence and official NCS units,deterministic transformation for ncs.postingNcsMatch under contract 2.1.2,must be non-null; must satisfy ncsLevel BETWEEN 1 AND 8,2.1.2,f92380cdfc16967f1e363800cd9a575e44532f18a86b2f28f8c3e2404ed675e9
ncs.postingNcsMatch,Evidence-bearing posting-task to NCS match,8,ncsBand,VARCHAR,False,NCS band,level1to2|level3to4|level5to6|level7to8,False,False,,,core task evidence and official NCS units,deterministic transformation for ncs.postingNcsMatch under contract 2.1.2,must be non-null; must belong to enum ncsBand,2.1.2,f92380cdfc16967f1e363800cd9a575e44532f18a86b2f28f8c3e2404ed675e9
ncs.postingNcsMatch,Evidence-bearing posting-task to NCS match,9,mappingBasis,VARCHAR,False,Mapping evidence class,ncsUnitDirect|ncsPerformanceCriteria|ncsLearningModule|dictionaryRule|semanticMatch,False,False,,,core task evidence and official NCS units,deterministic transformation for ncs.postingNcsMatch under contract 2.1.2,must be non-null; must belong to enum mappingBasis,2.1.2,f92380cdfc16967f1e363800cd9a575e44532f18a86b2f28f8c3e2404ed675e9
ncs.postingNcsMatch,Evidence-bearing posting-task to NCS match,10,matchScore,DOUBLE,True,Match score,,False,False,,matchScore IS NULL OR matchScore BETWEEN 0 AND 1,core task evidence and official NCS units,deterministic transformation for ncs.postingNcsMatch under contract 2.1.2,must satisfy matchScore IS NULL OR matchScore BETWEEN 0 AND 1,2.1.2,f92380cdfc16967f1e363800cd9a575e44532f18a86b2f28f8c3e2404ed675e9
ncs.postingNcsMatch,Evidence-bearing posting-task to NCS match,11,matchRank,SMALLINT,False,Candidate rank,,False,False,,matchRank >= 1,core task evidence and official NCS units,deterministic transformation for ncs.postingNcsMatch under contract 2.1.2,must be non-null; must satisfy matchRank >= 1,2.1.2,f92380cdfc16967f1e363800cd9a575e44532f18a86b2f28f8c3e2404ed675e9
ncs.postingNcsMatch,Evidence-bearing posting-task to NCS match,12,selectedFlag,BOOLEAN,False,Selected mapping candidate,,False,False,,,core task evidence and official NCS units,deterministic transformation for ncs.postingNcsMatch under contract 2.1.2,must be non-null,2.1.2,f92380cdfc16967f1e363800cd9a575e44532f18a86b2f28f8c3e2404ed675e9
ncs.postingNcsMatch,Evidence-bearing posting-task to NCS match,13,ncsConfidenceTier,VARCHAR,False,Confidence tier,high|medium|low,False,False,,,core task evidence and official NCS units,deterministic transformation for ncs.postingNcsMatch under contract 2.1.2,must be non-null; must belong to enum confidenceTier,2.1.2,f92380cdfc16967f1e363800cd9a575e44532f18a86b2f28f8c3e2404ed675e9
ncs.postingNcsMatch,Evidence-bearing posting-task to NCS match,14,evidenceText,VARCHAR,False,Task-context evidence text,,False,False,,,core task evidence and official NCS units,deterministic transformation for ncs.postingNcsMatch under contract 2.1.2,must be non-null,2.1.2,f92380cdfc16967f1e363800cd9a575e44532f18a86b2f28f8c3e2404ed675e9
ncs.postingNcsMatch,Evidence-bearing posting-task to NCS match,15,mappingVersion,VARCHAR,False,Mapping version,,False,False,,,core task evidence and official NCS units,deterministic transformation for ncs.postingNcsMatch under contract 2.1.2,must be non-null,2.1.2,f92380cdfc16967f1e363800cd9a575e44532f18a86b2f28f8c3e2404ed675e9
ncs.postingNcsMatch,Evidence-bearing posting-task to NCS match,16,matchedAt,TIMESTAMPTZ,False,Match timestamp,,False,False,,,core task evidence and official NCS units,deterministic transformation for ncs.postingNcsMatch under contract 2.1.2,must be non-null,2.1.2,f92380cdfc16967f1e363800cd9a575e44532f18a86b2f28f8c3e2404ed675e9
mart.postingAnalysisMart,Canonical track-grain analytical mart,1,trackId,VARCHAR,False,Track key,,True,False,,,canonical core and NCS entities,TRK_ + sha256(postingId|trackIndex)[:20],non-null and unique within primary key of mart.postingAnalysisMart,2.1.2,f92380cdfc16967f1e363800cd9a575e44532f18a86b2f28f8c3e2404ed675e9
mart.postingAnalysisMart,Canonical track-grain analytical mart,2,postingId,VARCHAR,False,Posting key,,False,False,,,canonical core and NCS entities,PST_ + sha256(sourceName|sourcePostingId)[:20],must be non-null,2.1.2,f92380cdfc16967f1e363800cd9a575e44532f18a86b2f28f8c3e2404ed675e9
mart.postingAnalysisMart,Canonical track-grain analytical mart,3,canonicalPostingId,VARCHAR,False,Deduplicated count key,,False,False,,,canonical core and NCS entities,deterministic transformation for mart.postingAnalysisMart under contract 2.1.2,must be non-null,2.1.2,f92380cdfc16967f1e363800cd9a575e44532f18a86b2f28f8c3e2404ed675e9
mart.postingAnalysisMart,Canonical track-grain analytical mart,4,canonicalPostedAt,TIMESTAMPTZ,False,First post timestamp,,False,False,,,canonical core and NCS entities,deterministic transformation for mart.postingAnalysisMart under contract 2.1.2,must be non-null,2.1.2,f92380cdfc16967f1e363800cd9a575e44532f18a86b2f28f8c3e2404ed675e9
mart.postingAnalysisMart,Canonical track-grain analytical mart,5,periodMonth,DATE,False,First day of month,,False,False,,,canonical core and NCS entities,deterministic transformation for mart.postingAnalysisMart under contract 2.1.2,must be non-null,2.1.2,f92380cdfc16967f1e363800cd9a575e44532f18a86b2f28f8c3e2404ed675e9
mart.postingAnalysisMart,Canonical track-grain analytical mart,6,year,SMALLINT,False,Calendar year,,False,False,,,canonical core and NCS entities,deterministic transformation for mart.postingAnalysisMart under contract 2.1.2,must be non-null,2.1.2,f92380cdfc16967f1e363800cd9a575e44532f18a86b2f28f8c3e2404ed675e9
mart.postingAnalysisMart,Canonical track-grain analytical mart,7,month,SMALLINT,False,Calendar month,,False,False,,month BETWEEN 1 AND 12,canonical core and NCS entities,deterministic transformation for mart.postingAnalysisMart under contract 2.1.2,must be non-null; must satisfy month BETWEEN 1 AND 12,2.1.2,f92380cdfc16967f1e363800cd9a575e44532f18a86b2f28f8c3e2404ed675e9
mart.postingAnalysisMart,Canonical track-grain analytical mart,8,quarterNumber,SMALLINT,False,Quarter number,,False,False,,quarterNumber BETWEEN 1 AND 4,canonical core and NCS entities,deterministic transformation for mart.postingAnalysisMart under contract 2.1.2,must be non-null; must satisfy quarterNumber BETWEEN 1 AND 4,2.1.2,f92380cdfc16967f1e363800cd9a575e44532f18a86b2f28f8c3e2404ed675e9
mart.postingAnalysisMart,Canonical track-grain analytical mart,9,asOfDate,DATE,False,Data cutoff date,,False,False,,,canonical core and NCS entities,deterministic transformation for mart.postingAnalysisMart under contract 2.1.2,must be non-null,2.1.2,f92380cdfc16967f1e363800cd9a575e44532f18a86b2f28f8c3e2404ed675e9
mart.postingAnalysisMart,Canonical track-grain analytical mart,10,sourceName,VARCHAR,False,Source,linkareer,False,False,,,canonical core and NCS entities,deterministic transformation for mart.postingAnalysisMart under contract 2.1.2,must be non-null; must belong to the inline enum,2.1.2,f92380cdfc16967f1e363800cd9a575e44532f18a86b2f28f8c3e2404ed675e9
mart.postingAnalysisMart,Canonical track-grain analytical mart,11,sourceUrl,VARCHAR,False,Posting URL,,False,False,,,canonical core and NCS entities,deterministic transformation for mart.postingAnalysisMart under contract 2.1.2,must be non-null,2.1.2,f92380cdfc16967f1e363800cd9a575e44532f18a86b2f28f8c3e2404ed675e9
mart.postingAnalysisMart,Canonical track-grain analytical mart,12,companyKey,VARCHAR,True,Company key,,False,False,,,canonical core and NCS entities,deterministic transformation for mart.postingAnalysisMart under contract 2.1.2,nullable value must preserve source missingness; no sentinel substitution,2.1.2,f92380cdfc16967f1e363800cd9a575e44532f18a86b2f28f8c3e2404ed675e9
mart.postingAnalysisMart,Canonical track-grain analytical mart,13,companyName,VARCHAR,True,Company name,,False,False,,,canonical core and NCS entities,deterministic transformation for mart.postingAnalysisMart under contract 2.1.2,nullable value must preserve source missingness; no sentinel substitution,2.1.2,f92380cdfc16967f1e363800cd9a575e44532f18a86b2f28f8c3e2404ed675e9
mart.postingAnalysisMart,Canonical track-grain analytical mart,14,jobTitle,VARCHAR,True,Job title,,False,False,,,canonical core and NCS entities,deterministic transformation for mart.postingAnalysisMart under contract 2.1.2,nullable value must preserve source missingness; no sentinel substitution,2.1.2,f92380cdfc16967f1e363800cd9a575e44532f18a86b2f28f8c3e2404ed675e9
mart.postingAnalysisMart,Canonical track-grain analytical mart,15,cohortType,VARCHAR,False,Analysis cohort,coreAiIt|allJobs,False,False,,,canonical core and NCS entities,deterministic transformation for mart.postingAnalysisMart under contract 2.1.2,must be non-null; must belong to enum cohortType,2.1.2,f92380cdfc16967f1e363800cd9a575e44532f18a86b2f28f8c3e2404ed675e9
mart.postingAnalysisMart,Canonical track-grain analytical mart,16,jobCodeLevel,VARCHAR,False,Job aggregation level,all|major|middle|minor|sub,False,False,,,canonical core and NCS entities,deterministic transformation for mart.postingAnalysisMart under contract 2.1.2,must be non-null; must belong to enum jobCodeLevel,2.1.2,f92380cdfc16967f1e363800cd9a575e44532f18a86b2f28f8c3e2404ed675e9
mart.postingAnalysisMart,Canonical track-grain analytical mart,17,jobCode,VARCHAR,False,ALL or NCS classification code,,False,False,,,canonical core and NCS entities,deterministic transformation for mart.postingAnalysisMart under contract 2.1.2,must be non-null,2.1.2,f92380cdfc16967f1e363800cd9a575e44532f18a86b2f28f8c3e2404ed675e9
mart.postingAnalysisMart,Canonical track-grain analytical mart,18,coreAiItFlag,BOOLEAN,False,Core AI-IT cohort flag,,False,False,,,canonical core and NCS entities,deterministic transformation for mart.postingAnalysisMart under contract 2.1.2,must be non-null,2.1.2,f92380cdfc16967f1e363800cd9a575e44532f18a86b2f28f8c3e2404ed675e9
mart.postingAnalysisMart,Canonical track-grain analytical mart,19,postingKind,VARCHAR,False,Posting kind,recruitIntern|recruitNewGrad|recruitExperienced|recruitUnknown|contest|extracurricular|education|club|volunteer|other,False,False,,,canonical core and NCS entities,deterministic transformation for mart.postingAnalysisMart under contract 2.1.2,must be non-null; must belong to enum postingKind,2.1.2,f92380cdfc16967f1e363800cd9a575e44532f18a86b2f28f8c3e2404ed675e9
mart.postingAnalysisMart,Canonical track-grain analytical mart,20,postingEligibleFlag,BOOLEAN,False,Dedup-independent eligibility,,False,False,,,canonical core and NCS entities,deterministic transformation for mart.postingAnalysisMart under contract 2.1.2,must be non-null,2.1.2,f92380cdfc16967f1e363800cd9a575e44532f18a86b2f28f8c3e2404ed675e9
mart.postingAnalysisMart,Canonical track-grain analytical mart,21,rq1EligibleFlag,BOOLEAN,False,RQ1 denominator eligibility,,False,False,,,canonical core and NCS entities,deterministic transformation for mart.postingAnalysisMart under contract 2.1.2,must be non-null,2.1.2,f92380cdfc16967f1e363800cd9a575e44532f18a86b2f28f8c3e2404ed675e9
mart.postingAnalysisMart,Canonical track-grain analytical mart,22,rq2EligibleFlag,BOOLEAN,False,RQ2 barrier-analysis eligibility,,False,False,,,canonical core and NCS entities,deterministic transformation for mart.postingAnalysisMart under contract 2.1.2,must be non-null,2.1.2,f92380cdfc16967f1e363800cd9a575e44532f18a86b2f28f8c3e2404ed675e9
mart.postingAnalysisMart,Canonical track-grain analytical mart,23,ncsEligibleFlag,BOOLEAN,False,NCS mapping eligibility,,False,False,,,canonical core and NCS entities,deterministic transformation for mart.postingAnalysisMart under contract 2.1.2,must be non-null,2.1.2,f92380cdfc16967f1e363800cd9a575e44532f18a86b2f28f8c3e2404ed675e9
mart.postingAnalysisMart,Canonical track-grain analytical mart,24,rq2ExclusionReason,VARCHAR,True,RQ2 exclusion reason,activityTextMissing|externalAtsBodyUnavailable|boundaryUnresolved|trackUnresolved|textTooShort|nonRecruitPosting|other,False,False,,,canonical core and NCS entities,deterministic transformation for mart.postingAnalysisMart under contract 2.1.2,must belong to enum rq2ExclusionReason,2.1.2,f92380cdfc16967f1e363800cd9a575e44532f18a86b2f28f8c3e2404ed675e9
mart.postingAnalysisMart,Canonical track-grain analytical mart,25,canonicalRecordFlag,BOOLEAN,False,Canonical repost-group record,,False,False,,,canonical core and NCS entities,deterministic transformation for mart.postingAnalysisMart under contract 2.1.2,must be non-null,2.1.2,f92380cdfc16967f1e363800cd9a575e44532f18a86b2f28f8c3e2404ed675e9
mart.postingAnalysisMart,Canonical track-grain analytical mart,26,trackType,VARCHAR,False,Track type,entry|intern|experienced|mixedUnresolved|unknown,False,False,,,canonical core and NCS entities,deterministic transformation for mart.postingAnalysisMart under contract 2.1.2,must be non-null; must belong to enum trackType,2.1.2,f92380cdfc16967f1e363800cd9a575e44532f18a86b2f28f8c3e2404ed675e9
mart.postingAnalysisMart,Canonical track-grain analytical mart,27,recruitmentScope,VARCHAR,False,Recruitment scope,entryOnly|internOnly|experiencedOnly|entryInternMixed|entryExperiencedMixed|internExperiencedMixed|allMixed|mixedUnresolved|unknown,False,False,,,canonical core and NCS entities,deterministic transformation for mart.postingAnalysisMart under contract 2.1.2,must be non-null; must belong to enum recruitmentScope,2.1.2,f92380cdfc16967f1e363800cd9a575e44532f18a86b2f28f8c3e2404ed675e9
mart.postingAnalysisMart,Canonical track-grain analytical mart,28,hasEntryFlag,BOOLEAN,False,Includes entry,,False,False,,,canonical core and NCS entities,deterministic transformation for mart.postingAnalysisMart under contract 2.1.2,must be non-null,2.1.2,f92380cdfc16967f1e363800cd9a575e44532f18a86b2f28f8c3e2404ed675e9
mart.postingAnalysisMart,Canonical track-grain analytical mart,29,hasInternFlag,BOOLEAN,False,Includes intern,,False,False,,,canonical core and NCS entities,deterministic transformation for mart.postingAnalysisMart under contract 2.1.2,must be non-null,2.1.2,f92380cdfc16967f1e363800cd9a575e44532f18a86b2f28f8c3e2404ed675e9
mart.postingAnalysisMart,Canonical track-grain analytical mart,30,hasExperiencedFlag,BOOLEAN,False,Includes experienced,,False,False,,,canonical core and NCS entities,deterministic transformation for mart.postingAnalysisMart under contract 2.1.2,must be non-null,2.1.2,f92380cdfc16967f1e363800cd9a575e44532f18a86b2f28f8c3e2404ed675e9
mart.postingAnalysisMart,Canonical track-grain analytical mart,31,mixedResolvedFlag,BOOLEAN,False,Mixed split resolved,,False,False,,,canonical core and NCS entities,deterministic transformation for mart.postingAnalysisMart under contract 2.1.2,must be non-null,2.1.2,f92380cdfc16967f1e363800cd9a575e44532f18a86b2f28f8c3e2404ed675e9
mart.postingAnalysisMart,Canonical track-grain analytical mart,32,activityTextAvailableFlag,BOOLEAN,False,ActivityText detail availability,,False,False,,,canonical core and NCS entities,deterministic transformation for mart.postingAnalysisMart under contract 2.1.2,must be non-null,2.1.2,f92380cdfc16967f1e363800cd9a575e44532f18a86b2f28f8c3e2404ed675e9
mart.postingAnalysisMart,Canonical track-grain analytical mart,33,externalApplyFlag,BOOLEAN,False,External apply destination is present,,False,False,,,canonical core and NCS entities,deterministic transformation for mart.postingAnalysisMart under contract 2.1.2,must be non-null,2.1.2,f92380cdfc16967f1e363800cd9a575e44532f18a86b2f28f8c3e2404ed675e9
mart.postingAnalysisMart,Canonical track-grain analytical mart,34,externalDetailOnlyFlag,BOOLEAN,False,Full detail only on external ATS,,False,False,,,canonical core and NCS entities,deterministic transformation for mart.postingAnalysisMart under contract 2.1.2,must be non-null,2.1.2,f92380cdfc16967f1e363800cd9a575e44532f18a86b2f28f8c3e2404ed675e9
mart.postingAnalysisMart,Canonical track-grain analytical mart,35,jobTypeConflictFlag,BOOLEAN,False,Listing and duty job type conflict,,False,False,,,canonical core and NCS entities,deterministic transformation for mart.postingAnalysisMart under contract 2.1.2,must be non-null,2.1.2,f92380cdfc16967f1e363800cd9a575e44532f18a86b2f28f8c3e2404ed675e9
mart.postingAnalysisMart,Canonical track-grain analytical mart,36,careerClass,VARCHAR,False,Career class,E0|E1|E2|E3|U,False,False,,,canonical core and NCS entities,deterministic transformation for mart.postingAnalysisMart under contract 2.1.2,must be non-null; must belong to enum careerClass,2.1.2,f92380cdfc16967f1e363800cd9a575e44532f18a86b2f28f8c3e2404ed675e9
mart.postingAnalysisMart,Canonical track-grain analytical mart,37,internAccessClass,VARCHAR,True,Intern access class,I0|I1|IU,False,False,,,canonical core and NCS entities,deterministic transformation for mart.postingAnalysisMart under contract 2.1.2,must belong to enum internAccessClass,2.1.2,f92380cdfc16967f1e363800cd9a575e44532f18a86b2f28f8c3e2404ed675e9
mart.postingAnalysisMart,Canonical track-grain analytical mart,38,nominalEntryFlag,BOOLEAN,False,E0 or E1,,False,False,,,canonical core and NCS entities,deterministic transformation for mart.postingAnalysisMart under contract 2.1.2,must be non-null,2.1.2,f92380cdfc16967f1e363800cd9a575e44532f18a86b2f28f8c3e2404ed675e9
mart.postingAnalysisMart,Canonical track-grain analytical mart,39,restrictedInternFlag,BOOLEAN,False,Required career or prior experience,,False,False,,,canonical core and NCS entities,deterministic transformation for mart.postingAnalysisMart under contract 2.1.2,must be non-null,2.1.2,f92380cdfc16967f1e363800cd9a575e44532f18a86b2f28f8c3e2404ed675e9
mart.postingAnalysisMart,Canonical track-grain analytical mart,40,experiencedInternFlag,BOOLEAN,False,Strict prior-experience requirement,,False,False,,,canonical core and NCS entities,deterministic transformation for mart.postingAnalysisMart under contract 2.1.2,must be non-null,2.1.2,f92380cdfc16967f1e363800cd9a575e44532f18a86b2f28f8c3e2404ed675e9
mart.postingAnalysisMart,Canonical track-grain analytical mart,41,boundaryResolvedFlag,BOOLEAN,False,Required-preferred boundary resolved,,False,False,,,canonical core and NCS entities,deterministic transformation for mart.postingAnalysisMart under contract 2.1.2,must be non-null,2.1.2,f92380cdfc16967f1e363800cd9a575e44532f18a86b2f28f8c3e2404ed675e9
mart.postingAnalysisMart,Canonical track-grain analytical mart,42,minCareerMonths,SMALLINT,True,Minimum required career months,,False,False,,minCareerMonths IS NULL OR minCareerMonths >= 0,canonical core and NCS entities,deterministic transformation for mart.postingAnalysisMart under contract 2.1.2,must satisfy minCareerMonths IS NULL OR minCareerMonths >= 0,2.1.2,f92380cdfc16967f1e363800cd9a575e44532f18a86b2f28f8c3e2404ed675e9
mart.postingAnalysisMart,Canonical track-grain analytical mart,43,ncsLevelWeightedMedian,DOUBLE,True,Confidence-weighted median NCS level,,False,False,,,canonical core and NCS entities,deterministic transformation for mart.postingAnalysisMart under contract 2.1.2,nullable value must preserve source missingness; no sentinel substitution,2.1.2,f92380cdfc16967f1e363800cd9a575e44532f18a86b2f28f8c3e2404ed675e9
mart.postingAnalysisMart,Canonical track-grain analytical mart,44,ncsBandPrimary,VARCHAR,True,Primary NCS band,level1to2|level3to4|level5to6|level7to8,False,False,,,canonical core and NCS entities,deterministic transformation for mart.postingAnalysisMart under contract 2.1.2,must belong to enum ncsBand,2.1.2,f92380cdfc16967f1e363800cd9a575e44532f18a86b2f28f8c3e2404ed675e9
mart.postingAnalysisMart,Canonical track-grain analytical mart,45,ncsMappingCoverage,DOUBLE,False,Track-level mapping coverage,,False,False,,ncsMappingCoverage BETWEEN 0 AND 1,canonical core and NCS entities,deterministic transformation for mart.postingAnalysisMart under contract 2.1.2,must be non-null; must satisfy ncsMappingCoverage BETWEEN 0 AND 1,2.1.2,f92380cdfc16967f1e363800cd9a575e44532f18a86b2f28f8c3e2404ed675e9
mart.postingAnalysisMart,Canonical track-grain analytical mart,46,ncsConfidenceTier,VARCHAR,True,Selected match confidence,high|medium|low,False,False,,,canonical core and NCS entities,deterministic transformation for mart.postingAnalysisMart under contract 2.1.2,must belong to enum confidenceTier,2.1.2,f92380cdfc16967f1e363800cd9a575e44532f18a86b2f28f8c3e2404ed675e9
mart.postingAnalysisMart,Canonical track-grain analytical mart,47,highDemandScore,DOUBLE,True,Reserved composite score,,False,False,,highDemandScore IS NULL,canonical core and NCS entities,deterministic transformation for mart.postingAnalysisMart under contract 2.1.2,must satisfy highDemandScore IS NULL,2.1.2,f92380cdfc16967f1e363800cd9a575e44532f18a86b2f28f8c3e2404ed675e9
mart.postingAnalysisMart,Canonical track-grain analytical mart,48,scoreStatus,VARCHAR,False,Reserved score status,reserved,False,False,'reserved',,canonical core and NCS entities,deterministic transformation for mart.postingAnalysisMart under contract 2.1.2,must be non-null; must belong to enum scoreStatus,2.1.2,f92380cdfc16967f1e363800cd9a575e44532f18a86b2f28f8c3e2404ed675e9
mart.postingAnalysisMart,Canonical track-grain analytical mart,49,duplicateGroupId,VARCHAR,True,Dedup group,,False,False,,,canonical core and NCS entities,deterministic transformation for mart.postingAnalysisMart under contract 2.1.2,nullable value must preserve source missingness; no sentinel substitution,2.1.2,f92380cdfc16967f1e363800cd9a575e44532f18a86b2f28f8c3e2404ed675e9
mart.postingAnalysisMart,Canonical track-grain analytical mart,50,repostCount,SMALLINT,False,Repost count,,False,False,0,repostCount >= 0,canonical core and NCS entities,deterministic transformation for mart.postingAnalysisMart under contract 2.1.2,must be non-null; must satisfy repostCount >= 0,2.1.2,f92380cdfc16967f1e363800cd9a575e44532f18a86b2f28f8c3e2404ed675e9
mart.postingAnalysisMart,Canonical track-grain analytical mart,51,rawSha256,VARCHAR,False,Source SHA-256,,False,False,,length(rawSha256) = 64,canonical core and NCS entities,deterministic transformation for mart.postingAnalysisMart under contract 2.1.2,must be non-null; must satisfy length(rawSha256) = 64,2.1.2,f92380cdfc16967f1e363800cd9a575e44532f18a86b2f28f8c3e2404ed675e9
mart.postingAnalysisMart,Canonical track-grain analytical mart,52,parseVersion,VARCHAR,False,Parser version,,False,False,,,canonical core and NCS entities,deterministic transformation for mart.postingAnalysisMart under contract 2.1.2,must be non-null,2.1.2,f92380cdfc16967f1e363800cd9a575e44532f18a86b2f28f8c3e2404ed675e9
mart.postingAnalysisMart,Canonical track-grain analytical mart,53,labelVersion,VARCHAR,False,Label version,,False,False,,,canonical core and NCS entities,deterministic transformation for mart.postingAnalysisMart under contract 2.1.2,must be non-null,2.1.2,f92380cdfc16967f1e363800cd9a575e44532f18a86b2f28f8c3e2404ed675e9
mart.postingAnalysisMart,Canonical track-grain analytical mart,54,ncsMapVersion,VARCHAR,False,NCS mapping version,,False,False,,,canonical core and NCS entities,deterministic transformation for mart.postingAnalysisMart under contract 2.1.2,must be non-null,2.1.2,f92380cdfc16967f1e363800cd9a575e44532f18a86b2f28f8c3e2404ed675e9
mart.postingAnalysisMart,Canonical track-grain analytical mart,55,dataVersion,VARCHAR,False,Data version,,False,False,,,canonical core and NCS entities,deterministic transformation for mart.postingAnalysisMart under contract 2.1.2,must be non-null,2.1.2,f92380cdfc16967f1e363800cd9a575e44532f18a86b2f28f8c3e2404ed675e9
mart.postingAnalysisMart,Canonical track-grain analytical mart,56,builtAt,TIMESTAMPTZ,False,Mart build timestamp,,False,False,,,canonical core and NCS entities,deterministic transformation for mart.postingAnalysisMart under contract 2.1.2,must be non-null,2.1.2,f92380cdfc16967f1e363800cd9a575e44532f18a86b2f28f8c3e2404ed675e9
mart.timeSeriesMart,Monthly metric mart,1,periodMonth,DATE,False,First day of month,,True,False,,,mart.postingAnalysisMart and qa.monthlyCoverageAudit,deterministic transformation for mart.timeSeriesMart under contract 2.1.2,non-null and unique within primary key of mart.timeSeriesMart,2.1.2,f92380cdfc16967f1e363800cd9a575e44532f18a86b2f28f8c3e2404ed675e9
mart.timeSeriesMart,Monthly metric mart,2,cohortType,VARCHAR,False,Analysis cohort,coreAiIt|allJobs,True,False,,,mart.postingAnalysisMart and qa.monthlyCoverageAudit,deterministic transformation for mart.timeSeriesMart under contract 2.1.2,non-null and unique within primary key of mart.timeSeriesMart; must belong to enum cohortType,2.1.2,f92380cdfc16967f1e363800cd9a575e44532f18a86b2f28f8c3e2404ed675e9
mart.timeSeriesMart,Monthly metric mart,3,jobCodeLevel,VARCHAR,False,Job aggregation level,all|major|middle|minor|sub,True,False,,,mart.postingAnalysisMart and qa.monthlyCoverageAudit,deterministic transformation for mart.timeSeriesMart under contract 2.1.2,non-null and unique within primary key of mart.timeSeriesMart; must belong to enum jobCodeLevel,2.1.2,f92380cdfc16967f1e363800cd9a575e44532f18a86b2f28f8c3e2404ed675e9
mart.timeSeriesMart,Monthly metric mart,4,jobCode,VARCHAR,False,ALL or NCS classification code,,True,False,,,mart.postingAnalysisMart and qa.monthlyCoverageAudit,deterministic transformation for mart.timeSeriesMart under contract 2.1.2,non-null and unique within primary key of mart.timeSeriesMart,2.1.2,f92380cdfc16967f1e363800cd9a575e44532f18a86b2f28f8c3e2404ed675e9
mart.timeSeriesMart,Monthly metric mart,5,dedupApplied,BOOLEAN,False,Canonical dedup filter applied,,True,False,,,mart.postingAnalysisMart and qa.monthlyCoverageAudit,deterministic transformation for mart.timeSeriesMart under contract 2.1.2,non-null and unique within primary key of mart.timeSeriesMart,2.1.2,f92380cdfc16967f1e363800cd9a575e44532f18a86b2f28f8c3e2404ed675e9
mart.timeSeriesMart,Monthly metric mart,6,totalValidPostingCount,INTEGER,False,Distinct posting count,,False,False,,totalValidPostingCount >= 0,mart.postingAnalysisMart and qa.monthlyCoverageAudit,deterministic transformation for mart.timeSeriesMart under contract 2.1.2,must be non-null; must satisfy totalValidPostingCount >= 0,2.1.2,f92380cdfc16967f1e363800cd9a575e44532f18a86b2f28f8c3e2404ed675e9
mart.timeSeriesMart,Monthly metric mart,7,entryPostingCount,INTEGER,False,Entry-including posting count,,False,False,,entryPostingCount >= 0,mart.postingAnalysisMart and qa.monthlyCoverageAudit,deterministic transformation for mart.timeSeriesMart under contract 2.1.2,must be non-null; must satisfy entryPostingCount >= 0,2.1.2,f92380cdfc16967f1e363800cd9a575e44532f18a86b2f28f8c3e2404ed675e9
mart.timeSeriesMart,Monthly metric mart,8,internPostingCount,INTEGER,False,Intern-including posting count,,False,False,,internPostingCount >= 0,mart.postingAnalysisMart and qa.monthlyCoverageAudit,deterministic transformation for mart.timeSeriesMart under contract 2.1.2,must be non-null; must satisfy internPostingCount >= 0,2.1.2,f92380cdfc16967f1e363800cd9a575e44532f18a86b2f28f8c3e2404ed675e9
mart.timeSeriesMart,Monthly metric mart,9,entryPostingRate,DOUBLE,True,Entry posting rate,,False,False,,,mart.postingAnalysisMart and qa.monthlyCoverageAudit,deterministic transformation for mart.timeSeriesMart under contract 2.1.2,nullable value must preserve source missingness; no sentinel substitution,2.1.2,f92380cdfc16967f1e363800cd9a575e44532f18a86b2f28f8c3e2404ed675e9
mart.timeSeriesMart,Monthly metric mart,10,internPostingRate,DOUBLE,True,Intern posting rate,,False,False,,,mart.postingAnalysisMart and qa.monthlyCoverageAudit,deterministic transformation for mart.timeSeriesMart under contract 2.1.2,nullable value must preserve source missingness; no sentinel substitution,2.1.2,f92380cdfc16967f1e363800cd9a575e44532f18a86b2f28f8c3e2404ed675e9
mart.timeSeriesMart,Monthly metric mart,11,entryOnlyRate,DOUBLE,True,Entry-only posting rate,,False,False,,,mart.postingAnalysisMart and qa.monthlyCoverageAudit,deterministic transformation for mart.timeSeriesMart under contract 2.1.2,nullable value must preserve source missingness; no sentinel substitution,2.1.2,f92380cdfc16967f1e363800cd9a575e44532f18a86b2f28f8c3e2404ed675e9
mart.timeSeriesMart,Monthly metric mart,12,internOnlyRate,DOUBLE,True,Intern-only posting rate,,False,False,,,mart.postingAnalysisMart and qa.monthlyCoverageAudit,deterministic transformation for mart.timeSeriesMart under contract 2.1.2,nullable value must preserve source missingness; no sentinel substitution,2.1.2,f92380cdfc16967f1e363800cd9a575e44532f18a86b2f28f8c3e2404ed675e9
mart.timeSeriesMart,Monthly metric mart,13,mixedRate,DOUBLE,True,Mixed posting rate,,False,False,,,mart.postingAnalysisMart and qa.monthlyCoverageAudit,deterministic transformation for mart.timeSeriesMart under contract 2.1.2,nullable value must preserve source missingness; no sentinel substitution,2.1.2,f92380cdfc16967f1e363800cd9a575e44532f18a86b2f28f8c3e2404ed675e9
mart.timeSeriesMart,Monthly metric mart,14,experiencedOnlyRate,DOUBLE,True,Experienced-only posting rate,,False,False,,,mart.postingAnalysisMart and qa.monthlyCoverageAudit,deterministic transformation for mart.timeSeriesMart under contract 2.1.2,nullable value must preserve source missingness; no sentinel substitution,2.1.2,f92380cdfc16967f1e363800cd9a575e44532f18a86b2f28f8c3e2404ed675e9
mart.timeSeriesMart,Monthly metric mart,15,internRelativeIndex,DOUBLE,True,Log relative prevalence index,,False,False,,,mart.postingAnalysisMart and qa.monthlyCoverageAudit,deterministic transformation for mart.timeSeriesMart under contract 2.1.2,nullable value must preserve source missingness; no sentinel substitution,2.1.2,f92380cdfc16967f1e363800cd9a575e44532f18a86b2f28f8c3e2404ed675e9
mart.timeSeriesMart,Monthly metric mart,16,openEntryShare,DOUBLE,True,E0 among E0 plus E1,,False,False,,,mart.postingAnalysisMart and qa.monthlyCoverageAudit,deterministic transformation for mart.timeSeriesMart under contract 2.1.2,nullable value must preserve source missingness; no sentinel substitution,2.1.2,f92380cdfc16967f1e363800cd9a575e44532f18a86b2f28f8c3e2404ed675e9
mart.timeSeriesMart,Monthly metric mart,17,restrictedEntryShare,DOUBLE,True,E1 among E0 plus E1,,False,False,,,mart.postingAnalysisMart and qa.monthlyCoverageAudit,deterministic transformation for mart.timeSeriesMart under contract 2.1.2,nullable value must preserve source missingness; no sentinel substitution,2.1.2,f92380cdfc16967f1e363800cd9a575e44532f18a86b2f28f8c3e2404ed675e9
mart.timeSeriesMart,Monthly metric mart,18,unknownCareerShare,DOUBLE,True,U among eligible non-intern tracks,,False,False,,,mart.postingAnalysisMart and qa.monthlyCoverageAudit,deterministic transformation for mart.timeSeriesMart under contract 2.1.2,nullable value must preserve source missingness; no sentinel substitution,2.1.2,f92380cdfc16967f1e363800cd9a575e44532f18a86b2f28f8c3e2404ed675e9
mart.timeSeriesMart,Monthly metric mart,19,restrictedInternShare,DOUBLE,True,I1 among I0 plus I1,,False,False,,,mart.postingAnalysisMart and qa.monthlyCoverageAudit,deterministic transformation for mart.timeSeriesMart under contract 2.1.2,nullable value must preserve source missingness; no sentinel substitution,2.1.2,f92380cdfc16967f1e363800cd9a575e44532f18a86b2f28f8c3e2404ed675e9
mart.timeSeriesMart,Monthly metric mart,20,experiencedInternShare,DOUBLE,True,Strict experienced interns among I0 plus I1,,False,False,,,mart.postingAnalysisMart and qa.monthlyCoverageAudit,deterministic transformation for mart.timeSeriesMart under contract 2.1.2,nullable value must preserve source missingness; no sentinel substitution,2.1.2,f92380cdfc16967f1e363800cd9a575e44532f18a86b2f28f8c3e2404ed675e9
mart.timeSeriesMart,Monthly metric mart,21,unknownInternShare,DOUBLE,True,IU among eligible intern tracks,,False,False,,,mart.postingAnalysisMart and qa.monthlyCoverageAudit,deterministic transformation for mart.timeSeriesMart under contract 2.1.2,nullable value must preserve source missingness; no sentinel substitution,2.1.2,f92380cdfc16967f1e363800cd9a575e44532f18a86b2f28f8c3e2404ed675e9
mart.timeSeriesMart,Monthly metric mart,22,advancedDutyShare,DOUBLE,True,NCS level 5 to 8 share among mapped duties,,False,False,,,mart.postingAnalysisMart and qa.monthlyCoverageAudit,deterministic transformation for mart.timeSeriesMart under contract 2.1.2,nullable value must preserve source missingness; no sentinel substitution,2.1.2,f92380cdfc16967f1e363800cd9a575e44532f18a86b2f28f8c3e2404ed675e9
mart.timeSeriesMart,Monthly metric mart,23,ncsMappingCoverage,DOUBLE,True,NCS mapping coverage,,False,False,,,mart.postingAnalysisMart and qa.monthlyCoverageAudit,deterministic transformation for mart.timeSeriesMart under contract 2.1.2,nullable value must preserve source missingness; no sentinel substitution,2.1.2,f92380cdfc16967f1e363800cd9a575e44532f18a86b2f28f8c3e2404ed675e9
mart.timeSeriesMart,Monthly metric mart,24,lowConfidenceNcsShare,DOUBLE,True,Low-confidence share among mapped tracks,,False,False,,,mart.postingAnalysisMart and qa.monthlyCoverageAudit,deterministic transformation for mart.timeSeriesMart under contract 2.1.2,nullable value must preserve source missingness; no sentinel substitution,2.1.2,f92380cdfc16967f1e363800cd9a575e44532f18a86b2f28f8c3e2404ed675e9
mart.timeSeriesMart,Monthly metric mart,25,rq1EligibilityRate,DOUBLE,True,RQ1 eligibility rate,,False,False,,,mart.postingAnalysisMart and qa.monthlyCoverageAudit,deterministic transformation for mart.timeSeriesMart under contract 2.1.2,nullable value must preserve source missingness; no sentinel substitution,2.1.2,f92380cdfc16967f1e363800cd9a575e44532f18a86b2f28f8c3e2404ed675e9
mart.timeSeriesMart,Monthly metric mart,26,rq2EligibilityRate,DOUBLE,True,RQ2 eligibility rate,,False,False,,,mart.postingAnalysisMart and qa.monthlyCoverageAudit,deterministic transformation for mart.timeSeriesMart under contract 2.1.2,nullable value must preserve source missingness; no sentinel substitution,2.1.2,f92380cdfc16967f1e363800cd9a575e44532f18a86b2f28f8c3e2404ed675e9
mart.timeSeriesMart,Monthly metric mart,27,ncsEligibilityRate,DOUBLE,True,NCS eligibility rate,,False,False,,,mart.postingAnalysisMart and qa.monthlyCoverageAudit,deterministic transformation for mart.timeSeriesMart under contract 2.1.2,nullable value must preserve source missingness; no sentinel substitution,2.1.2,f92380cdfc16967f1e363800cd9a575e44532f18a86b2f28f8c3e2404ed675e9
mart.timeSeriesMart,Monthly metric mart,28,externalApplyShare,DOUBLE,True,Share of RQ1 postings with an external apply destination,,False,False,,externalApplyShare IS NULL OR externalApplyShare BETWEEN 0 AND 1,mart.postingAnalysisMart and qa.monthlyCoverageAudit,deterministic transformation for mart.timeSeriesMart under contract 2.1.2,must satisfy externalApplyShare IS NULL OR externalApplyShare BETWEEN 0 AND 1,2.1.2,f92380cdfc16967f1e363800cd9a575e44532f18a86b2f28f8c3e2404ed675e9
mart.timeSeriesMart,Monthly metric mart,29,externalDetailOnlyShare,DOUBLE,True,Share of RQ1 postings whose full detail is external-only,,False,False,,externalDetailOnlyShare IS NULL OR externalDetailOnlyShare BETWEEN 0 AND 1,mart.postingAnalysisMart and qa.monthlyCoverageAudit,deterministic transformation for mart.timeSeriesMart under contract 2.1.2,must satisfy externalDetailOnlyShare IS NULL OR externalDetailOnlyShare BETWEEN 0 AND 1,2.1.2,f92380cdfc16967f1e363800cd9a575e44532f18a86b2f28f8c3e2404ed675e9
mart.timeSeriesMart,Monthly metric mart,30,activityTextAvailabilityRate,DOUBLE,True,ActivityText availability rate,,False,False,,,mart.postingAnalysisMart and qa.monthlyCoverageAudit,deterministic transformation for mart.timeSeriesMart under contract 2.1.2,nullable value must preserve source missingness; no sentinel substitution,2.1.2,f92380cdfc16967f1e363800cd9a575e44532f18a86b2f28f8c3e2404ed675e9
mart.timeSeriesMart,Monthly metric mart,31,jobTypeConflictRate,DOUBLE,True,Job-type conflict rate,,False,False,,,mart.postingAnalysisMart and qa.monthlyCoverageAudit,deterministic transformation for mart.timeSeriesMart under contract 2.1.2,nullable value must preserve source missingness; no sentinel substitution,2.1.2,f92380cdfc16967f1e363800cd9a575e44532f18a86b2f28f8c3e2404ed675e9
mart.timeSeriesMart,Monthly metric mart,32,coverageStatus,VARCHAR,False,Monthly source coverage,complete|partial|insufficient|excluded|unverified,False,False,,,mart.postingAnalysisMart and qa.monthlyCoverageAudit,deterministic transformation for mart.timeSeriesMart under contract 2.1.2,must be non-null; must belong to enum coverageStatus,2.1.2,f92380cdfc16967f1e363800cd9a575e44532f18a86b2f28f8c3e2404ed675e9
mart.timeSeriesMart,Monthly metric mart,33,partialMonthFlag,BOOLEAN,False,Period is an incomplete month,,False,False,,,mart.postingAnalysisMart and qa.monthlyCoverageAudit,deterministic transformation for mart.timeSeriesMart under contract 2.1.2,must be non-null,2.1.2,f92380cdfc16967f1e363800cd9a575e44532f18a86b2f28f8c3e2404ed675e9
mart.timeSeriesMart,Monthly metric mart,34,asOfDate,DATE,False,Data cutoff date,,False,False,,,mart.postingAnalysisMart and qa.monthlyCoverageAudit,deterministic transformation for mart.timeSeriesMart under contract 2.1.2,must be non-null,2.1.2,f92380cdfc16967f1e363800cd9a575e44532f18a86b2f28f8c3e2404ed675e9
mart.timeSeriesMart,Monthly metric mart,35,dataVersion,VARCHAR,False,Data version,,False,False,,,mart.postingAnalysisMart and qa.monthlyCoverageAudit,deterministic transformation for mart.timeSeriesMart under contract 2.1.2,must be non-null,2.1.2,f92380cdfc16967f1e363800cd9a575e44532f18a86b2f28f8c3e2404ed675e9
mart.timeSeriesMart,Monthly metric mart,36,builtAt,TIMESTAMPTZ,False,Mart build timestamp,,False,False,,,mart.postingAnalysisMart and qa.monthlyCoverageAudit,deterministic transformation for mart.timeSeriesMart under contract 2.1.2,must be non-null,2.1.2,f92380cdfc16967f1e363800cd9a575e44532f18a86b2f28f8c3e2404ed675e9
mart.caseStudyRegistry,Manual RQ5 case registry,1,caseId,VARCHAR,False,Case key,,True,False,,,human-reviewed registered cases,deterministic transformation for mart.caseStudyRegistry under contract 2.1.2,non-null and unique within primary key of mart.caseStudyRegistry,2.1.2,f92380cdfc16967f1e363800cd9a575e44532f18a86b2f28f8c3e2404ed675e9
mart.caseStudyRegistry,Manual RQ5 case registry,2,postingId,VARCHAR,False,Posting key,,False,False,,,human-reviewed registered cases,PST_ + sha256(sourceName|sourcePostingId)[:20],must be non-null,2.1.2,f92380cdfc16967f1e363800cd9a575e44532f18a86b2f28f8c3e2404ed675e9
mart.caseStudyRegistry,Manual RQ5 case registry,3,trackId,VARCHAR,True,Track key,,False,False,,,human-reviewed registered cases,TRK_ + sha256(postingId|trackIndex)[:20],nullable value must preserve source missingness; no sentinel substitution,2.1.2,f92380cdfc16967f1e363800cd9a575e44532f18a86b2f28f8c3e2404ed675e9
mart.caseStudyRegistry,Manual RQ5 case registry,4,companyName,VARCHAR,True,Company name,,False,False,,,human-reviewed registered cases,deterministic transformation for mart.caseStudyRegistry under contract 2.1.2,nullable value must preserve source missingness; no sentinel substitution,2.1.2,f92380cdfc16967f1e363800cd9a575e44532f18a86b2f28f8c3e2404ed675e9
mart.caseStudyRegistry,Manual RQ5 case registry,5,selectionReason,VARCHAR,False,Evidence-based selection reason,,False,False,,,human-reviewed registered cases,deterministic transformation for mart.caseStudyRegistry under contract 2.1.2,must be non-null,2.1.2,f92380cdfc16967f1e363800cd9a575e44532f18a86b2f28f8c3e2404ed675e9
mart.caseStudyRegistry,Manual RQ5 case registry,6,evidenceQuote,VARCHAR,True,Short supporting quotation,,False,False,,,human-reviewed registered cases,deterministic transformation for mart.caseStudyRegistry under contract 2.1.2,nullable value must preserve source missingness; no sentinel substitution,2.1.2,f92380cdfc16967f1e363800cd9a575e44532f18a86b2f28f8c3e2404ed675e9
mart.caseStudyRegistry,Manual RQ5 case registry,7,reviewedBy,VARCHAR,False,Human reviewer,,False,False,,,human-reviewed registered cases,deterministic transformation for mart.caseStudyRegistry under contract 2.1.2,must be non-null,2.1.2,f92380cdfc16967f1e363800cd9a575e44532f18a86b2f28f8c3e2404ed675e9
mart.caseStudyRegistry,Manual RQ5 case registry,8,reviewedAt,TIMESTAMPTZ,False,Review timestamp,,False,False,,,human-reviewed registered cases,deterministic transformation for mart.caseStudyRegistry under contract 2.1.2,must be non-null,2.1.2,f92380cdfc16967f1e363800cd9a575e44532f18a86b2f28f8c3e2404ed675e9
mart.similarityPair,Optional RQ3 similarity result,1,pairId,VARCHAR,False,Pair key,,True,False,,,registered auxiliary similarity analysis,deterministic transformation for mart.similarityPair under contract 2.1.2,non-null and unique within primary key of mart.similarityPair,2.1.2,f92380cdfc16967f1e363800cd9a575e44532f18a86b2f28f8c3e2404ed675e9
mart.similarityPair,Optional RQ3 similarity result,2,internTrackId,VARCHAR,False,Intern track,,False,False,,,registered auxiliary similarity analysis,deterministic transformation for mart.similarityPair under contract 2.1.2,must be non-null,2.1.2,f92380cdfc16967f1e363800cd9a575e44532f18a86b2f28f8c3e2404ed675e9
mart.similarityPair,Optional RQ3 similarity result,3,comparisonTrackId,VARCHAR,False,Entry or experienced track,,False,False,,,registered auxiliary similarity analysis,deterministic transformation for mart.similarityPair under contract 2.1.2,must be non-null,2.1.2,f92380cdfc16967f1e363800cd9a575e44532f18a86b2f28f8c3e2404ed675e9
mart.similarityPair,Optional RQ3 similarity result,4,comparisonType,VARCHAR,False,Comparison class,entry|experienced,False,False,,,registered auxiliary similarity analysis,deterministic transformation for mart.similarityPair under contract 2.1.2,must be non-null; must belong to the inline enum,2.1.2,f92380cdfc16967f1e363800cd9a575e44532f18a86b2f28f8c3e2404ed675e9
mart.similarityPair,Optional RQ3 similarity result,5,ncsSubCode,VARCHAR,True,Matched NCS subclass,,False,False,,,registered auxiliary similarity analysis,deterministic transformation for mart.similarityPair under contract 2.1.2,nullable value must preserve source missingness; no sentinel substitution,2.1.2,f92380cdfc16967f1e363800cd9a575e44532f18a86b2f28f8c3e2404ed675e9
mart.similarityPair,Optional RQ3 similarity result,6,yearGap,SMALLINT,True,Absolute year gap,,False,False,,yearGap IS NULL OR yearGap BETWEEN 0 AND 1,registered auxiliary similarity analysis,deterministic transformation for mart.similarityPair under contract 2.1.2,must satisfy yearGap IS NULL OR yearGap BETWEEN 0 AND 1,2.1.2,f92380cdfc16967f1e363800cd9a575e44532f18a86b2f28f8c3e2404ed675e9
mart.similarityPair,Optional RQ3 similarity result,7,qualificationSimilarity,DOUBLE,True,Qualification similarity,,False,False,,,registered auxiliary similarity analysis,deterministic transformation for mart.similarityPair under contract 2.1.2,nullable value must preserve source missingness; no sentinel substitution,2.1.2,f92380cdfc16967f1e363800cd9a575e44532f18a86b2f28f8c3e2404ed675e9
mart.similarityPair,Optional RQ3 similarity result,8,dutySimilarity,DOUBLE,True,Duty similarity,,False,False,,,registered auxiliary similarity analysis,deterministic transformation for mart.similarityPair under contract 2.1.2,nullable value must preserve source missingness; no sentinel substitution,2.1.2,f92380cdfc16967f1e363800cd9a575e44532f18a86b2f28f8c3e2404ed675e9
mart.similarityPair,Optional RQ3 similarity result,9,embeddingModel,VARCHAR,False,Embedding model,,False,False,,,registered auxiliary similarity analysis,deterministic transformation for mart.similarityPair under contract 2.1.2,must be non-null,2.1.2,f92380cdfc16967f1e363800cd9a575e44532f18a86b2f28f8c3e2404ed675e9
mart.similarityPair,Optional RQ3 similarity result,10,auxVersion,VARCHAR,False,Auxiliary analysis version,,False,False,,,registered auxiliary similarity analysis,deterministic transformation for mart.similarityPair under contract 2.1.2,must be non-null,2.1.2,f92380cdfc16967f1e363800cd9a575e44532f18a86b2f28f8c3e2404ed675e9
qa.monthlyCoverageAudit,Monthly collection and OCR coverage audit,1,periodMonth,DATE,False,First day of month,,True,False,,,Agent 1 crawl release manifests and coverage audits,deterministic transformation for qa.monthlyCoverageAudit under contract 2.1.2,non-null and unique within primary key of qa.monthlyCoverageAudit,2.1.2,f92380cdfc16967f1e363800cd9a575e44532f18a86b2f28f8c3e2404ed675e9
qa.monthlyCoverageAudit,Monthly collection and OCR coverage audit,2,sourceName,VARCHAR,False,Source name,,True,False,,,Agent 1 crawl release manifests and coverage audits,deterministic transformation for qa.monthlyCoverageAudit under contract 2.1.2,non-null and unique within primary key of qa.monthlyCoverageAudit,2.1.2,f92380cdfc16967f1e363800cd9a575e44532f18a86b2f28f8c3e2404ed675e9
qa.monthlyCoverageAudit,Monthly collection and OCR coverage audit,3,discoveredCount,INTEGER,False,Discovered candidate count,,False,False,,discoveredCount >= 0,Agent 1 crawl release manifests and coverage audits,deterministic transformation for qa.monthlyCoverageAudit under contract 2.1.2,must be non-null; must satisfy discoveredCount >= 0,2.1.2,f92380cdfc16967f1e363800cd9a575e44532f18a86b2f28f8c3e2404ed675e9
qa.monthlyCoverageAudit,Monthly collection and OCR coverage audit,4,fetchedCount,INTEGER,False,Fetched count,,False,False,,fetchedCount >= 0,Agent 1 crawl release manifests and coverage audits,deterministic transformation for qa.monthlyCoverageAudit under contract 2.1.2,must be non-null; must satisfy fetchedCount >= 0,2.1.2,f92380cdfc16967f1e363800cd9a575e44532f18a86b2f28f8c3e2404ed675e9
qa.monthlyCoverageAudit,Monthly collection and OCR coverage audit,5,aliveCount,INTEGER,False,Live detail count,,False,False,,aliveCount >= 0,Agent 1 crawl release manifests and coverage audits,deterministic transformation for qa.monthlyCoverageAudit under contract 2.1.2,must be non-null; must satisfy aliveCount >= 0,2.1.2,f92380cdfc16967f1e363800cd9a575e44532f18a86b2f28f8c3e2404ed675e9
qa.monthlyCoverageAudit,Monthly collection and OCR coverage audit,6,deadCount,INTEGER,False,Deleted detail count,,False,False,,deadCount >= 0,Agent 1 crawl release manifests and coverage audits,deterministic transformation for qa.monthlyCoverageAudit under contract 2.1.2,must be non-null; must satisfy deadCount >= 0,2.1.2,f92380cdfc16967f1e363800cd9a575e44532f18a86b2f28f8c3e2404ed675e9
qa.monthlyCoverageAudit,Monthly collection and OCR coverage audit,7,parsedCount,INTEGER,False,Parsed count,,False,False,,parsedCount >= 0,Agent 1 crawl release manifests and coverage audits,deterministic transformation for qa.monthlyCoverageAudit under contract 2.1.2,must be non-null; must satisfy parsedCount >= 0,2.1.2,f92380cdfc16967f1e363800cd9a575e44532f18a86b2f28f8c3e2404ed675e9
qa.monthlyCoverageAudit,Monthly collection and OCR coverage audit,8,validPostingCount,INTEGER,False,Eligible posting count,,False,False,,validPostingCount >= 0,Agent 1 crawl release manifests and coverage audits,deterministic transformation for qa.monthlyCoverageAudit under contract 2.1.2,must be non-null; must satisfy validPostingCount >= 0,2.1.2,f92380cdfc16967f1e363800cd9a575e44532f18a86b2f28f8c3e2404ed675e9
qa.monthlyCoverageAudit,Monthly collection and OCR coverage audit,9,imageOnlyShare,DOUBLE,True,Image-only posting share,,False,False,,,Agent 1 crawl release manifests and coverage audits,deterministic transformation for qa.monthlyCoverageAudit under contract 2.1.2,nullable value must preserve source missingness; no sentinel substitution,2.1.2,f92380cdfc16967f1e363800cd9a575e44532f18a86b2f28f8c3e2404ed675e9
qa.monthlyCoverageAudit,Monthly collection and OCR coverage audit,10,ocrAttemptCount,INTEGER,False,OCR attempts,,False,False,0,ocrAttemptCount >= 0,Agent 1 crawl release manifests and coverage audits,deterministic transformation for qa.monthlyCoverageAudit under contract 2.1.2,must be non-null; must satisfy ocrAttemptCount >= 0,2.1.2,f92380cdfc16967f1e363800cd9a575e44532f18a86b2f28f8c3e2404ed675e9
qa.monthlyCoverageAudit,Monthly collection and OCR coverage audit,11,ocrSuccessCount,INTEGER,False,Successful OCR results,,False,False,0,ocrSuccessCount >= 0,Agent 1 crawl release manifests and coverage audits,deterministic transformation for qa.monthlyCoverageAudit under contract 2.1.2,must be non-null; must satisfy ocrSuccessCount >= 0,2.1.2,f92380cdfc16967f1e363800cd9a575e44532f18a86b2f28f8c3e2404ed675e9
qa.monthlyCoverageAudit,Monthly collection and OCR coverage audit,12,ocrSuccessRate,DOUBLE,True,OCR success rate,,False,False,,,Agent 1 crawl release manifests and coverage audits,deterministic transformation for qa.monthlyCoverageAudit under contract 2.1.2,nullable value must preserve source missingness; no sentinel substitution,2.1.2,f92380cdfc16967f1e363800cd9a575e44532f18a86b2f28f8c3e2404ed675e9
qa.monthlyCoverageAudit,Monthly collection and OCR coverage audit,13,survivalRate,DOUBLE,True,Detail-page survival rate,,False,False,,,Agent 1 crawl release manifests and coverage audits,deterministic transformation for qa.monthlyCoverageAudit under contract 2.1.2,nullable value must preserve source missingness; no sentinel substitution,2.1.2,f92380cdfc16967f1e363800cd9a575e44532f18a86b2f28f8c3e2404ed675e9
qa.monthlyCoverageAudit,Monthly collection and OCR coverage audit,14,coverageStatus,VARCHAR,False,Coverage status,complete|partial|insufficient|excluded|unverified,False,False,,,Agent 1 crawl release manifests and coverage audits,deterministic transformation for qa.monthlyCoverageAudit under contract 2.1.2,must be non-null; must belong to enum coverageStatus,2.1.2,f92380cdfc16967f1e363800cd9a575e44532f18a86b2f28f8c3e2404ed675e9
qa.monthlyCoverageAudit,Monthly collection and OCR coverage audit,15,coverageReason,VARCHAR,False,Primary reason for the monthly coverage status,completeObserved|partialMonth|platformPreLaunch|historicalLoss|paginationUnverified|sourceChange|policyBlocked|other|unverified,False,False,,,Agent 1 crawl release manifests and coverage audits,deterministic transformation for qa.monthlyCoverageAudit under contract 2.1.2,must be non-null; must belong to enum coverageReason,2.1.2,f92380cdfc16967f1e363800cd9a575e44532f18a86b2f28f8c3e2404ed675e9
qa.monthlyCoverageAudit,Monthly collection and OCR coverage audit,16,platformCoverageRegime,VARCHAR,False,Observed platform-service maturity regime,preStableRecruitService|stableRecruitService|sourceDesignChange|unknown,False,False,,,Agent 1 crawl release manifests and coverage audits,deterministic transformation for qa.monthlyCoverageAudit under contract 2.1.2,must be non-null; must belong to enum platformCoverageRegime,2.1.2,f92380cdfc16967f1e363800cd9a575e44532f18a86b2f28f8c3e2404ed675e9
qa.monthlyCoverageAudit,Monthly collection and OCR coverage audit,17,auditNote,VARCHAR,True,Coverage caveat,,False,False,,,Agent 1 crawl release manifests and coverage audits,deterministic transformation for qa.monthlyCoverageAudit under contract 2.1.2,nullable value must preserve source missingness; no sentinel substitution,2.1.2,f92380cdfc16967f1e363800cd9a575e44532f18a86b2f28f8c3e2404ed675e9
qa.monthlyCoverageAudit,Monthly collection and OCR coverage audit,18,auditVersion,VARCHAR,False,Audit version,,True,False,,,Agent 1 crawl release manifests and coverage audits,deterministic transformation for qa.monthlyCoverageAudit under contract 2.1.2,non-null and unique within primary key of qa.monthlyCoverageAudit,2.1.2,f92380cdfc16967f1e363800cd9a575e44532f18a86b2f28f8c3e2404ed675e9
qa.monthlyCoverageAudit,Monthly collection and OCR coverage audit,19,auditedAt,TIMESTAMPTZ,False,Audit timestamp,,False,False,,,Agent 1 crawl release manifests and coverage audits,deterministic transformation for qa.monthlyCoverageAudit under contract 2.1.2,must be non-null,2.1.2,f92380cdfc16967f1e363800cd9a575e44532f18a86b2f28f8c3e2404ed675e9
qa.sourcePolicyAudit,Versioned source-policy evidence used by the collection gate,1,sourceName,VARCHAR,False,Registered source name,,True,False,,,"robots, terms, client-verification, and human-review evidence",versioned evidence assertion reviewed under SOURCE_POLICY_GATE,non-null and unique within primary key of qa.sourcePolicyAudit,2.1.2,f92380cdfc16967f1e363800cd9a575e44532f18a86b2f28f8c3e2404ed675e9
qa.sourcePolicyAudit,Versioned source-policy evidence used by the collection gate,2,policyVersion,VARCHAR,False,Policy evidence version,,True,False,,,"robots, terms, client-verification, and human-review evidence",versioned evidence assertion reviewed under SOURCE_POLICY_GATE,non-null and unique within primary key of qa.sourcePolicyAudit,2.1.2,f92380cdfc16967f1e363800cd9a575e44532f18a86b2f28f8c3e2404ed675e9
qa.sourcePolicyAudit,Versioned source-policy evidence used by the collection gate,3,robotsStatus,VARCHAR,False,Robots review status,allowed|restricted|notApplicable|unverified,False,False,,,"robots, terms, client-verification, and human-review evidence",versioned evidence assertion reviewed under SOURCE_POLICY_GATE,must be non-null; must belong to enum robotsStatus,2.1.2,f92380cdfc16967f1e363800cd9a575e44532f18a86b2f28f8c3e2404ed675e9
qa.sourcePolicyAudit,Versioned source-policy evidence used by the collection gate,4,termsStatus,VARCHAR,False,Terms review status,reviewedConditional|permissionGranted|permitted|restricted|unverified,False,False,,,"robots, terms, client-verification, and human-review evidence",versioned evidence assertion reviewed under SOURCE_POLICY_GATE,must be non-null; must belong to enum termsStatus,2.1.2,f92380cdfc16967f1e363800cd9a575e44532f18a86b2f28f8c3e2404ed675e9
qa.sourcePolicyAudit,Versioned source-policy evidence used by the collection gate,5,clientAccessMode,VARCHAR,False,Client mode required for successful access,transparentHttp|documentedBrowser|impersonatedOnly|unverified,False,False,,,"robots, terms, client-verification, and human-review evidence",versioned evidence assertion reviewed under SOURCE_POLICY_GATE,must be non-null; must belong to enum clientAccessMode,2.1.2,f92380cdfc16967f1e363800cd9a575e44532f18a86b2f28f8c3e2404ed675e9
qa.sourcePolicyAudit,Versioned source-policy evidence used by the collection gate,6,transparentClientVerified,BOOLEAN,False,Declared non-impersonated client reproduced production request form,,False,False,False,,"robots, terms, client-verification, and human-review evidence",versioned evidence assertion reviewed under SOURCE_POLICY_GATE,must be non-null,2.1.2,f92380cdfc16967f1e363800cd9a575e44532f18a86b2f28f8c3e2404ed675e9
qa.sourcePolicyAudit,Versioned source-policy evidence used by the collection gate,7,collectionBlocked,BOOLEAN,False,Collection is administratively or technically blocked,,False,False,False,,"robots, terms, client-verification, and human-review evidence",versioned evidence assertion reviewed under SOURCE_POLICY_GATE,must be non-null,2.1.2,f92380cdfc16967f1e363800cd9a575e44532f18a86b2f28f8c3e2404ed675e9
qa.sourcePolicyAudit,Versioned source-policy evidence used by the collection gate,8,verifiedAt,TIMESTAMPTZ,False,Policy and access verification timestamp,,False,False,,,"robots, terms, client-verification, and human-review evidence",versioned evidence assertion reviewed under SOURCE_POLICY_GATE,must be non-null,2.1.2,f92380cdfc16967f1e363800cd9a575e44532f18a86b2f28f8c3e2404ed675e9
qa.sourcePolicyAudit,Versioned source-policy evidence used by the collection gate,9,reviewerStatus,VARCHAR,False,Human review disposition,pending|reviewed|approved|rejected,False,False,,,"robots, terms, client-verification, and human-review evidence",versioned evidence assertion reviewed under SOURCE_POLICY_GATE,must be non-null; must belong to enum reviewerStatus,2.1.2,f92380cdfc16967f1e363800cd9a575e44532f18a86b2f28f8c3e2404ed675e9
qa.sourcePolicyAudit,Versioned source-policy evidence used by the collection gate,10,evidenceSha256,VARCHAR,False,SHA-256 of the policy evidence bundle,,False,False,,length(evidenceSha256) = 64,"robots, terms, client-verification, and human-review evidence",versioned evidence assertion reviewed under SOURCE_POLICY_GATE,must be non-null; must satisfy length(evidenceSha256) = 64,2.1.2,f92380cdfc16967f1e363800cd9a575e44532f18a86b2f28f8c3e2404ed675e9
qa.sourcePolicyAudit,Versioned source-policy evidence used by the collection gate,11,policyNote,VARCHAR,True,Scope limits and unresolved policy notes,,False,False,,,"robots, terms, client-verification, and human-review evidence",versioned evidence assertion reviewed under SOURCE_POLICY_GATE,nullable value must preserve source missingness; no sentinel substitution,2.1.2,f92380cdfc16967f1e363800cd9a575e44532f18a86b2f28f8c3e2404ed675e9
qa.goldSample,Human-labeled evaluation sample,1,goldId,VARCHAR,False,Gold sample key,,True,False,,,human annotation workflow,deterministic transformation for qa.goldSample under contract 2.1.2,non-null and unique within primary key of qa.goldSample,2.1.2,f92380cdfc16967f1e363800cd9a575e44532f18a86b2f28f8c3e2404ed675e9
qa.goldSample,Human-labeled evaluation sample,2,goldSetName,VARCHAR,False,Gold set name,,False,False,,,human annotation workflow,deterministic transformation for qa.goldSample under contract 2.1.2,must be non-null,2.1.2,f92380cdfc16967f1e363800cd9a575e44532f18a86b2f28f8c3e2404ed675e9
qa.goldSample,Human-labeled evaluation sample,3,targetType,VARCHAR,False,Evaluated task,,False,False,,,human annotation workflow,deterministic transformation for qa.goldSample under contract 2.1.2,must be non-null,2.1.2,f92380cdfc16967f1e363800cd9a575e44532f18a86b2f28f8c3e2404ed675e9
qa.goldSample,Human-labeled evaluation sample,4,postingId,VARCHAR,False,Posting key,,False,False,,,human annotation workflow,PST_ + sha256(sourceName|sourcePostingId)[:20],must be non-null,2.1.2,f92380cdfc16967f1e363800cd9a575e44532f18a86b2f28f8c3e2404ed675e9
qa.goldSample,Human-labeled evaluation sample,5,trackId,VARCHAR,True,Track key,,False,False,,,human annotation workflow,TRK_ + sha256(postingId|trackIndex)[:20],nullable value must preserve source missingness; no sentinel substitution,2.1.2,f92380cdfc16967f1e363800cd9a575e44532f18a86b2f28f8c3e2404ed675e9
qa.goldSample,Human-labeled evaluation sample,6,goldValue,VARCHAR,False,Adjudicated label,,False,False,,,human annotation workflow,deterministic transformation for qa.goldSample under contract 2.1.2,must be non-null,2.1.2,f92380cdfc16967f1e363800cd9a575e44532f18a86b2f28f8c3e2404ed675e9
qa.goldSample,Human-labeled evaluation sample,7,annotator,VARCHAR,False,Primary annotator,,False,False,,,human annotation workflow,deterministic transformation for qa.goldSample under contract 2.1.2,must be non-null,2.1.2,f92380cdfc16967f1e363800cd9a575e44532f18a86b2f28f8c3e2404ed675e9
qa.goldSample,Human-labeled evaluation sample,8,doubleCodedFlag,BOOLEAN,False,Double-coded indicator,,False,False,False,,human annotation workflow,deterministic transformation for qa.goldSample under contract 2.1.2,must be non-null,2.1.2,f92380cdfc16967f1e363800cd9a575e44532f18a86b2f28f8c3e2404ed675e9
qa.goldSample,Human-labeled evaluation sample,9,evidenceText,VARCHAR,True,Label evidence,,False,False,,,human annotation workflow,deterministic transformation for qa.goldSample under contract 2.1.2,nullable value must preserve source missingness; no sentinel substitution,2.1.2,f92380cdfc16967f1e363800cd9a575e44532f18a86b2f28f8c3e2404ed675e9
qa.goldSample,Human-labeled evaluation sample,10,goldVersion,VARCHAR,False,Gold version,,False,False,,,human annotation workflow,deterministic transformation for qa.goldSample under contract 2.1.2,must be non-null,2.1.2,f92380cdfc16967f1e363800cd9a575e44532f18a86b2f28f8c3e2404ed675e9
qa.goldSample,Human-labeled evaluation sample,11,labeledAt,TIMESTAMPTZ,False,Label timestamp,,False,False,,,human annotation workflow,deterministic transformation for qa.goldSample under contract 2.1.2,must be non-null,2.1.2,f92380cdfc16967f1e363800cd9a575e44532f18a86b2f28f8c3e2404ed675e9
qa.evalRun,Quality-gate evaluation run,1,evalRunId,VARCHAR,False,Evaluation run key,,True,False,,,registered quality evaluation run,deterministic transformation for qa.evalRun under contract 2.1.2,non-null and unique within primary key of qa.evalRun,2.1.2,f92380cdfc16967f1e363800cd9a575e44532f18a86b2f28f8c3e2404ed675e9
qa.evalRun,Quality-gate evaluation run,2,targetType,VARCHAR,False,Evaluated target,,False,False,,,registered quality evaluation run,deterministic transformation for qa.evalRun under contract 2.1.2,must be non-null,2.1.2,f92380cdfc16967f1e363800cd9a575e44532f18a86b2f28f8c3e2404ed675e9
qa.evalRun,Quality-gate evaluation run,3,goldSetName,VARCHAR,False,Gold set name,,False,False,,,registered quality evaluation run,deterministic transformation for qa.evalRun under contract 2.1.2,must be non-null,2.1.2,f92380cdfc16967f1e363800cd9a575e44532f18a86b2f28f8c3e2404ed675e9
qa.evalRun,Quality-gate evaluation run,4,predictorVersion,VARCHAR,False,Evaluated predictor version,,False,False,,,registered quality evaluation run,deterministic transformation for qa.evalRun under contract 2.1.2,must be non-null,2.1.2,f92380cdfc16967f1e363800cd9a575e44532f18a86b2f28f8c3e2404ed675e9
qa.evalRun,Quality-gate evaluation run,5,sampleCount,INTEGER,False,Evaluation sample count,,False,False,,sampleCount >= 0,registered quality evaluation run,deterministic transformation for qa.evalRun under contract 2.1.2,must be non-null; must satisfy sampleCount >= 0,2.1.2,f92380cdfc16967f1e363800cd9a575e44532f18a86b2f28f8c3e2404ed675e9
qa.evalRun,Quality-gate evaluation run,6,macroF1,DOUBLE,True,Macro F1,,False,False,,,registered quality evaluation run,deterministic transformation for qa.evalRun under contract 2.1.2,nullable value must preserve source missingness; no sentinel substitution,2.1.2,f92380cdfc16967f1e363800cd9a575e44532f18a86b2f28f8c3e2404ed675e9
qa.evalRun,Quality-gate evaluation run,7,precisionE0,DOUBLE,True,E0 precision,,False,False,,,registered quality evaluation run,deterministic transformation for qa.evalRun under contract 2.1.2,nullable value must preserve source missingness; no sentinel substitution,2.1.2,f92380cdfc16967f1e363800cd9a575e44532f18a86b2f28f8c3e2404ed675e9
qa.evalRun,Quality-gate evaluation run,8,boundaryPrecision,DOUBLE,True,Boundary precision,,False,False,,,registered quality evaluation run,deterministic transformation for qa.evalRun under contract 2.1.2,nullable value must preserve source missingness; no sentinel substitution,2.1.2,f92380cdfc16967f1e363800cd9a575e44532f18a86b2f28f8c3e2404ed675e9
qa.evalRun,Quality-gate evaluation run,9,mappingPrecision,DOUBLE,True,NCS mapping precision,,False,False,,,registered quality evaluation run,deterministic transformation for qa.evalRun under contract 2.1.2,nullable value must preserve source missingness; no sentinel substitution,2.1.2,f92380cdfc16967f1e363800cd9a575e44532f18a86b2f28f8c3e2404ed675e9
qa.evalRun,Quality-gate evaluation run,10,mappingCoverage,DOUBLE,True,NCS mapping coverage,,False,False,,,registered quality evaluation run,deterministic transformation for qa.evalRun under contract 2.1.2,nullable value must preserve source missingness; no sentinel substitution,2.1.2,f92380cdfc16967f1e363800cd9a575e44532f18a86b2f28f8c3e2404ed675e9
qa.evalRun,Quality-gate evaluation run,11,lowConfidenceShare,DOUBLE,True,Low-confidence share,,False,False,,,registered quality evaluation run,deterministic transformation for qa.evalRun under contract 2.1.2,nullable value must preserve source missingness; no sentinel substitution,2.1.2,f92380cdfc16967f1e363800cd9a575e44532f18a86b2f28f8c3e2404ed675e9
qa.evalRun,Quality-gate evaluation run,12,passedGate,BOOLEAN,False,Gate pass result,,False,False,,,registered quality evaluation run,deterministic transformation for qa.evalRun under contract 2.1.2,must be non-null,2.1.2,f92380cdfc16967f1e363800cd9a575e44532f18a86b2f28f8c3e2404ed675e9
qa.evalRun,Quality-gate evaluation run,13,ranAt,TIMESTAMPTZ,False,Evaluation timestamp,,False,False,,,registered quality evaluation run,deterministic transformation for qa.evalRun under contract 2.1.2,must be non-null,2.1.2,f92380cdfc16967f1e363800cd9a575e44532f18a86b2f28f8c3e2404ed675e9
qa.resultManifest,Reproducibility manifest for every reported result,1,metricId,VARCHAR,False,Result key,,True,False,,,published analysis output lineage,deterministic transformation for qa.resultManifest under contract 2.1.2,non-null and unique within primary key of qa.resultManifest,2.1.2,f92380cdfc16967f1e363800cd9a575e44532f18a86b2f28f8c3e2404ed675e9
qa.resultManifest,Reproducibility manifest for every reported result,2,metricName,VARCHAR,False,Registered metric name,,False,False,,,published analysis output lineage,deterministic transformation for qa.resultManifest under contract 2.1.2,must be non-null,2.1.2,f92380cdfc16967f1e363800cd9a575e44532f18a86b2f28f8c3e2404ed675e9
qa.resultManifest,Reproducibility manifest for every reported result,3,metricScope,VARCHAR,False,Monthly yearly YTD segment or model,,False,False,,,published analysis output lineage,deterministic transformation for qa.resultManifest under contract 2.1.2,must be non-null,2.1.2,f92380cdfc16967f1e363800cd9a575e44532f18a86b2f28f8c3e2404ed675e9
qa.resultManifest,Reproducibility manifest for every reported result,4,cohortType,VARCHAR,False,Analysis cohort,coreAiIt|allJobs,False,False,,,published analysis output lineage,deterministic transformation for qa.resultManifest under contract 2.1.2,must be non-null; must belong to enum cohortType,2.1.2,f92380cdfc16967f1e363800cd9a575e44532f18a86b2f28f8c3e2404ed675e9
qa.resultManifest,Reproducibility manifest for every reported result,5,periodLabel,VARCHAR,False,Human-readable period,,False,False,,,published analysis output lineage,deterministic transformation for qa.resultManifest under contract 2.1.2,must be non-null,2.1.2,f92380cdfc16967f1e363800cd9a575e44532f18a86b2f28f8c3e2404ed675e9
qa.resultManifest,Reproducibility manifest for every reported result,6,jobCode,VARCHAR,True,Job code,,False,False,,,published analysis output lineage,deterministic transformation for qa.resultManifest under contract 2.1.2,nullable value must preserve source missingness; no sentinel substitution,2.1.2,f92380cdfc16967f1e363800cd9a575e44532f18a86b2f28f8c3e2404ed675e9
qa.resultManifest,Reproducibility manifest for every reported result,7,metricValue,DOUBLE,True,Numeric result,,False,False,,,published analysis output lineage,deterministic transformation for qa.resultManifest under contract 2.1.2,nullable value must preserve source missingness; no sentinel substitution,2.1.2,f92380cdfc16967f1e363800cd9a575e44532f18a86b2f28f8c3e2404ed675e9
qa.resultManifest,Reproducibility manifest for every reported result,8,denominatorCount,INTEGER,True,Metric denominator,,False,False,,,published analysis output lineage,deterministic transformation for qa.resultManifest under contract 2.1.2,nullable value must preserve source missingness; no sentinel substitution,2.1.2,f92380cdfc16967f1e363800cd9a575e44532f18a86b2f28f8c3e2404ed675e9
qa.resultManifest,Reproducibility manifest for every reported result,9,dedupApplied,BOOLEAN,False,Dedup setting,,False,False,,,published analysis output lineage,deterministic transformation for qa.resultManifest under contract 2.1.2,must be non-null,2.1.2,f92380cdfc16967f1e363800cd9a575e44532f18a86b2f28f8c3e2404ed675e9
qa.resultManifest,Reproducibility manifest for every reported result,10,scriptPath,VARCHAR,False,Producing code path,,False,False,,,published analysis output lineage,deterministic transformation for qa.resultManifest under contract 2.1.2,must be non-null,2.1.2,f92380cdfc16967f1e363800cd9a575e44532f18a86b2f28f8c3e2404ed675e9
qa.resultManifest,Reproducibility manifest for every reported result,11,scriptGitSha,VARCHAR,False,Code monorepo commit,,False,False,,,published analysis output lineage,deterministic transformation for qa.resultManifest under contract 2.1.2,must be non-null,2.1.2,f92380cdfc16967f1e363800cd9a575e44532f18a86b2f28f8c3e2404ed675e9
qa.resultManifest,Reproducibility manifest for every reported result,12,inputMartSha256,VARCHAR,False,Input mart SHA-256,,False,False,,length(inputMartSha256) = 64,published analysis output lineage,deterministic transformation for qa.resultManifest under contract 2.1.2,must be non-null; must satisfy length(inputMartSha256) = 64,2.1.2,f92380cdfc16967f1e363800cd9a575e44532f18a86b2f28f8c3e2404ed675e9
qa.resultManifest,Reproducibility manifest for every reported result,13,dataVersion,VARCHAR,False,Data version,,False,False,,,published analysis output lineage,deterministic transformation for qa.resultManifest under contract 2.1.2,must be non-null,2.1.2,f92380cdfc16967f1e363800cd9a575e44532f18a86b2f28f8c3e2404ed675e9
qa.resultManifest,Reproducibility manifest for every reported result,14,computedAt,TIMESTAMPTZ,False,Computation timestamp,,False,False,,,published analysis output lineage,deterministic transformation for qa.resultManifest under contract 2.1.2,must be non-null,2.1.2,f92380cdfc16967f1e363800cd9a575e44532f18a86b2f28f8c3e2404ed675e9
qa.decisionLog,Versioned project decision log,1,decisionId,VARCHAR,False,Stable decision key,,True,False,,,user and control-plane decisions,deterministic transformation for qa.decisionLog under contract 2.1.2,non-null and unique within primary key of qa.decisionLog,2.1.2,f92380cdfc16967f1e363800cd9a575e44532f18a86b2f28f8c3e2404ed675e9
qa.decisionLog,Versioned project decision log,2,decidedAt,TIMESTAMPTZ,False,Decision timestamp,,False,False,,,user and control-plane decisions,deterministic transformation for qa.decisionLog under contract 2.1.2,must be non-null,2.1.2,f92380cdfc16967f1e363800cd9a575e44532f18a86b2f28f8c3e2404ed675e9
qa.decisionLog,Versioned project decision log,3,phase,VARCHAR,False,Project phase,,False,False,,,user and control-plane decisions,deterministic transformation for qa.decisionLog under contract 2.1.2,must be non-null,2.1.2,f92380cdfc16967f1e363800cd9a575e44532f18a86b2f28f8c3e2404ed675e9
qa.decisionLog,Versioned project decision log,4,topic,VARCHAR,False,Decision topic,,False,False,,,user and control-plane decisions,deterministic transformation for qa.decisionLog under contract 2.1.2,must be non-null,2.1.2,f92380cdfc16967f1e363800cd9a575e44532f18a86b2f28f8c3e2404ed675e9
qa.decisionLog,Versioned project decision log,5,decision,VARCHAR,False,Decision text,,False,False,,,user and control-plane decisions,deterministic transformation for qa.decisionLog under contract 2.1.2,must be non-null,2.1.2,f92380cdfc16967f1e363800cd9a575e44532f18a86b2f28f8c3e2404ed675e9
qa.decisionLog,Versioned project decision log,6,rationale,VARCHAR,False,Rationale,,False,False,,,user and control-plane decisions,deterministic transformation for qa.decisionLog under contract 2.1.2,must be non-null,2.1.2,f92380cdfc16967f1e363800cd9a575e44532f18a86b2f28f8c3e2404ed675e9
qa.decisionLog,Versioned project decision log,7,supersedes,VARCHAR,True,Superseded decision key,,False,False,,,user and control-plane decisions,deterministic transformation for qa.decisionLog under contract 2.1.2,nullable value must preserve source missingness; no sentinel substitution,2.1.2,f92380cdfc16967f1e363800cd9a575e44532f18a86b2f28f8c3e2404ed675e9
qa.decisionLog,Versioned project decision log,8,decidedBy,VARCHAR,False,Decision authority,,False,False,,,user and control-plane decisions,deterministic transformation for qa.decisionLog under contract 2.1.2,must be non-null,2.1.2,f92380cdfc16967f1e363800cd9a575e44532f18a86b2f28f8c3e2404ed675e9
qa.decisionLog,Versioned project decision log,9,ssotSection,VARCHAR,True,Updated SSOT section,,False,False,,,user and control-plane decisions,deterministic transformation for qa.decisionLog under contract 2.1.2,nullable value must preserve source missingness; no sentinel substitution,2.1.2,f92380cdfc16967f1e363800cd9a575e44532f18a86b2f28f8c3e2404ed675e9
